# Apple ModelIO OBJ File: Fulcalaveraunrapped
mtllib Fulcalaveraunrapped.mtl
g MDL_OBJ_CBMaterial
v 8.45497 -11.5069 2.49814
v 7.43625 -5.98568 2.13869
v 2.38281 -6.13354 4.16168
v 1.55053 -11.3126 4.90067
v 6.93561 -0.806271 2.07151
v 3.14069 -0.956777 3.50027
v 8.79671 4.1471 1.9085
v 4.46646 4.37211 3.54913
v 10.0778 7.17951 1.61507
v 5.80772 8.31232 3.03895
v 4.7684e-06 -1.00483 3.75395
v 4.7684e-06 -6.19661 4.27612
v 3.51973 12.0047 3.24062
v 3.49457 14.0421 3.31845
v 4.7684e-06 10.1658 3.79667
v 4.7684e-06 9.30498 4.20865
v 5.25993 13.3814 -1.77313
v 4.57054 15.1565 -1.99826
v 4.7684e-06 4.27663 3.75814
v 7.64759 12.0446 1.45488
v 11.0637 6.72073 1.31446
v 12.1198 10.3881 0.177497
v 11.6789 10.6668 0.168911
v 4.7684e-06 -11.4203 5.00499
v 2.71691 11.5719 1.15433
v 4.7684e-06 10.2931 2.97767
v 0.961644 12.4589 -1.11808
v 4.7684e-06 12.3812 -0.676504
v 8.12293 12.3552 -1.64427
v 2.84184 13.093 -5.5682
v 4.7684e-06 15.159 -5.79654
v 6.68157 12.2247 -4.77013
v 3.02711 12.5709 -2.08865
v 0.956845 12.6367 -2.10053
v 4.7684e-06 12.8998 -4.23809
v 4.7684e-06 12.6393 -2.53939
v 1.00616 15.4199 -2.0617
v 0.989684 15.5887 -1.11478
v 4.7684e-06 15.3057 -2.52377
v 4.7684e-06 15.5768 -0.626594
v 11.8836 10.9834 -1.55134
v 11.515 10.5815 -3.43907
v 12.3728 10.5909 -1.53719
v 11.92 10.0661 -3.42864
v 11.7028 5.05479 1.50728
v 13.4517 8.07131 0.172743
v 14.0114 8.50421 -1.73044
v 13.325 8.00306 -3.75715
v 10.1043 4.1881 1.41903
v 9.32275 1.39154 -0.292517
v 9.20332 2.88346 -1.58274
v 9.74675 -5.78989 -0.386761
v 10.2252 -11.2749 0.00934076
v 10.5232 8.07374 -4.65301
v 9.64172 8.91158 -4.5961
v 9.02698 4.86107 -4.40411
v 7.68536 4.9687 -5.38288
v 3.78153 9.58756 -6.79807
v 2.36786 11.9744 -5.91327
v 4.7684e-06 11.9379 -6.42057
v 4.7684e-06 9.13266 -7.0431
v 3.41264 5.03603 -7.53017
v 4.7684e-06 5.02168 -7.96739
v 8.71284 -11.37 -6.17922
v 3.7442 -11.398 -8.32214
v 3.54985 -5.41939 -7.74685
v 8.09214 -5.07342 -5.4464
v 4.7684e-06 -5.26993 -7.7946
v 4.7684e-06 -11.4071 -8.67542
v 3.44413 -0.411268 -7.37688
v 7.93454 -0.268085 -5.4372
v 4.7684e-06 -0.34199 -7.75638
v 8.93597 1.40882 -3.09042
v 8.15751 -30.6067 -5.62475
v 3.86572 -31.7607 -4.56573
v 7.38055 -23.2484 -5.3151
v 3.0261 -23.211 -5.35377
v 9.10868 -5.40264 -3.93317
v 10.5113 -11.3505 -4.28876
v 9.51444 -5.54048 -2.015
v 10.4716 -11.3073 -2.24168
v 9.32074 -0.446296 -1.70311
v 9.56645 1.90571 -1.66957
v 10.9773 -1.50435 -1.73447
v 13.7802 0.116957 1.91644
v 11.2231 5.77635 -4.85911
v 16.6635 1.90976 0.736012
v 17.6836 2.75095 -1.84172
v 16.895 2.24118 -4.88604
v 13.2038 -0.314562 -5.51236
v 18.6735 1.19747 -2.00679
v 17.6307 0.241946 -5.05906
v 22.4695 -4.49795 -1.7252
v 21.2749 -5.46531 -5.48986
v 17.638 0.4137 0.999317
v 21.2062 -5.88091 1.8855
v 14.4976 -1.63663 2.022
v 17.7486 -8.73713 2.22229
v 11.8948 -3.45895 -1.57681
v 15.3367 -10.4391 -1.19435
v 13.9367 -1.87704 -5.64214
v 16.969 -8.72746 -5.45683
v 17.9103 -5.43543 -1.72202
v 17.4532 -5.9041 -2.40618
v 17.5866 -5.9318 -0.736642
v 16.9262 -6.83132 -0.690906
v 16.7281 -6.77849 -2.47413
v 16.5145 -7.31639 -1.54098
v 18.1936 -8.67401 -0.652084
v 18.9104 -8.46566 -0.979881
v 17.3327 -9.07192 -1.32925
v 17.5731 -8.73911 -2.2528
v 18.5196 -8.43091 -2.37732
v 19.0685 -8.16038 -1.83219
v 18.7846 -9.84861 -0.633217
v 19.5543 -9.3736 -1.08412
v 19.6193 -9.35685 -1.99847
v 18.8484 -9.72692 -2.49476
v 18.0088 -10.2509 -2.13155
v 17.9775 -10.4567 -1.19136
v 22.8513 -11.0872 -2.54176
v 24.8943 -11.5245 -2.05141
v 24.4689 -12.4003 -2.26261
v 22.8953 -12.5245 -2.41422
v 18.5056 -14.787 -0.0853109
v 18.8829 -15.3806 -0.316185
v 20.9714 -14.2619 -0.66469
v 20.6948 -13.6288 -0.591707
v 19.6979 -16.4564 -0.864797
v 21.615 -15.4671 -0.787662
v 20.4476 -17.9672 -0.771701
v 22.3466 -16.882 -0.775338
v 22.9245 -12.5455 -0.0965815
v 23.2008 -12.3513 -1.04249
v 22.9114 -11.0592 -0.725766
v 21.9995 -10.8183 -0.236002
v 24.6895 -12.3576 -0.991681
v 24.8984 -11.4716 -0.890493
v 22.7781 -12.8624 -2.53816
v 17.2469 -11.1504 -0.606156
v 17.1326 -11.2246 -2.55671
v 17.7054 -13.0522 -0.120555
v 17.8402 -12.9641 -2.70935
v 18.9013 -9.98245 -2.81664
v 19.956 -12.2776 -3.02312
v 20.8523 -9.30042 -0.856134
v 20.9139 -9.60842 -2.76199
v 23.1999 -13.3527 -0.444943
v 23.0055 -13.6491 -2.55849
v 24.2891 -15.9968 -0.791692
v 23.6085 -14.5591 -0.876057
v 18.8882 -10.0721 -0.468614
v 21.7617 -10.4579 -2.66686
v 18.7764 -14.6322 -2.71635
v 20.7104 -13.7804 -2.79057
v 19.8906 -12.0473 -0.350795
v 24.2672 -16.3266 -1.95735
v 23.5035 -14.7335 -2.55975
v 22.4589 -17.1575 -2.20322
v 21.6643 -15.5545 -2.41704
v 21.0695 -14.4863 -2.63987
v 20.677 -18.2325 -2.12618
v 19.697 -16.4337 -2.53587
v 19.2147 -15.3476 -2.66569
v 4.7684e-06 15.8492 -2.50537
v 1.00805 15.8514 -2.06024
v 0.974335 15.9626 -1.12058
v 4.7684e-06 15.8708 -0.644285
v 4.7684e-06 18.1877 -2.90167
v 1.38096 17.8428 -2.26148
v 1.06028 16.8682 -0.973228
v 4.7684e-06 16.6144 -0.63218
v 4.7684e-06 19.6177 -7.6797
v 4.74427 19.5423 -7.04258
v 3.8679 16.0972 0.124571
v 4.7684e-06 16.1143 0.11559
v 4.02055 17.2017 2.42983
v 4.7684e-06 16.1356 4.5852
v 2.87508 25.3226 3.11197
v 4.7684e-06 25.7868 3.978
v 4.7684e-06 25.7947 9.80505
v 3.06092 25.4714 8.87833
v 4.7684e-06 26.3964 -7.25357
v 5.3777 26.3037 -5.89714
v 4.7684e-06 24.695 -8.06429
v 5.46053 24.8025 -6.50195
v 4.7684e-06 29.821 -3.87383
v 2.66017 29.4534 -3.07908
v 4.7684e-06 28.4301 -5.85535
v 4.64712 28.2278 -4.49769
v 5.50176 24.881 2.30005
v 5.53744 24.3561 2.54574
v 5.38232 24.9188 6.45612
v 5.33727 24.4135 6.51979
v 5.42515 24.2641 -6.54872
v 5.44739 23.7906 1.18297
v 3.05463 24.9497 8.86967
v 4.7684e-06 25.2792 9.71826
v 2.40473 29.4258 1.61252
v 4.36589 29.0027 0.797094
v 4.7684e-06 29.8359 2.22801
v 4.7684e-06 24.0862 -8.01708
v 4.7684e-06 21.3749 4.52258
v 4.7684e-06 25.1721 4.144
v 4.7684e-06 -10.9615 3.85656
v 1.29585 -10.9714 3.6381
v 7.33873 -11.2596 1.99539
v 4.7684e-06 -16.0884 3.49372
v 2.11701 -16.5195 3.16984
v 4.7684e-06 -18.8495 2.00304
v 2.25513 -19.7258 2.56527
v 6.83608 -17.3857 2.2891
v 7.86785 -10.8709 -0.48106
v 7.84423 -10.9723 -2.35633
v 7.9059 -11.0835 -3.6367
v 7.12634 -11.2113 -5.02007
v 3.56869 -11.2652 -7.05014
v 4.7684e-06 -10.916 -7.5103
v 6.50618 -20.4462 2.58917
v 6.96521 -23.3709 2.64547
v 8.40917 -30.6176 2.84595
v 10.1101 -23.1892 0.805224
v 11.622 -29.4654 0.999185
v 2.50698 -23.5449 2.07861
v 3.92607 -31.2391 1.28063
v 9.61495 -20.7077 0.701618
v 9.08324 -17.6904 0.392852
v 10.5848 -22.5717 -1.53439
v 10.0999 -20.384 -1.66572
v 9.48208 -17.7945 -1.6433
v 9.63408 -22.9084 -4.09456
v 9.25489 -20.6091 -4.02599
v 8.72798 -17.7076 -3.78254
v 7.19756 -20.8624 -5.19289
v 7.0961 -18.0135 -5.2619
v 3.33403 -18.0505 -6.38056
v 4.7684e-06 -17.9615 -6.70964
v 2.98399 -21.0243 -5.51006
v 4.7684e-06 -20.8309 -2.88757
v 4.7684e-06 -21.581 -1.77423
v 2.18424 -32.216 -1.51568
v 6.96322 -30.4665 -2.41552
v 7.57379 -30.6611 -2.17349
v 7.1549 -32.1476 -2.44554
v 7.80231 -31.6908 -2.14551
v 11.9807 -29.457 -4.18654
v 12.4065 -29.2282 -1.40955
v 10.8019 -45.0743 10.8794
v 12.8562 -44.9812 10.1766
v 10.8717 -43.4575 10.9726
v 12.8613 -43.3406 10.4533
v 13.3998 -45.3037 7.47767
v 13.6723 -43.6567 7.44228
v 13.0229 -43.8296 4.78146
v 12.7014 -45.5506 4.50251
v 11.9952 -43.914 2.40701
v 11.4399 -45.6266 2.3786
v 10.8682 -45.4596 0.28093
v 11.1143 -43.6989 0.415881
v 10.4552 -45.4871 -1.87742
v 10.612 -43.6978 -2.03831
v 9.30359 -45.3371 -3.92723
v 9.47794 -43.8266 -4.10079
v 8.02331 -45.1471 -4.53588
v 8.15499 -43.7719 -4.7412
v 6.58052 -45.3018 -3.9632
v 6.57554 -43.9399 -4.09007
v 8.73628 -43.6862 9.46847
v 8.81971 -45.3855 9.44529
v 7.55237 -43.9602 6.78658
v 7.52076 -45.4624 6.8664
v 7.21315 -44.0651 4.17212
v 7.02028 -45.5549 4.18618
v 6.90674 -44.1013 1.98312
v 6.87454 -45.5469 1.97469
v 6.01752 -43.9263 -0.710548
v 6.04897 -45.5729 -0.750538
v 5.68077 -43.9563 -3.10503
v 5.68163 -45.4924 -2.9314
v 11.5343 -45.523 6.9995
v 9.84214 -45.6111 7.8343
v 10.1417 -45.6566 3.05294
v 8.75639 -45.6866 3.59591
v 9.55466 -45.6774 1.125
v 7.983 -45.6952 1.75182
v 7.83336 -45.6483 -1.34921
v 9.17571 -45.6098 -1.63993
v 9.48548 -42.0324 -3.95904
v 10.5324 -42.028 -1.79662
v 9.24709 -40.1351 -3.45834
v 10.5126 -40.1408 -1.2424
v 10.3107 -39.7428 1.22971
v 11.0671 -41.2303 0.926789
v 9.05767 -40.5243 -2.42596
v 9.51112 -41.046 -1.10011
v 8.18678 -42.0572 -4.59244
v 8.27713 -40.1696 -3.89046
v 6.82902 -42.1116 -3.92914
v 7.16058 -40.1724 -3.60347
v 8.23887 -40.5776 -2.6565
v 7.56917 -40.5394 -2.59614
v 9.0683 -41.0164 -0.289308
v 8.31373 -40.9183 0.173425
v 7.98854 -39.8795 1.78649
v 5.81804 -42.2115 -2.84373
v 6.27584 -42.3468 -0.60237
v 6.47219 -40.2401 -2.64372
v 6.89671 -40.4882 -0.131989
v 7.09074 -40.6093 -1.90856
v 7.2308 -40.7377 -0.714161
v 7.07131 -42.0108 1.66116
v 8.97048 -40.6188 3.81946
v 10.3322 -40.5244 3.42979
v 9.53262 -41.4163 5.73209
v 10.8798 -41.3097 5.37901
v 9.70338 -41.7727 6.79298
v 11.2478 -41.6857 6.55151
v 10.3944 -42.4976 8.79015
v 11.9287 -42.2873 8.35113
v 8.99875 -42.8065 8.79464
v 8.06657 -42.4998 6.69568
v 7.43414 -42.4733 4.49569
v 12.895 -42.2244 4.99473
v 11.9002 -41.9188 2.81878
v 13.2655 -42.4722 7.10985
v 6.84436 -29.5648 -2.68759
v 5.70163 -29.6408 -2.2628
v 7.51581 -29.4241 -2.22538
v 7.82962 -29.4108 -1.5526
v 7.63756 -29.5025 -1.13781
v 6.61637 -29.87 -0.643257
v 5.71613 -30.0818 -0.741498
v 5.26766 -29.8467 -1.50553
v 6.07431 -31.1271 -0.916477
v 6.71779 -30.2365 -0.663501
v 5.53907 -30.4956 -1.57707
v 7.64504 -30.0578 -1.09421
v 7.88458 -31.2911 -1.74107
v 6.10019 -30.9233 -2.2878
v 7.23608 -38.1326 -2.2986
v 8.00545 -38.3455 -2.49616
v 8.70904 -38.6105 -2.21992
v 9.03963 -38.6632 -1.34704
v 8.66909 -38.9119 -0.940111
v 7.91169 -39.0075 -0.665414
v 7.13941 -38.617 -0.962096
v 6.7273 -38.1597 -1.7301
v 8.01878 -32.5705 -1.08797
v 7.0345 -32.7329 -0.632673
v 6.33466 -32.2608 -2.30051
v 5.81306 -32.242 -1.46748
v -1.55052 -11.3126 4.90067
v -2.3828 -6.13354 4.16168
v -8.45496 -11.5069 2.49814
v -7.43624 -5.98568 2.13869
v -3.14068 -0.956777 3.50027
v -6.9356 -0.806271 2.07151
v -4.46645 4.37211 3.54913
v -8.7967 4.1471 1.9085
v -5.80771 8.31232 3.03895
v -10.0778 7.17951 1.61507
v -3.49456 14.0421 3.31845
v -3.51972 12.0047 3.24062
v -4.57053 15.1565 -1.99826
v -5.25992 13.3814 -1.77313
v -7.64758 12.0446 1.45488
v -11.6789 10.6668 0.168911
v -12.1198 10.3881 0.177497
v -11.0636 6.72073 1.31446
v -2.7169 11.5719 1.15433
v -0.961634 12.4589 -1.11808
v -8.12292 12.3552 -1.64427
v -2.84183 13.093 -5.5682
v -6.68156 12.2247 -4.77013
v -0.956836 12.6367 -2.10053
v -3.02711 12.5709 -2.08865
v -0.989674 15.5887 -1.11478
v -1.00615 15.4199 -2.0617
v -11.515 10.5815 -3.43907
v -11.8836 10.9834 -1.55134
v -12.3728 10.5909 -1.53719
v -11.92 10.0661 -3.42864
v -13.4517 8.07131 0.172743
v -11.7028 5.05479 1.50728
v -14.0114 8.50421 -1.73044
v -13.325 8.00306 -3.75715
v -10.1043 4.1881 1.41903
v -9.32274 1.39154 -0.292517
v -9.20331 2.88346 -1.58274
v -9.74674 -5.78989 -0.386761
v -10.2252 -11.2749 0.00934076
v -9.64171 8.91158 -4.5961
v -10.5231 8.07374 -4.65301
v -7.68535 4.9687 -5.38288
v -9.02697 4.86107 -4.40411
v -3.78152 9.58756 -6.79807
v -2.36785 11.9744 -5.91327
v -3.41263 5.03603 -7.53017
v -8.09213 -5.07342 -5.4464
v -3.54984 -5.41939 -7.74685
v -8.71283 -11.37 -6.17922
v -3.74419 -11.398 -8.32214
v -3.44412 -0.411268 -7.37688
v -7.93453 -0.268085 -5.4372
v -8.93596 1.40882 -3.09042
v -7.38054 -23.2484 -5.3151
v -3.02609 -23.211 -5.35377
v -3.86571 -31.7607 -4.56573
v -8.1575 -30.6067 -5.62475
v -10.5113 -11.3505 -4.28876
v -9.10867 -5.40264 -3.93317
v -10.4716 -11.3073 -2.24168
v -9.51443 -5.54048 -2.015
v -9.32073 -0.446296 -1.70311
v -9.56644 1.90571 -1.66957
v -13.7802 0.116957 1.91644
v -10.9773 -1.50435 -1.73447
v -11.2231 5.77635 -4.85911
v -16.6635 1.90976 0.736012
v -17.6835 2.75095 -1.84172
v -16.895 2.24118 -4.88604
v -13.2038 -0.314562 -5.51236
v -17.6307 0.241946 -5.05906
v -18.6735 1.19747 -2.00679
v -21.2749 -5.46531 -5.48986
v -22.4695 -4.49795 -1.7252
v -17.638 0.4137 0.999317
v -21.2062 -5.88091 1.8855
v -14.4976 -1.63663 2.022
v -17.7485 -8.73713 2.22229
v -11.8948 -3.45895 -1.57681
v -15.3367 -10.4391 -1.19435
v -13.9367 -1.87704 -5.64214
v -16.969 -8.72746 -5.45683
v -17.4532 -5.9041 -2.40618
v -17.9103 -5.43543 -1.72202
v -17.5866 -5.9318 -0.736642
v -16.9262 -6.83132 -0.690906
v -16.7281 -6.77849 -2.47413
v -16.5145 -7.31639 -1.54098
v -18.9104 -8.46566 -0.979881
v -18.1936 -8.67401 -0.652084
v -17.3327 -9.07192 -1.32925
v -17.5731 -8.73911 -2.2528
v -18.5196 -8.43091 -2.37732
v -19.0685 -8.16038 -1.83219
v -19.5543 -9.3736 -1.08412
v -18.7846 -9.84861 -0.633217
v -19.6193 -9.35685 -1.99847
v -18.8484 -9.72692 -2.49476
v -18.0088 -10.2509 -2.13155
v -17.9775 -10.4567 -1.19136
v -22.8953 -12.5245 -2.41422
v -24.4689 -12.4003 -2.26261
v -22.8513 -11.0872 -2.54176
v -24.8943 -11.5245 -2.05141
v -20.6948 -13.6288 -0.591707
v -20.9713 -14.2619 -0.66469
v -18.5056 -14.787 -0.0853109
v -18.8829 -15.3806 -0.316185
v -21.615 -15.4671 -0.787662
v -19.6979 -16.4564 -0.864797
v -22.3465 -16.882 -0.775338
v -20.4476 -17.9672 -0.771701
v -21.9995 -10.8183 -0.236002
v -22.9114 -11.0592 -0.725766
v -22.9245 -12.5455 -0.0965815
v -23.2008 -12.3513 -1.04249
v -24.6895 -12.3576 -0.991681
v -24.8983 -11.4716 -0.890493
v -22.7781 -12.8624 -2.53816
v -17.7054 -13.0522 -0.120555
v -17.8402 -12.9641 -2.70935
v -17.1326 -11.2246 -2.55671
v -17.2468 -11.1504 -0.606156
v -19.956 -12.2776 -3.02312
v -18.9013 -9.98245 -2.81664
v -20.8523 -9.30042 -0.856134
v -20.9138 -9.60842 -2.76199
v -23.0054 -13.6491 -2.55849
v -23.1999 -13.3527 -0.444943
v -23.6085 -14.5591 -0.876057
v -24.2891 -15.9968 -0.791692
v -18.8882 -10.0721 -0.468614
v -21.7616 -10.4579 -2.66686
v -18.7764 -14.6322 -2.71635
v -20.7104 -13.7804 -2.79057
v -19.8906 -12.0473 -0.350795
v -23.5035 -14.7335 -2.55975
v -24.2671 -16.3266 -1.95735
v -21.6643 -15.5545 -2.41704
v -22.4589 -17.1575 -2.20322
v -21.0695 -14.4863 -2.63987
v -19.697 -16.4337 -2.53587
v -20.677 -18.2325 -2.12618
v -19.2146 -15.3476 -2.66569
v -1.00804 15.8514 -2.06024
v -0.974325 15.9626 -1.12058
v -1.38095 17.8428 -2.26148
v -1.06027 16.8682 -0.973228
v -4.74426 19.5423 -7.04258
v -3.86789 16.0972 0.124571
v -4.02054 17.2017 2.42983
v -2.87507 25.3226 3.11197
v -3.06091 25.4714 8.87833
v -5.46053 24.8025 -6.50195
v -5.37769 26.3037 -5.89714
v -4.64711 28.2278 -4.49769
v -2.66016 29.4534 -3.07908
v -5.53743 24.3561 2.54574
v -5.50175 24.881 2.30005
v -5.33726 24.4135 6.51979
v -5.38231 24.9188 6.45612
v -5.44738 23.7906 1.18297
v -5.42514 24.2641 -6.54872
v -3.05462 24.9497 8.86967
v -4.36588 29.0027 0.797094
v -2.40472 29.4258 1.61252
v -1.29584 -10.9714 3.6381
v -7.33872 -11.2596 1.99539
v -2.117 -16.5195 3.16984
v -2.25512 -19.7258 2.56527
v -6.83607 -17.3857 2.2891
v -7.86784 -10.8709 -0.48106
v -7.84422 -10.9723 -2.35633
v -7.90589 -11.0835 -3.6367
v -7.12633 -11.2113 -5.02007
v -3.56868 -11.2652 -7.05014
v -6.50617 -20.4462 2.58917
v -10.11 -23.1892 0.805224
v -11.622 -29.4654 0.999185
v -8.40916 -30.6176 2.84595
v -6.9652 -23.3709 2.64547
v -2.50697 -23.5449 2.07861
v -3.92606 -31.2391 1.28063
v -9.61495 -20.7077 0.701618
v -9.08323 -17.6904 0.392852
v -10.0999 -20.384 -1.66572
v -10.5848 -22.5717 -1.53439
v -9.48207 -17.7945 -1.6433
v -9.25488 -20.6091 -4.02599
v -9.63407 -22.9084 -4.09456
v -8.72797 -17.7076 -3.78254
v -7.19755 -20.8624 -5.19289
v -7.09609 -18.0135 -5.2619
v -3.33402 -18.0505 -6.38056
v -2.98398 -21.0243 -5.51006
v -2.18423 -32.216 -1.51568
v -7.15489 -32.1476 -2.44554
v -7.8023 -31.6908 -2.14551
v -7.57378 -30.6611 -2.17349
v -6.96321 -30.4665 -2.41552
v -11.9807 -29.457 -4.18654
v -12.4065 -29.2282 -1.40955
v -10.8717 -43.4575 10.9726
v -12.8613 -43.3406 10.4533
v -12.8562 -44.9812 10.1766
v -10.8019 -45.0743 10.8794
v -13.6723 -43.6567 7.44228
v -13.3998 -45.3037 7.47767
v -11.9952 -43.914 2.40701
v -11.4399 -45.6266 2.3786
v -12.7014 -45.5506 4.50251
v -13.0229 -43.8296 4.78146
v -11.1143 -43.6989 0.415881
v -10.8682 -45.4596 0.28093
v -10.612 -43.6978 -2.03831
v -10.4551 -45.4871 -1.87742
v -9.47793 -43.8266 -4.10079
v -9.30358 -45.3371 -3.92723
v -8.15499 -43.7719 -4.7412
v -8.0233 -45.1471 -4.53588
v -6.57553 -43.9399 -4.09007
v -6.58051 -45.3018 -3.9632
v -8.8197 -45.3855 9.44529
v -8.73627 -43.6862 9.46847
v -7.52075 -45.4624 6.8664
v -7.55236 -43.9602 6.78658
v -7.02027 -45.5549 4.18618
v -7.21314 -44.0651 4.17212
v -6.87453 -45.5469 1.97469
v -6.90674 -44.1013 1.98312
v -6.04896 -45.5729 -0.750538
v -6.01751 -43.9263 -0.710548
v -5.68162 -45.4924 -2.9314
v -5.68076 -43.9563 -3.10503
v -11.5343 -45.523 6.9995
v -9.84213 -45.6111 7.8343
v -10.1416 -45.6566 3.05294
v -8.75638 -45.6866 3.59591
v -9.55465 -45.6774 1.125
v -7.98299 -45.6952 1.75182
v -7.83336 -45.6483 -1.34921
v -9.1757 -45.6098 -1.63993
v -10.5324 -42.028 -1.79662
v -9.48547 -42.0324 -3.95904
v -10.5126 -40.1408 -1.2424
v -9.24708 -40.1351 -3.45834
v -11.0671 -41.2303 0.926789
v -10.3106 -39.7428 1.22971
v -9.51111 -41.046 -1.10011
v -9.05766 -40.5243 -2.42596
v -8.27712 -40.1696 -3.89046
v -8.18677 -42.0572 -4.59244
v -7.16057 -40.1724 -3.60347
v -6.82901 -42.1116 -3.92914
v -8.23886 -40.5776 -2.6565
v -7.56916 -40.5394 -2.59614
v -9.06829 -41.0164 -0.289308
v -7.98854 -39.8795 1.78649
v -8.31372 -40.9183 0.173425
v -6.47218 -40.2401 -2.64372
v -6.8967 -40.4882 -0.131989
v -6.27583 -42.3468 -0.60237
v -5.81803 -42.2115 -2.84373
v -7.09073 -40.6093 -1.90856
v -7.23079 -40.7377 -0.714161
v -7.0713 -42.0108 1.66116
v -10.3322 -40.5244 3.42979
v -8.97047 -40.6188 3.81946
v -10.8798 -41.3097 5.37901
v -9.53261 -41.4163 5.73209
v -11.2478 -41.6857 6.55151
v -9.70337 -41.7727 6.79298
v -11.9287 -42.2873 8.35113
v -10.3944 -42.4976 8.79015
v -8.99874 -42.8065 8.79464
v -8.06656 -42.4998 6.69568
v -7.43413 -42.4733 4.49569
v -11.9002 -41.9188 2.81878
v -12.895 -42.2244 4.99473
v -13.2655 -42.4722 7.10985
v -5.70162 -29.6408 -2.2628
v -6.84435 -29.5648 -2.68759
v -7.5158 -29.4241 -2.22538
v -7.82961 -29.4108 -1.5526
v -7.63755 -29.5025 -1.13781
v -6.61636 -29.87 -0.643257
v -5.71612 -30.0818 -0.741498
v -5.26765 -29.8467 -1.50553
v -6.71778 -30.2365 -0.663501
v -6.0743 -31.1271 -0.916477
v -5.53906 -30.4956 -1.57707
v -7.64504 -30.0578 -1.09421
v -7.88457 -31.2911 -1.74107
v -6.10018 -30.9233 -2.2878
v -8.00544 -38.3455 -2.49616
v -7.23607 -38.1326 -2.2986
v -8.70903 -38.6105 -2.21992
v -9.03962 -38.6632 -1.34704
v -8.66908 -38.9119 -0.940111
v -7.91168 -39.0075 -0.665414
v -7.13941 -38.617 -0.962096
v -6.72729 -38.1597 -1.7301
v -7.03449 -32.7329 -0.632673
v -8.01877 -32.5705 -1.08797
v -6.33465 -32.2608 -2.30051
v -5.81305 -32.242 -1.46748
vn 0.442162 -0.681336 0.58333
vn 0.556967 0.0921346 0.825409
vn 0.208074 0.102506 0.972727
vn 0.122658 -0.716972 0.686226
vn 0.526957 -0.0420592 0.848851
vn 0.209388 0.0162417 0.977698
vn 0.463324 -0.15338 0.872815
vn 0.221164 -0.0379248 0.974499
vn 0.332682 0.0958011 0.93816
vn 0.284371 0.0760676 0.955692
vn 0 0.0489064 0.998803
vn -2.4e-09 0.122617 0.992454
vn 0.403075 0.278023 0.871914
vn 0.0463706 0.847449 0.528847
vn 0 0.531216 0.847236
vn 1.48e-08 0.0625693 0.998041
vn 0.599156 0.79914 -0.0488693
vn 0.269871 0.962757 0.0163936
vn 7.1e-09 -0.0129299 0.999916
vn 0.338867 0.692262 0.637136
vn 0.276313 0.0560725 0.95943
vn 0.583687 0.521281 0.622555
vn 0.459126 0.664451 0.589667
vn -4.7e-09 -0.766124 0.642693
vn -0.580258 0.812415 0.0572881
vn -5.9e-08 0.988788 -0.149328
vn 0.409393 0.725959 0.552613
vn 0 0.609661 0.792662
vn 0.312374 0.949937 -0.00644773
vn 0.383765 0.474475 -0.792211
vn 4.86e-08 0.889792 -0.456367
vn 0.352177 0.693164 -0.628884
vn -0.543762 0.749042 0.378495
vn 0.513239 0.846919 -0.138971
vn 5.11e-08 0.742178 0.670203
vn 3.86e-08 0.858614 -0.512623
vn 0.845794 0.00720521 -0.533461
vn 0.843845 0.0114591 0.536464
vn -1.882e-07 0.0121937 -0.999926
vn -1.385e-07 0.0174779 0.999847
vn 0.51572 0.855588 -0.0447345
vn 0.475738 0.654683 -0.587422
vn 0.734853 0.676918 -0.0421199
vn 0.556376 0.502337 -0.661894
vn -0.233335 -0.0173936 0.972241
vn 0.611289 0.390455 0.688382
vn 0.826415 0.562986 -0.00927496
vn 0.551319 0.439361 -0.709232
vn 0.836628 -0.269691 0.476781
vn 0.956115 -0.14393 0.255202
vn 0.622966 -0.710398 -0.327487
vn 0.937333 0.104219 0.332485
vn 0.714346 -0.648425 0.263163
vn 0.267407 0.092088 -0.959173
vn 0.352559 0.169566 -0.920299
vn 0.792725 -0.178812 -0.582764
vn 0.511615 -0.0149481 -0.859085
vn 0.23047 0.226464 -0.94636
vn 0.176034 0.293194 -0.939707
vn -7.2e-09 0.251558 -0.967842
vn 2.4e-09 0.238733 -0.971085
vn 0.252073 0.0553668 -0.966123
vn 1.45e-08 0.0751327 -0.997173
vn 0.480673 -0.644425 -0.594702
vn 0.16673 -0.689623 -0.704714
vn 0.243321 0.0863093 -0.966098
vn 0.651535 0.103674 -0.751501
vn 0 0.0800146 -0.996794
vn 1.73e-08 -0.726231 -0.68745
vn 0.260714 0.0152045 -0.965296
vn 0.673759 0.023476 -0.738578
vn 1.19e-08 0.00376822 -0.999993
vn 0.930655 -0.0454105 -0.363069
vn 0.275218 -0.724831 -0.631565
vn -0.153431 -0.811203 -0.564278
vn 0.195126 0.0395304 -0.979981
vn -0.462165 -0.130574 -0.877128
vn 0.920054 0.129932 -0.369619
vn 0.765324 -0.577959 -0.283273
vn 0.98928 0.108131 -0.0981493
vn 0.731177 -0.682163 -0.00571424
vn 0.987494 0.0492804 -0.149755
vn -0.951555 -0.304923 0.0395651
vn -0.932811 -0.357646 0.0441962
vn -0.269587 -0.0259572 0.962626
vn -0.347212 0.010616 -0.937727
vn 0.550108 0.381232 0.742996
vn 0.850775 0.523266 0.0487191
vn 0.538461 0.376383 -0.75392
vn -0.406255 -0.090635 -0.909254
vn 0.848499 0.529064 0.011872
vn 0.480462 0.314137 -0.818825
vn 0.980423 -0.196824 0.00551087
vn 0.737226 -0.344985 -0.580933
vn 0.510219 0.37897 0.772048
vn 0.771056 -0.357425 0.526991
vn -0.324964 -0.068019 0.943277
vn 0.261373 -0.761716 0.592851
vn -0.909067 -0.407187 0.0882929
vn -0.139715 -0.989054 0.0474537
vn -0.40814 -0.1688 -0.897178
vn 0.125832 -0.790674 -0.599167
vn 0.683116 -0.719964 -0.122493
vn 0.720113 -0.649761 -0.24341
vn 0.813686 -0.581158 -0.0130594
vn 0.694723 -0.666579 0.270246
vn 0.622169 -0.727947 -0.288095
vn 0.376908 -0.926024 0.0204818
vn -0.143266 -0.063656 0.987635
vn 0.647222 0.314042 0.694609
vn -0.875169 -0.387271 0.290001
vn -0.56153 -0.261741 -0.784969
vn 0.270888 0.12984 -0.953814
vn 0.868689 0.419828 -0.262915
vn -0.273534 0.452648 0.848698
vn 0.322192 0.774401 0.544513
vn 0.340591 0.849266 -0.403418
vn -0.157741 0.538336 -0.827836
vn -0.798941 0.361113 -0.480927
vn -0.851261 0.415286 0.320769
vn 0.346176 0.603266 -0.718493
vn 0.778664 0.391377 -0.490414
vn 0.47172 -0.651653 -0.593993
vn 0.46519 -0.47518 -0.746861
vn -0.52513 -0.420559 0.739843
vn -0.51399 -0.517142 0.684382
vn 0.113364 -0.195132 0.974203
vn 0.0705086 -0.119008 0.990387
vn -0.620673 -0.433207 0.653526
vn 0.0496384 -0.0836525 0.995258
vn -0.295361 -0.720218 0.627732
vn 0.276215 -0.530954 0.80112
vn 0.539751 -0.0172211 0.841648
vn 0.596726 -0.617893 0.511983
vn 0.524368 0.709359 0.471007
vn 0.405225 0.483513 0.775892
vn 0.51386 -0.680868 0.521887
vn 0.722707 0.369756 0.583931
vn 0.605257 -0.0435079 -0.79484
vn -0.785501 0.244715 0.568421
vn -0.824002 0.187607 -0.534625
vn -0.650688 -0.240128 0.720377
vn -0.680921 -0.275169 -0.678696
vn -0.247485 0.494377 -0.833272
vn 0.0108331 -0.0134941 -0.99985
vn 0.330056 0.814269 0.477524
vn 0.336099 0.676542 -0.655231
vn 0.747314 0.0808638 0.659532
vn 0.635956 0.181531 -0.750071
vn 0.778645 -0.184571 0.599705
vn 0.741837 0.250372 0.622087
vn -0.232713 0.501143 0.833487
vn 0.49361 0.514076 -0.701481
vn -0.574442 -0.386277 -0.72167
vn 0.0647783 -0.0703975 -0.995414
vn -0.00298228 0.0623777 0.998048
vn 0.804266 -0.417313 -0.423092
vn 0.62432 0.149571 -0.766716
vn 0.382236 -0.718471 -0.581116
vn 0.0770723 -0.134091 -0.987967
vn 0.0660803 -0.0925536 -0.993513
vn -0.152505 -0.880059 -0.449709
vn -0.543414 -0.424639 -0.724144
vn -0.513059 -0.412294 -0.752851
vn -1.723e-07 -0.0787461 -0.996895
vn 0.849363 -0.085142 -0.520897
vn 0.826606 -0.0679586 0.558663
vn -1.139e-07 -0.0320591 0.999486
vn 8.13e-08 -0.766572 -0.642158
vn 0.189411 -0.785353 -0.589359
vn 0.490471 -0.854906 -0.169039
vn 9.67e-08 -0.959297 0.282401
vn 3.68e-08 -0.561407 -0.82754
vn 0.600147 -0.506099 -0.619425
vn 0.546715 -0.827158 -0.130048
vn -5.1e-09 -0.974614 -0.223893
vn 0.704153 -0.521246 0.482152
vn -4.99e-08 -0.634464 0.772952
vn 0.299767 0.811485 0.501629
vn -2.13e-08 0.870679 0.491852
vn -4.733e-07 0.646479 0.762932
vn 0.462357 0.618591 0.635272
vn -1.49e-08 0.504183 -0.863597
vn 0.755063 0.401097 -0.518653
vn 1.155e-07 0.196395 -0.980525
vn 0.775919 0.118985 -0.61951
vn -4.19e-08 0.950848 -0.309658
vn 0.256363 0.944095 -0.207275
vn 2.03e-08 0.727127 -0.686503
vn 0.636433 0.677741 -0.368268
vn 0.900654 0.385626 0.200284
vn 0.923255 -0.263312 0.279763
vn 0.781443 0.56387 0.267203
vn 0.643395 -0.68385 0.344081
vn 0.788352 -0.0931242 -0.608136
vn 0.987998 -0.154301 0.00710115
vn 0.317911 -0.669321 0.671522
vn -4.446e-07 -0.646343 0.763047
vn 0.337975 0.786765 0.516501
vn 0.666415 0.671073 0.324887
vn -1.3e-08 0.812481 0.582987
vn 1.611e-07 -0.00355952 -0.999994
vn -4.15e-08 -0.00358493 0.999994
vn -1.7e-09 -0.761561 0.648094
vn 0 -0.869022 0.494774
vn 0.0988182 -0.826992 0.553462
vn 0.30126 -0.88926 0.34418
vn 4.9e-09 -0.182265 0.98325
vn 0.0737058 -0.12524 0.989385
vn 2.15e-08 -0.427588 0.903974
vn -0.276453 -0.236039 0.93159
vn 0.465423 0.0366108 0.884331
vn 0.619721 -0.766746 0.167471
vn 0.726727 -0.686541 -0.0230127
vn 0.580867 -0.773757 -0.252771
vn 0.376367 -0.795194 -0.47541
vn 0.134823 -0.822327 -0.552812
vn 1.46e-08 -0.859339 -0.511406
vn 0.261975 0.0162591 0.964938
vn 0.177169 0.0228189 0.983916
vn 0.265624 -0.692498 0.670739
vn 0.767763 0.190374 0.611799
vn 0.73195 -0.526066 0.433018
vn -0.533524 -0.188462 0.824521
vn -0.251404 -0.795608 0.551185
vn 0.80105 0.170203 0.573891
vn 0.882131 0.162934 0.441924
vn 0.970843 0.238493 -0.0241956
vn 0.97561 0.207456 -0.0717444
vn 0.976949 0.205322 -0.0584249
vn 0.719457 0.179535 -0.670931
vn 0.760489 0.147028 -0.632487
vn 0.844364 0.137725 -0.517765
vn 0.3239 0.00260136 -0.946088
vn 0.485284 -0.0143573 -0.874238
vn 0.104982 -0.234132 -0.96652
vn 2.06e-08 -0.358629 -0.93348
vn -0.23765 -0.30217 -0.923156
vn -1.47e-07 -0.496891 -0.867813
vn -1.036e-07 -0.989697 -0.143178
vn -0.506863 -0.861833 -0.0182722
vn 0.136094 -0.0738218 -0.987942
vn 0.684366 0.0419701 -0.72793
vn 0.102219 0.0220563 -0.994517
vn 0.721778 0.113015 -0.682836
vn 0.718428 -0.49204 -0.491689
vn 0.860231 -0.509904 -0.000379448
vn -0.110365 -0.599976 0.792369
vn 0.600644 -0.594003 0.535151
vn -0.137924 0.426535 0.893893
vn 0.606679 0.413311 0.679054
vn 0.729365 -0.681715 0.0573604
vn 0.983093 0.178428 0.0411316
vn 0.94847 -0.0110757 -0.316672
vn 0.64746 -0.731905 -0.212391
vn 0.916732 -0.0438071 -0.397094
vn 0.56267 -0.790579 -0.241635
vn 0.662478 -0.724022 -0.192132
vn 0.958812 -0.0316145 -0.282275
vn 0.665012 -0.697907 -0.265868
vn 0.937382 -0.0264666 -0.347295
vn 0.469455 -0.682211 -0.560536
vn 0.684686 -0.0441346 -0.727501
vn 0.0137499 -0.612117 -0.790648
vn 0.0281761 -0.0153973 -0.999484
vn -0.408516 -0.65167 -0.639094
vn -0.579298 0.0237014 -0.814771
vn -0.721165 0.319366 0.614758
vn -0.562741 -0.639905 0.5233
vn -0.942255 0.167567 0.28996
vn -0.729507 -0.63558 0.2527
vn -0.982882 0.114134 0.144626
vn -0.760395 -0.639569 0.11292
vn -0.974504 0.0742748 0.211719
vn -0.711193 -0.68761 0.146279
vn -0.970629 0.0551628 0.234172
vn -0.714375 -0.686551 0.135339
vn -0.948997 0.0488114 -0.311485
vn -0.737249 -0.636934 -0.225341
vn 0.0737533 -0.994543 0.073788
vn 0.0162755 -0.995921 0.0887494
vn 0.0369654 -0.999313 -0.00261404
vn -0.0231973 -0.99956 0.0184912
vn 0.0477418 -0.99851 -0.0264402
vn -0.0396415 -0.999203 0.00470072
vn -0.00805859 -0.997657 -0.0679452
vn 0.0360714 -0.996143 -0.0799899
vn 0.682922 0.162494 -0.712189
vn 0.934735 0.134194 -0.329031
vn 0.400215 0.842781 -0.359928
vn 0.451132 0.866932 -0.211917
vn 0.424619 0.902317 -0.0743133
vn 0.945017 0.298412 -0.133764
vn 0.165175 0.978586 -0.122826
vn 0.0711292 0.97819 0.195156
vn 0.0176102 0.19995 -0.979648
vn 0.0145464 0.834482 -0.550843
vn -0.577891 0.209095 -0.788873
vn -0.356263 0.821823 -0.444615
vn 0.0350189 0.89307 -0.448552
vn -0.183459 0.912798 -0.364887
vn 0.0624969 0.979796 0.189983
vn 0.0860973 0.99462 0.057609
vn -0.490306 0.859829 0.142454
vn -0.947206 0.216996 -0.236036
vn -0.948198 0.194288 0.251341
vn -0.550991 0.831585 -0.0698245
vn -0.505097 0.862179 0.0390453
vn -0.348274 0.933489 -0.0854645
vn -0.108465 0.929284 0.353081
vn -0.906765 0.275456 0.31922
vn -0.35823 0.846196 0.394492
vn 0.388206 0.890388 0.23771
vn -0.272986 0.910085 0.311807
vn 0.263464 0.945492 0.191393
vn -0.213554 0.925959 0.311441
vn 0.180138 0.961537 0.207355
vn -0.15761 0.894258 0.418882
vn 0.283522 0.908127 0.308093
vn -0.538568 0.718776 0.439666
vn -0.713031 0.634613 0.298082
vn -0.858509 0.455096 0.236327
vn 0.784014 0.600969 -0.155425
vn 0.8487 0.486687 -0.206989
vn 0.731462 0.679665 0.0549434
vn 0.302326 -0.919632 -0.250751
vn 0.0281063 -0.971068 -0.237144
vn 0.530194 -0.805974 -0.263247
vn 0.585278 -0.809764 -0.0416142
vn 0.584748 -0.780408 0.221435
vn 0.301138 -0.841047 0.449395
vn -0.0301201 -0.971146 0.236574
vn -0.00717517 -0.998904 -0.0462505
vn -0.594315 -0.135964 0.792656
vn 0.144759 -0.0298567 0.989016
vn -0.950947 -0.297526 -0.0847199
vn 0.723484 0.0512108 0.688439
vn 0.981588 0.140837 -0.129035
vn -0.540044 -0.139321 -0.830025
vn -0.532495 -0.0369717 -0.845625
vn 0.0984276 0.0645247 -0.99305
vn 0.714842 0.141731 -0.684773
vn 0.97947 0.185324 0.079326
vn 0.648219 0.229495 0.726046
vn -0.043444 0.181091 0.982506
vn -0.737975 -0.0496415 0.672999
vn -0.98704 -0.120238 -0.106276
vn 0.71905 0.107139 0.68665
vn 0.0113567 0.00201564 0.999933
vn -0.53808 -0.0796057 -0.839127
vn -0.987795 -0.155527 -0.00855531
vn -0.122658 -0.716972 0.686226
vn -0.208074 0.102506 0.972727
vn -0.442162 -0.681336 0.58333
vn -0.556967 0.0921346 0.825409
vn -0.209388 0.0162417 0.977698
vn -0.526957 -0.0420593 0.848851
vn -0.221164 -0.0379248 0.974499
vn -0.463324 -0.15338 0.872815
vn -0.284371 0.0760676 0.955692
vn -0.332682 0.0958012 0.93816
vn -0.0463706 0.84745 0.528847
vn -0.403075 0.278023 0.871914
vn -0.269871 0.962757 0.0163935
vn -0.599156 0.79914 -0.0488691
vn -0.338867 0.692262 0.637136
vn -0.459125 0.66445 0.589669
vn -0.583686 0.52128 0.622558
vn -0.276313 0.0560725 0.95943
vn 0.580258 0.812415 0.057288
vn -0.409393 0.725959 0.552613
vn -0.312373 0.949937 -0.00644756
vn -0.383765 0.474475 -0.792211
vn -0.352177 0.693164 -0.628884
vn -0.513239 0.846919 -0.138971
vn 0.543762 0.749042 0.378495
vn -0.843845 0.011459 0.536465
vn -0.845794 0.00720514 -0.53346
vn -0.475737 0.654682 -0.587423
vn -0.515721 0.855588 -0.0447332
vn -0.734853 0.676917 -0.0421183
vn -0.556375 0.502336 -0.661895
vn -0.611289 0.390455 0.688383
vn 0.233335 -0.0173937 0.972241
vn -0.826415 0.562986 -0.00927479
vn -0.551319 0.439361 -0.709232
vn -0.836628 -0.269691 0.476781
vn -0.956115 -0.14393 0.255202
vn -0.622966 -0.710398 -0.327488
vn -0.937333 0.104219 0.332484
vn -0.714346 -0.648425 0.263164
vn -0.352559 0.169566 -0.920299
vn -0.267407 0.0920881 -0.959173
vn -0.511615 -0.0149482 -0.859085
vn -0.792724 -0.178812 -0.582764
vn -0.23047 0.226464 -0.94636
vn -0.176034 0.293194 -0.939707
vn -0.252073 0.0553667 -0.966123
vn -0.651535 0.103674 -0.751501
vn -0.243321 0.0863093 -0.966098
vn -0.480673 -0.644425 -0.594702
vn -0.16673 -0.689623 -0.704714
vn -0.260714 0.0152045 -0.965296
vn -0.673759 0.023476 -0.738578
vn -0.930655 -0.0454104 -0.363069
vn -0.195126 0.0395305 -0.979981
vn 0.462165 -0.130574 -0.877128
vn 0.15343 -0.811203 -0.564278
vn -0.275218 -0.724831 -0.631565
vn -0.765323 -0.577959 -0.283274
vn -0.920054 0.129932 -0.369619
vn -0.731177 -0.682163 -0.00571445
vn -0.98928 0.108131 -0.0981494
vn -0.987494 0.0492805 -0.149755
vn 0.951555 -0.304923 0.0395651
vn 0.269587 -0.0259574 0.962626
vn 0.932811 -0.357646 0.0441962
vn 0.347212 0.010616 -0.937727
vn -0.550108 0.381232 0.742996
vn -0.850776 0.523266 0.0487189
vn -0.538461 0.376383 -0.75392
vn 0.406255 -0.090635 -0.909254
vn -0.480462 0.314137 -0.818825
vn -0.848499 0.529064 0.0118716
vn -0.737226 -0.344985 -0.580934
vn -0.980423 -0.196824 0.0055105
vn -0.510219 0.37897 0.772048
vn -0.771056 -0.357425 0.526991
vn 0.324964 -0.0680191 0.943277
vn -0.261372 -0.761717 0.592851
vn 0.909067 -0.407187 0.0882929
vn 0.139716 -0.989054 0.0474533
vn 0.40814 -0.1688 -0.897178
vn -0.125832 -0.790674 -0.599167
vn -0.720114 -0.64976 -0.243409
vn -0.683117 -0.719963 -0.122493
vn -0.813686 -0.581158 -0.0130604
vn -0.694723 -0.666578 0.270247
vn -0.622168 -0.727947 -0.288096
vn -0.376911 -0.926023 0.0204801
vn -0.647221 0.314042 0.69461
vn 0.143268 -0.0636568 0.987635
vn 0.875169 -0.38727 0.290002
vn 0.561529 -0.261741 -0.784969
vn -0.270888 0.129841 -0.953814
vn -0.868688 0.41983 -0.262915
vn -0.32219 0.774404 0.544511
vn 0.273534 0.452647 0.848699
vn -0.34059 0.849265 -0.40342
vn 0.15774 0.538334 -0.827838
vn 0.79894 0.361113 -0.480929
vn 0.85126 0.415284 0.320773
vn -0.465193 -0.47518 -0.74686
vn -0.471722 -0.651658 -0.593986
vn -0.346176 0.603266 -0.718493
vn -0.778674 0.39138 -0.490396
vn -0.070508 -0.119009 0.990387
vn -0.113364 -0.195133 0.974203
vn 0.52513 -0.420557 0.739845
vn 0.51399 -0.51714 0.684383
vn -0.0496386 -0.0836529 0.995258
vn 0.620673 -0.433209 0.653525
vn -0.276215 -0.530955 0.80112
vn 0.295362 -0.720217 0.627733
vn -0.405224 0.483511 0.775893
vn -0.524367 0.709358 0.47101
vn -0.539747 -0.017222 0.841651
vn -0.596724 -0.61789 0.511989
vn -0.513854 -0.680863 0.521899
vn -0.7227 0.369748 0.583945
vn -0.605262 -0.0435067 -0.794837
vn 0.650688 -0.240128 0.720377
vn 0.680921 -0.27517 -0.678696
vn 0.824001 0.187606 -0.534627
vn 0.7855 0.244714 0.568423
vn -0.010833 -0.0134939 -0.99985
vn 0.247484 0.494375 -0.833274
vn -0.330055 0.814269 0.477524
vn -0.336099 0.676542 -0.655232
vn -0.635959 0.181531 -0.750069
vn -0.747312 0.0808635 0.659535
vn -0.741835 0.250371 0.622089
vn -0.778648 -0.184573 0.5997
vn 0.232711 0.501142 0.833488
vn -0.49361 0.514077 -0.70148
vn 0.574443 -0.386277 -0.721668
vn -0.0647779 -0.0703981 -0.995413
vn 0.00298215 0.0623777 0.998048
vn -0.624321 0.149571 -0.766715
vn -0.804263 -0.417312 -0.423097
vn -0.0770722 -0.134091 -0.987967
vn -0.382236 -0.718471 -0.581115
vn -0.06608 -0.0925539 -0.993513
vn 0.543412 -0.424638 -0.724145
vn 0.152505 -0.88006 -0.449707
vn 0.51306 -0.412294 -0.75285
vn -0.849364 -0.0851422 -0.520896
vn -0.826605 -0.0679586 0.558664
vn -0.189411 -0.785353 -0.589359
vn -0.490471 -0.854906 -0.16904
vn -0.600147 -0.506099 -0.619425
vn -0.546715 -0.827158 -0.130049
vn -0.704153 -0.521246 0.482152
vn -0.299767 0.811485 0.501629
vn -0.462356 0.618591 0.635273
vn -0.775919 0.118985 -0.61951
vn -0.755063 0.401096 -0.518654
vn -0.636433 0.67774 -0.368268
vn -0.256363 0.944095 -0.207275
vn -0.923254 -0.263312 0.279764
vn -0.900654 0.385626 0.200284
vn -0.643393 -0.68385 0.344085
vn -0.781442 0.56387 0.267206
vn -0.987998 -0.154301 0.00710181
vn -0.788352 -0.0931243 -0.608136
vn -0.317909 -0.669321 0.671523
vn -0.666415 0.671073 0.324888
vn -0.337975 0.786765 0.516501
vn -0.0988181 -0.826991 0.553462
vn -0.30126 -0.88926 0.34418
vn -0.0737058 -0.12524 0.989385
vn 0.276453 -0.236039 0.93159
vn -0.465423 0.0366108 0.884331
vn -0.619721 -0.766746 0.167471
vn -0.726727 -0.686541 -0.0230128
vn -0.580867 -0.773757 -0.252771
vn -0.376367 -0.795194 -0.475409
vn -0.134822 -0.822327 -0.552812
vn -0.261975 0.0162592 0.964938
vn -0.767763 0.190374 0.611799
vn -0.73195 -0.526066 0.433017
vn -0.265624 -0.692497 0.670739
vn -0.177169 0.0228189 0.983916
vn 0.533524 -0.188462 0.824521
vn 0.251404 -0.795607 0.551185
vn -0.80105 0.170203 0.57389
vn -0.882131 0.162935 0.441924
vn -0.97561 0.207456 -0.0717443
vn -0.970843 0.238493 -0.0241956
vn -0.976949 0.205322 -0.0584254
vn -0.760489 0.147028 -0.632487
vn -0.719457 0.179535 -0.670931
vn -0.844364 0.137725 -0.517765
vn -0.3239 0.00260131 -0.946088
vn -0.485284 -0.0143574 -0.874239
vn -0.104982 -0.234132 -0.96652
vn 0.237649 -0.30217 -0.923156
vn 0.506863 -0.861833 -0.0182723
vn -0.102218 0.0220562 -0.994517
vn -0.721777 0.113014 -0.682836
vn -0.684366 0.0419691 -0.72793
vn -0.136092 -0.0738222 -0.987942
vn -0.718429 -0.49204 -0.491688
vn -0.860231 -0.509904 -0.000379046
vn 0.137925 0.426534 0.893894
vn -0.606678 0.413311 0.679055
vn -0.600645 -0.594005 0.535148
vn 0.110366 -0.599975 0.792369
vn -0.983093 0.178428 0.041132
vn -0.729366 -0.681716 0.0573524
vn -0.916732 -0.0438071 -0.397093
vn -0.562671 -0.790579 -0.241632
vn -0.647461 -0.731906 -0.212386
vn -0.948472 -0.0110757 -0.316667
vn -0.958812 -0.0316145 -0.282276
vn -0.662479 -0.724022 -0.192128
vn -0.937383 -0.0264667 -0.347294
vn -0.665012 -0.697907 -0.265866
vn -0.684684 -0.0441338 -0.727503
vn -0.469453 -0.682209 -0.56054
vn -0.0281754 -0.0153976 -0.999484
vn -0.0137479 -0.612116 -0.790649
vn 0.5793 0.0237006 -0.81477
vn 0.408518 -0.651669 -0.639093
vn 0.562741 -0.639905 0.523301
vn 0.721164 0.319365 0.614759
vn 0.729506 -0.63558 0.252705
vn 0.942254 0.167567 0.289963
vn 0.760395 -0.639569 0.112922
vn 0.982882 0.114134 0.144627
vn 0.711193 -0.68761 0.146276
vn 0.974505 0.0742749 0.211717
vn 0.714375 -0.686551 0.135335
vn 0.97063 0.055163 0.23417
vn 0.73725 -0.636933 -0.225342
vn 0.948997 0.0488117 -0.311484
vn -0.0737533 -0.994543 0.0737823
vn -0.0162755 -0.995921 0.0887497
vn -0.0369654 -0.999313 -0.00261388
vn 0.0231973 -0.99956 0.0184905
vn -0.0477418 -0.99851 -0.0264377
vn 0.0396414 -0.999203 0.00469996
vn 0.00805887 -0.997656 -0.0679459
vn -0.0360715 -0.996143 -0.0799882
vn -0.934736 0.134194 -0.329031
vn -0.682922 0.162493 -0.71219
vn -0.451131 0.866932 -0.21192
vn -0.400217 0.842782 -0.359924
vn -0.945017 0.298411 -0.133768
vn -0.424619 0.902317 -0.0743153
vn -0.0711328 0.97819 0.195152
vn -0.165177 0.978586 -0.122823
vn -0.0145451 0.834483 -0.550841
vn -0.0176097 0.19995 -0.979648
vn 0.356262 0.821822 -0.444619
vn 0.577891 0.209095 -0.788873
vn -0.0350211 0.893072 -0.448548
vn 0.18346 0.912797 -0.36489
vn -0.0625 0.979796 0.189981
vn 0.490306 0.85983 0.142452
vn -0.0860973 0.99462 0.0576061
vn 0.550988 0.831586 -0.069833
vn 0.505098 0.862179 0.039041
vn 0.948198 0.194288 0.251341
vn 0.947207 0.216996 -0.236035
vn 0.348275 0.933487 -0.0854736
vn 0.108464 0.929287 0.353073
vn 0.906765 0.275456 0.319219
vn -0.388206 0.890387 0.23771
vn 0.35823 0.846196 0.394492
vn -0.263464 0.945492 0.191392
vn 0.272986 0.910085 0.311806
vn -0.180138 0.961538 0.207354
vn 0.213554 0.92596 0.311438
vn -0.283521 0.908127 0.308093
vn 0.15761 0.894257 0.418883
vn 0.538568 0.718775 0.439666
vn 0.713032 0.634613 0.29808
vn 0.858509 0.455095 0.236327
vn -0.848699 0.486687 -0.206991
vn -0.784014 0.60097 -0.155427
vn -0.731461 0.679666 0.0549413
vn -0.0281045 -0.971069 -0.237141
vn -0.302324 -0.919632 -0.250753
vn -0.530193 -0.805975 -0.263248
vn -0.585278 -0.809764 -0.0416126
vn -0.584747 -0.780409 0.221436
vn -0.301135 -0.841047 0.449396
vn 0.030121 -0.971147 0.236572
vn 0.00717744 -0.998904 -0.0462508
vn -0.144758 -0.029857 0.989017
vn 0.594316 -0.135964 0.792655
vn 0.950947 -0.297526 -0.0847204
vn -0.723484 0.0512114 0.68844
vn -0.981588 0.140837 -0.129035
vn 0.540045 -0.139321 -0.830024
vn -0.098428 0.0645246 -0.99305
vn 0.532498 -0.0369721 -0.845623
vn -0.714843 0.141731 -0.684771
vn -0.97947 0.185325 0.0793279
vn -0.648222 0.229496 0.726044
vn 0.0434439 0.181091 0.982506
vn 0.737974 -0.0496415 0.673001
vn 0.987041 -0.120238 -0.106272
vn -0.0113567 0.00201563 0.999933
vn -0.719047 0.107139 0.686653
vn 0.53808 -0.0796056 -0.839127
vn 0.987795 -0.155527 -0.00855533
vt 0.11357 0.302245
vt 0.106334 0.2539
vt 0.0519806 0.261925
vt 0.0519492 0.31576
vt 0.100888 0.197278
vt 0.0544578 0.204054
vt 0.112776 0.137559
vt 0.0602122 0.141716
vt 0.123357 0.101321
vt 0.0705672 0.0946444
vt 0.0192139 0.209668
vt 0.0270039 0.266586
vt 0.403007 0.782715
vt 0.390461 0.772056
vt 0.436786 0.752045
vt 0.447754 0.755909
vt 0.343716 0.782715
vt 0.347301 0.762682
vt 0.000488281 0.0911924
vt 0.00935078 0.150057
vt 0.0394421 0.0535442
vt 0.0914136 0.0486112
vt 0.135716 0.105225
vt 0.146845 0.0601495
vt 0.141561 0.0571304
vt 0.0374771 0.320579
vt 0.391899 0.744822
vt 0.43143 0.744602
vt 0.377157 0.714231
vt 0.389735 0.708211
vt 0.109565 0.0168365
vt 0.0773822 0.000488281
vt 0.29431 0.754976
vt 0.296251 0.710696
vt 0.210421 0.0178456
vt 0.240334 0.0450473
vt 0.28636 0.0361769
vt 0.243721 0.00439453
vt 0.361584 0.735435
vt 0.364196 0.71143
vt 0.335321 0.699118
vt 0.3582 0.69873
vt 0.374758 0.324082
vt 0.405272 0.323224
vt 0.373187 0.334749
vt 0.407403 0.333626
vt 0.40289 0.311349
vt 0.37417 0.312779
vt 0.40709 0.345566
vt 0.372559 0.346191
vt 0.167066 0.0381318
vt 0.180537 0.0572687
vt 0.151443 0.0391055
vt 0.157715 0.0428989
vt 0.160645 0.042268
vt 0.174631 0.0624006
vt 0.116123 0.61077
vt 0.135199 0.606911
vt 0.116955 0.643184
vt 0.0877502 0.643514
vt 0.0874023 0.662528
vt 0.116242 0.665385
vt 0.499512 0.530507
vt 0.470028 0.530882
vt 0.496204 0.508461
vt 0.468397 0.506711
vt 0.128432 0.134998
vt 0.140312 0.17232
vt 0.157683 0.158167
vt 0.140778 0.251701
vt 0.137594 0.301954
vt 0.191484 0.0911765
vt 0.202811 0.0817231
vt 0.20315 0.133396
vt 0.223678 0.132022
vt 0.27682 0.0801863
vt 0.292239 0.0498344
vt 0.278643 0.757454
vt 0.26123 0.732457
vt 0.320801 0.0854448
vt 0.320801 0.0515514
vt 0.28076 0.133366
vt 0.320489 0.134559
vt 0.228249 0.302333
vt 0.27329 0.308666
vt 0.277913 0.250271
vt 0.225121 0.246345
vt 0.315914 0.250722
vt 0.309199 0.316579
vt 0.278868 0.195572
vt 0.22352 0.19412
vt 0.317939 0.19596
vt 0.173911 0.16294
vt 0.193439 0.177237
vt 0.43211 0.0853582
vt 0.401841 0.0721629
vt 0.425125 0.150797
vt 0.377296 0.148256
vt 0.207042 0.250774
vt 0.209496 0.302306
vt 0.187665 0.253789
vt 0.194571 0.307419
vt 0.157715 0.249128
vt 0.156942 0.306192
vt 0.154872 0.193636
vt 0.17954 0.199375
vt 0.134436 0.557835
vt 0.145171 0.554121
vt 0.18404 0.543899
vt 0.192139 0.596221
vt 0.456479 0.418492
vt 0.486726 0.479832
vt 0.445309 0.415324
vt 0.461353 0.471567
vt 0.193298 0.6355
vt 0.190699 0.667197
vt 0.394826 0.532715
vt 0.395052 0.498711
vt 0.395004 0.451261
vt 0.406174 0.40372
vt 0.374689 0.530664
vt 0.372743 0.493937
vt 0.299704 0.532715
vt 0.298594 0.488287
vt 0.210702 0.669434
vt 0.212992 0.633982
vt 0.291704 0.625688
vt 0.285198 0.669434
vt 0.212196 0.591998
vt 0.29541 0.5769
vt 0.207328 0.540271
vt 0.291391 0.527832
vt 0.383565 0.396528
vt 0.376972 0.447986
vt 0.300094 0.375488
vt 0.29834 0.429223
vt 0.11084 0.856753
vt 0.0621554 0.842715
vt 0.108176 0.812677
vt 0.058549 0.833082
vt 0.0766514 0.895996
vt 0.032364 0.895996
vt 0.0452789 0.849199
vt 0.0577975 0.849081
vt 0.00146484 0.85811
vt 0.0363903 0.840923
vt 0.0485164 0.825832
vt 0.0550054 0.787598
vt 0.037114 0.829416
vt 0.00661942 0.809351
vt 0.218711 0.779253
vt 0.242998 0.781929
vt 0.213384 0.79009
vt 0.244676 0.790786
vt 0.221516 0.768228
vt 0.24272 0.769022
vt 0.216456 0.757518
vt 0.23992 0.75816
vt 0.211044 0.746643
vt 0.240734 0.747077
vt 0.208496 0.736816
vt 0.240229 0.738253
vt 0.210802 0.802246
vt 0.242824 0.800607
vt 0.257272 0.78177
vt 0.256673 0.792468
vt 0.256892 0.802246
vt 0.254249 0.738517
vt 0.255051 0.748895
vt 0.257012 0.759798
vt 0.259277 0.769704
vt 0.448891 0.559646
vt 0.459775 0.569009
vt 0.457751 0.572701
vt 0.44857 0.580716
vt 0.317497 0.885624
vt 0.324641 0.884759
vt 0.327975 0.90871
vt 0.320479 0.910168
vt 0.340377 0.883098
vt 0.342803 0.906404
vt 0.356294 0.88511
vt 0.358626 0.904029
vt 0.487793 0.586426
vt 0.471131 0.578815
vt 0.472844 0.561944
vt 0.484705 0.547475
vt 0.465188 0.572394
vt 0.464615 0.568497
vt 0.445134 0.586426
vt 0.281473 0.889065
vt 0.271827 0.871447
vt 0.300175 0.886902
vt 0.294129 0.860526
vt 0.0486394 0.910093
vt 0.0716699 0.908618
vt 0.0704388 0.934898
vt 0.0463867 0.930718
vt 0.27446 0.932144
vt 0.258199 0.946585
vt 0.256348 0.926238
vt 0.266012 0.919562
vt 0.0928202 0.913574
vt 0.0723864 0.904302
vt 0.0824653 0.900879
vt 0.0612386 0.902388
vt 0.33451 0.935253
vt 0.353406 0.951007
vt 0.32412 0.93921
vt 0.346475 0.95752
vt 0.360538 0.921513
vt 0.348897 0.928908
vt 0.269988 0.907793
vt 0.273322 0.908166
vt 0.270142 0.893909
vt 0.261376 0.885417
vt 0.434082 0.540527
vt 0.269328 0.95752
vt 0.296784 0.941054
vt 0.319615 0.85791
vt 0.0702525 0.953285
vt 0.0469646 0.95185
vt 0.299753 0.911174
vt 0.097168 0.926097
vt 0.0952799 0.95484
vt 0.370384 0.923541
vt 0.362852 0.94115
vt 0.0925139 0.997559
vt 0.0703291 0.995847
vt 0.0929751 0.976894
vt 0.0706362 0.975895
vt 0.0702364 0.962162
vt 0.0935415 0.963714
vt 0.0472284 0.997559
vt 0.0467475 0.974347
vt 0.0475954 0.961124
vt 0.329893 0.859435
vt 0.344662 0.864284
vt 0.367588 0.877634
vt 0.373535 0.901724
vt 0.408661 0.310873
vt 0.410118 0.322951
vt 0.411586 0.333641
vt 0.41025 0.345531
vt 0.433105 0.304199
vt 0.432492 0.320689
vt 0.421652 0.334743
vt 0.418054 0.346191
vt 0.455842 0.601153
vt 0.415455 0.627864
vt 0.404852 0.562797
vt 0.389246 0.570943
vt 0.371708 0.561621
vt 0.350387 0.588808
vt 0.369155 0.548816
vt 0.358737 0.546573
vt 0.322796 0.596327
vt 0.300293 0.54248
vt 0.0391867 0.605493
vt 0.0718275 0.600415
vt 0.0805664 0.537598
vt 0.0460842 0.542965
vt 0.355631 0.853116
vt 0.391228 0.80536
vt 0.337402 0.841499
vt 0.379676 0.792758
vt 0.40805 0.87541
vt 0.421437 0.847279
vt 0.381241 0.866373
vt 0.408699 0.822971
vt 0.476282 0.777222
vt 0.478027 0.770996
vt 0.482226 0.308105
vt 0.442595 0.33116
vt 0.445765 0.335284
vt 0.48291 0.314445
vt 0.421004 0.674167
vt 0.33507 0.673382
vt 0.41983 0.359749
vt 0.425093 0.361598
vt 0.415695 0.395996
vt 0.409668 0.395291
vt 0.473336 0.852838
vt 0.465145 0.829125
vt 0.0534929 0.651189
vt 0.0805664 0.647613
vt 0.478027 0.881348
vt 0.320127 0.680176
vt 0.421626 0.680176
vt 0.481384 0.651421
vt 0.483887 0.658151
vt 0.016852 0.565573
vt 0.00927734 0.610176
vt 0.0302557 0.654785
vt 0.468283 0.947489
vt 0.436092 0.889733
vt 0.383669 0.891672
vt 0.3958 0.937096
vt 0.48291 0.385918
vt 0.474295 0.88936
vt 0.0428896 0.331543
vt 0.0552581 0.327732
vt 0.109222 0.311726
vt 0.222357 0.372406
vt 0.217253 0.400743
vt 0.292435 0.369013
vt 0.29248 0.387012
vt 0.18251 0.376028
vt 0.175187 0.405875
vt 0.207464 0.46182
vt 0.285543 0.469561
vt 0.131144 0.321782
vt 0.14726 0.329436
vt 0.208099 0.328233
vt 0.218115 0.321524
vt 0.231988 0.318257
vt 0.269672 0.320049
vt 0.305047 0.328613
vt 0.170327 0.457959
vt 0.138645 0.46413
vt 0.0792513 0.477581
vt 0.139579 0.501629
vt 0.082366 0.503595
vt 0.131717 0.417364
vt 0.061713 0.447794
vt 0.166946 0.499315
vt 0.203534 0.498083
vt 0.291609 0.501233
vt 0.146327 0.526855
vt 0.172116 0.526847
vt 0.203826 0.523477
vt 0.29248 0.524783
vt 0.481934 0.155761
vt 0.452248 0.153251
vt 0.480006 0.1814
vt 0.45092 0.179231
vt 0.478684 0.213573
vt 0.450611 0.214895
vt 0.449692 0.300827
vt 0.466008 0.303046
vt 0.423374 0.177619
vt 0.422919 0.212456
vt 0.429207 0.300276
vt 0.373903 0.213112
vt 0.375321 0.303934
vt 0.32554 0.310059
vt 0.331421 0.213027
vt 0.371967 0.173336
vt 0.328165 0.157405
vt 0.32373 0.143584
vt 0.381039 0.04959
vt 0.218666 0.881103
vt 0.216275 0.88813
vt 0.200606 0.881424
vt 0.204842 0.889575
vt 0.460608 0.0922968
vt 0.0758042 0.524475
vt 0.481934 0.084651
vt 0.130145 0.36377
vt 0.0365753 0.426913
vt 0.20451 0.349966
vt 0.18107 0.347698
vt 0.205049 0.332241
vt 0.182887 0.32959
vt 0.151532 0.3532
vt 0.14936 0.335066
vt 0.120219 0.341044
vt 0.119085 0.360404
vt 0.0926811 0.346435
vt 0.0929125 0.36613
vt 0.0693124 0.367297
vt 0.0690122 0.347795
vt 0.0456954 0.370379
vt 0.0420538 0.350997
vt 0.0202682 0.372669
vt 0.0170467 0.356247
vt 0.00487801 0.374512
vt 0.00146484 0.359627
vt 0.401005 0.374512
vt 0.384153 0.373173
vt 0.405762 0.360008
vt 0.387218 0.358535
vt 0.232968 0.337555
vt 0.230555 0.356009
vt 0.264139 0.344421
vt 0.261513 0.360666
vt 0.292401 0.348779
vt 0.290742 0.365128
vt 0.316162 0.351838
vt 0.314634 0.367581
vt 0.346922 0.35333
vt 0.345273 0.371274
vt 0.372918 0.35665
vt 0.369182 0.373134
vt 0.127682 0.85998
vt 0.165075 0.853736
vt 0.155184 0.872559
vt 0.188573 0.872559
vt 0.125488 0.836157
vt 0.160558 0.833523
vt 0.145898 0.818509
vt 0.176496 0.811035
vt 0.214233 0.86443
vt 0.210368 0.84881
vt 0.208074 0.832604
vt 0.20613 0.812476
vt 0.237952 0.863695
vt 0.23225 0.847348
vt 0.229515 0.828964
vt 0.229929 0.816436
vt 0.260858 0.814506
vt 0.262714 0.83513
vt 0.262463 0.850226
vt 0.261849 0.864581
vt 0.284894 0.816089
vt 0.293755 0.828367
vt 0.286508 0.857473
vt 0.296387 0.845319
vt 0.188202 0.803223
vt 0.188283 0.781797
vt 0.159515 0.797694
vt 0.160969 0.777586
vt 0.186714 0.760428
vt 0.159577 0.754953
vt 0.135822 0.742646
vt 0.131649 0.760692
vt 0.130118 0.790673
vt 0.180502 0.749836
vt 0.16566 0.741037
vt 0.205199 0.78145
vt 0.19819 0.758288
vt 0.201758 0.69497
vt 0.18995 0.690263
vt 0.186083 0.704837
vt 0.193371 0.710037
vt 0.189556 0.745972
vt 0.180164 0.711827
vt 0.183909 0.716402
vt 0.158926 0.733299
vt 0.15541 0.724169
vt 0.136691 0.718961
vt 0.178474 0.687288
vt 0.15868 0.688643
vt 0.17809 0.70286
vt 0.156788 0.708482
vt 0.172694 0.709557
vt 0.162612 0.711964
vt 0.135567 0.695775
vt 0.111783 0.721101
vt 0.111229 0.737142
vt 0.0872355 0.719207
vt 0.0861249 0.735448
vt 0.0744499 0.71694
vt 0.0713382 0.734557
vt 0.0487587 0.716309
vt 0.0483805 0.734643
vt 0.0202855 0.712003
vt 0.019043 0.737184
vt 0.0530278 0.700516
vt 0.0438024 0.690983
vt 0.0787887 0.697169
vt 0.0765248 0.679691
vt 0.104253 0.694221
vt 0.106495 0.676145
vt 0.13034 0.6741
vt 0.158911 0.673361
vt 0.18108 0.672363
vt 0.192698 0.674666
vt 0.206543 0.802766
vt 0.206543 0.680607
vt 0.0783469 0.759862
vt 0.106008 0.762344
vt 0.0448451 0.764178
vt 0.0554143 0.75383
vt 0.104042 0.786773
vt 0.074394 0.778194
vt 0.434985 0.0576384
vt 0.425513 0.0512878
vt 0.44195 0.0578052
vt 0.447682 0.0550198
vt 0.0474705 0.486813
vt 0.0455101 0.490437
vt 0.0478595 0.476177
vt 0.0447203 0.46906
vt 0.0356445 0.466656
vt 0.420876 0.0444336
vt 0.227093 0.922054
vt 0.214979 0.921886
vt 0.223058 0.912245
vt 0.22707 0.912534
vt 0.230354 0.930736
vt 0.222756 0.931204
vt 0.229211 0.900133
vt 0.223208 0.900933
vt 0.209317 0.894088
vt 0.229946 0.895186
vt 0.229685 0.887318
vt 0.228415 0.878658
vt 0.219326 0.950756
vt 0.216575 0.940532
vt 0.230957 0.940032
vt 0.229059 0.952637
vt 0.111906 0.94588
vt 0.136543 0.941347
vt 0.111637 0.952637
vt 0.133949 0.949571
vt 0.13238 0.882212
vt 0.128006 0.889591
vt 0.11007 0.877441
vt 0.107947 0.885726
vt 0.126233 0.899762
vt 0.100342 0.898643
vt 0.123866 0.906124
vt 0.100098 0.90762
vt 0.123957 0.915469
vt 0.101352 0.916152
vt 0.130048 0.923992
vt 0.107958 0.926919
vt 0.136446 0.933042
vt 0.111211 0.937617
vt 0.195196 0.901604
vt 0.195304 0.913735
vt 0.201758 0.940301
vt 0.201441 0.949348
vt 0.202976 0.929618
vt 0.948051 0.31576
vt 0.948019 0.261925
vt 0.88643 0.302245
vt 0.893666 0.2539
vt 0.945542 0.204054
vt 0.899112 0.197278
vt 0.939788 0.141716
vt 0.887224 0.137559
vt 0.929433 0.0946444
vt 0.876643 0.101321
vt 0.980786 0.209668
vt 0.972996 0.266586
vt 0.563214 0.752045
vt 0.609539 0.772056
vt 0.596993 0.782715
vt 0.552246 0.755909
vt 0.652699 0.762682
vt 0.656284 0.782715
vt 0.999512 0.0911924
vt 0.990649 0.150057
vt 0.908586 0.0486112
vt 0.960558 0.0535442
vt 0.858439 0.0571304
vt 0.853155 0.0601495
vt 0.864284 0.105225
vt 0.962523 0.320579
vt 0.56857 0.744602
vt 0.608101 0.744822
vt 0.610265 0.708211
vt 0.622843 0.714231
vt 0.922618 0.000488281
vt 0.890435 0.0168365
vt 0.703749 0.710696
vt 0.70569 0.754976
vt 0.756279 0.00439453
vt 0.71364 0.0361769
vt 0.789579 0.0178456
vt 0.759666 0.0450473
vt 0.635804 0.71143
vt 0.638416 0.735435
vt 0.664679 0.699118
vt 0.6418 0.69873
vt 0.626813 0.334749
vt 0.592597 0.333626
vt 0.594728 0.323224
vt 0.625242 0.324082
vt 0.62583 0.312779
vt 0.59711 0.311349
vt 0.59291 0.345566
vt 0.627441 0.346191
vt 0.819463 0.0572687
vt 0.832933 0.0381318
vt 0.848557 0.0391055
vt 0.842285 0.0428989
vt 0.825369 0.0624006
vt 0.839355 0.042268
vt 0.91225 0.643514
vt 0.883045 0.643184
vt 0.883877 0.61077
vt 0.864801 0.606911
vt 0.912598 0.662528
vt 0.883758 0.665385
vt 0.503796 0.508461
vt 0.531603 0.506711
vt 0.529972 0.530882
vt 0.500488 0.530507
vt 0.871568 0.134998
vt 0.859688 0.17232
vt 0.842317 0.158167
vt 0.859222 0.251701
vt 0.862406 0.301954
vt 0.797189 0.0817231
vt 0.808516 0.0911765
vt 0.776322 0.132022
vt 0.79685 0.133396
vt 0.72318 0.0801863
vt 0.707761 0.0498344
vt 0.73877 0.732457
vt 0.721357 0.757454
vt 0.679199 0.0854448
vt 0.679199 0.0515514
vt 0.679511 0.134559
vt 0.71924 0.133366
vt 0.774879 0.246345
vt 0.722087 0.250271
vt 0.771751 0.302333
vt 0.72671 0.308666
vt 0.684086 0.250722
vt 0.690801 0.316579
vt 0.721132 0.195572
vt 0.77648 0.19412
vt 0.682061 0.19596
vt 0.806561 0.177237
vt 0.826089 0.16294
vt 0.574875 0.150797
vt 0.622704 0.148256
vt 0.598159 0.0721629
vt 0.56789 0.0853582
vt 0.790504 0.302306
vt 0.792958 0.250774
vt 0.805429 0.307419
vt 0.812335 0.253789
vt 0.843058 0.306192
vt 0.842285 0.249128
vt 0.845128 0.193636
vt 0.82046 0.199375
vt 0.865564 0.557835
vt 0.854829 0.554121
vt 0.807861 0.596221
vt 0.81596 0.543899
vt 0.554691 0.415324
vt 0.538647 0.471567
vt 0.513274 0.479832
vt 0.543521 0.418492
vt 0.806702 0.6355
vt 0.809301 0.667197
vt 0.604948 0.498711
vt 0.605174 0.532715
vt 0.604996 0.451261
vt 0.593826 0.40372
vt 0.627257 0.493937
vt 0.625311 0.530664
vt 0.701406 0.488287
vt 0.700296 0.532715
vt 0.789298 0.669434
vt 0.787008 0.633982
vt 0.714802 0.669434
vt 0.708296 0.625688
vt 0.787804 0.591998
vt 0.70459 0.5769
vt 0.792672 0.540271
vt 0.708609 0.527832
vt 0.616435 0.396528
vt 0.623028 0.447986
vt 0.699906 0.375488
vt 0.70166 0.429223
vt 0.891824 0.812677
vt 0.941451 0.833082
vt 0.937845 0.842715
vt 0.88916 0.856753
vt 0.942203 0.849081
vt 0.954721 0.849199
vt 0.923349 0.895996
vt 0.967636 0.895996
vt 0.96361 0.840923
vt 0.998535 0.85811
vt 0.944995 0.787598
vt 0.951484 0.825832
vt 0.993381 0.809351
vt 0.962886 0.829416
vt 0.786616 0.79009
vt 0.755324 0.790786
vt 0.757002 0.781929
vt 0.781289 0.779253
vt 0.778484 0.768228
vt 0.75728 0.769022
vt 0.783544 0.757518
vt 0.76008 0.75816
vt 0.788956 0.746643
vt 0.759266 0.747077
vt 0.791504 0.736816
vt 0.759771 0.738253
vt 0.789198 0.802246
vt 0.757176 0.800607
vt 0.743327 0.792468
vt 0.742728 0.78177
vt 0.743109 0.802246
vt 0.744949 0.748895
vt 0.745751 0.738517
vt 0.742988 0.759798
vt 0.740723 0.769704
vt 0.55143 0.580716
vt 0.542249 0.572701
vt 0.551109 0.559646
vt 0.540225 0.569009
vt 0.679521 0.910168
vt 0.672025 0.90871
vt 0.682503 0.885624
vt 0.675359 0.884759
vt 0.657197 0.906404
vt 0.659623 0.883098
vt 0.641374 0.904029
vt 0.643706 0.88511
vt 0.515295 0.547475
vt 0.527156 0.561944
vt 0.512207 0.586426
vt 0.528869 0.578815
vt 0.534812 0.572394
vt 0.535385 0.568497
vt 0.554866 0.586426
vt 0.699825 0.886902
vt 0.705871 0.860526
vt 0.728173 0.871447
vt 0.718527 0.889065
vt 0.953613 0.930718
vt 0.929561 0.934898
vt 0.951361 0.910093
vt 0.92833 0.908618
vt 0.733988 0.919562
vt 0.743652 0.926238
vt 0.725541 0.932144
vt 0.741801 0.946585
vt 0.917535 0.900879
vt 0.927614 0.904302
vt 0.90718 0.913574
vt 0.938761 0.902388
vt 0.67588 0.93921
vt 0.653525 0.95752
vt 0.646594 0.951007
vt 0.66549 0.935253
vt 0.651103 0.928908
vt 0.639462 0.921513
vt 0.726678 0.908166
vt 0.730012 0.907793
vt 0.729858 0.893909
vt 0.738624 0.885417
vt 0.565918 0.540527
vt 0.703216 0.941054
vt 0.730672 0.95752
vt 0.680385 0.85791
vt 0.929748 0.953285
vt 0.953035 0.95185
vt 0.700247 0.911174
vt 0.902832 0.926097
vt 0.90472 0.95484
vt 0.637148 0.94115
vt 0.629616 0.923541
vt 0.907025 0.976894
vt 0.929364 0.975895
vt 0.929671 0.995847
vt 0.907486 0.997559
vt 0.906458 0.963714
vt 0.929764 0.962162
vt 0.953252 0.974347
vt 0.952772 0.997559
vt 0.952405 0.961124
vt 0.670107 0.859435
vt 0.655338 0.864284
vt 0.632412 0.877634
vt 0.626465 0.901724
vt 0.589882 0.322951
vt 0.591339 0.310873
vt 0.588414 0.333641
vt 0.58975 0.345531
vt 0.567508 0.320689
vt 0.566895 0.304199
vt 0.578348 0.334743
vt 0.581946 0.346191
vt 0.610754 0.570943
vt 0.584545 0.627864
vt 0.595148 0.562797
vt 0.544158 0.601153
vt 0.641263 0.546573
vt 0.649613 0.588808
vt 0.630845 0.548816
vt 0.628292 0.561621
vt 0.699707 0.54248
vt 0.677204 0.596327
vt 0.928172 0.600415
vt 0.960813 0.605493
vt 0.919434 0.537598
vt 0.953916 0.542965
vt 0.620324 0.792758
vt 0.608772 0.80536
vt 0.662598 0.841499
vt 0.644369 0.853116
vt 0.618759 0.866373
vt 0.5913 0.822971
vt 0.578563 0.847279
vt 0.59195 0.87541
vt 0.521973 0.770996
vt 0.523718 0.777222
vt 0.51709 0.314445
vt 0.554235 0.335284
vt 0.517774 0.308105
vt 0.557405 0.33116
vt 0.66493 0.673382
vt 0.578996 0.674167
vt 0.574907 0.361598
vt 0.58017 0.359749
vt 0.584305 0.395996
vt 0.590332 0.395291
vt 0.534855 0.829125
vt 0.526664 0.852838
vt 0.946507 0.651189
vt 0.919434 0.647613
vt 0.521973 0.881348
vt 0.679873 0.680176
vt 0.578374 0.680176
vt 0.518616 0.651421
vt 0.516113 0.658151
vt 0.983148 0.565573
vt 0.990723 0.610176
vt 0.969744 0.654785
vt 0.563908 0.889733
vt 0.531717 0.947489
vt 0.616331 0.891672
vt 0.6042 0.937096
vt 0.51709 0.385918
vt 0.525705 0.88936
vt 0.944742 0.327732
vt 0.95711 0.331543
vt 0.890778 0.311726
vt 0.70752 0.387012
vt 0.782747 0.400743
vt 0.707564 0.369013
vt 0.777643 0.372406
vt 0.824813 0.405875
vt 0.81749 0.376028
vt 0.714457 0.469561
vt 0.792536 0.46182
vt 0.868856 0.321782
vt 0.85274 0.329436
vt 0.781885 0.321524
vt 0.791901 0.328233
vt 0.768012 0.318257
vt 0.730328 0.320049
vt 0.694953 0.328613
vt 0.829673 0.457959
vt 0.860421 0.501629
vt 0.917634 0.503595
vt 0.920749 0.477581
vt 0.861355 0.46413
vt 0.868283 0.417364
vt 0.938287 0.447794
vt 0.833054 0.499315
vt 0.708391 0.501233
vt 0.796466 0.498083
vt 0.827884 0.526847
vt 0.853673 0.526855
vt 0.796174 0.523477
vt 0.70752 0.524783
vt 0.519994 0.1814
vt 0.54908 0.179231
vt 0.547752 0.153251
vt 0.518066 0.155761
vt 0.521316 0.213573
vt 0.549389 0.214895
vt 0.533992 0.303046
vt 0.550308 0.300827
vt 0.576626 0.177619
vt 0.577081 0.212456
vt 0.570793 0.300276
vt 0.624679 0.303934
vt 0.626097 0.213112
vt 0.668579 0.213027
vt 0.67446 0.310059
vt 0.671835 0.157405
vt 0.628033 0.173336
vt 0.67627 0.143584
vt 0.618961 0.04959
vt 0.799394 0.881424
vt 0.795158 0.889575
vt 0.783725 0.88813
vt 0.781334 0.881103
vt 0.539392 0.0922968
vt 0.924196 0.524475
vt 0.518066 0.084651
vt 0.869855 0.36377
vt 0.963425 0.426913
vt 0.794951 0.332241
vt 0.817113 0.32959
vt 0.81893 0.347698
vt 0.79549 0.349966
vt 0.85064 0.335066
vt 0.848468 0.3532
vt 0.907319 0.346435
vt 0.907088 0.36613
vt 0.880915 0.360404
vt 0.879781 0.341044
vt 0.930988 0.347795
vt 0.930688 0.367297
vt 0.957946 0.350997
vt 0.954305 0.370379
vt 0.982953 0.356247
vt 0.979732 0.372669
vt 0.998535 0.359627
vt 0.995122 0.374512
vt 0.594238 0.360008
vt 0.612782 0.358535
vt 0.615847 0.373173
vt 0.598995 0.374512
vt 0.769445 0.356009
vt 0.767032 0.337555
vt 0.738487 0.360666
vt 0.735861 0.344421
vt 0.709258 0.365128
vt 0.707599 0.348779
vt 0.685366 0.367581
vt 0.683838 0.351838
vt 0.654727 0.371274
vt 0.653078 0.35333
vt 0.630818 0.373134
vt 0.627082 0.35665
vt 0.844816 0.872559
vt 0.811427 0.872559
vt 0.834925 0.853736
vt 0.872318 0.85998
vt 0.839442 0.833523
vt 0.874512 0.836157
vt 0.854102 0.818509
vt 0.823504 0.811035
vt 0.785767 0.86443
vt 0.789632 0.84881
vt 0.791926 0.832604
vt 0.79387 0.812476
vt 0.762048 0.863695
vt 0.76775 0.847348
vt 0.770485 0.828964
vt 0.770071 0.816436
vt 0.737286 0.83513
vt 0.739142 0.814506
vt 0.738151 0.864581
vt 0.737537 0.850226
vt 0.715106 0.816089
vt 0.706245 0.828367
vt 0.713492 0.857473
vt 0.703613 0.845319
vt 0.840485 0.797694
vt 0.839031 0.777586
vt 0.811717 0.781797
vt 0.811798 0.803223
vt 0.840423 0.754953
vt 0.813286 0.760428
vt 0.868351 0.760692
vt 0.864178 0.742646
vt 0.869882 0.790673
vt 0.83434 0.741037
vt 0.819498 0.749836
vt 0.80181 0.758288
vt 0.794801 0.78145
vt 0.806629 0.710037
vt 0.813917 0.704837
vt 0.798242 0.69497
vt 0.81005 0.690263
vt 0.810444 0.745972
vt 0.816091 0.716402
vt 0.819836 0.711827
vt 0.841074 0.733299
vt 0.863309 0.718961
vt 0.84459 0.724169
vt 0.82191 0.70286
vt 0.843212 0.708482
vt 0.84132 0.688643
vt 0.821526 0.687288
vt 0.827306 0.709557
vt 0.837388 0.711964
vt 0.864433 0.695775
vt 0.888771 0.737142
vt 0.888217 0.721101
vt 0.913875 0.735448
vt 0.912764 0.719207
vt 0.928662 0.734557
vt 0.92555 0.71694
vt 0.95162 0.734643
vt 0.951241 0.716309
vt 0.980957 0.737184
vt 0.979714 0.712003
vt 0.956198 0.690983
vt 0.946972 0.700516
vt 0.923475 0.679691
vt 0.921211 0.697169
vt 0.893505 0.676145
vt 0.895747 0.694221
vt 0.86966 0.6741
vt 0.841089 0.673361
vt 0.81892 0.672363
vt 0.807302 0.674666
vt 0.793457 0.802766
vt 0.793457 0.680607
vt 0.893992 0.762344
vt 0.921653 0.759862
vt 0.944586 0.75383
vt 0.955155 0.764178
vt 0.895958 0.786773
vt 0.925606 0.778194
vt 0.574487 0.0512878
vt 0.565015 0.0576384
vt 0.55805 0.0578052
vt 0.552318 0.0550198
vt 0.95449 0.490437
vt 0.952529 0.486813
vt 0.952141 0.476177
vt 0.95528 0.46906
vt 0.964355 0.466656
vt 0.579124 0.0444336
vt 0.77293 0.912534
vt 0.776942 0.912245
vt 0.772907 0.922054
vt 0.785021 0.921886
vt 0.777244 0.931204
vt 0.769646 0.930736
vt 0.770789 0.900133
vt 0.776792 0.900933
vt 0.770054 0.895186
vt 0.790683 0.894088
vt 0.770315 0.887318
vt 0.771585 0.878658
vt 0.770941 0.952637
vt 0.769043 0.940032
vt 0.780674 0.950756
vt 0.783425 0.940532
vt 0.888363 0.952637
vt 0.866051 0.949571
vt 0.863457 0.941347
vt 0.888094 0.94588
vt 0.88993 0.877441
vt 0.892053 0.885726
vt 0.871994 0.889591
vt 0.86762 0.882212
vt 0.899658 0.898643
vt 0.873767 0.899762
vt 0.899902 0.90762
vt 0.876134 0.906124
vt 0.898648 0.916152
vt 0.876043 0.915469
vt 0.892042 0.926919
vt 0.869952 0.923992
vt 0.888789 0.937617
vt 0.863554 0.933042
vt 0.804696 0.913735
vt 0.804804 0.901604
vt 0.798242 0.940301
vt 0.798559 0.949348
vt 0.797024 0.929618
usemtl CBMaterial
f 1/1/1 2/2/2 3/3/3
f 1/1/1 3/3/3 4/4/4
f 2/2/2 5/5/5 6/6/6
f 2/2/2 6/6/6 3/3/3
f 5/5/5 7/7/7 8/8/8
f 5/5/5 8/8/8 6/6/6
f 7/7/7 9/9/9 10/10/10
f 7/7/7 10/10/10 8/8/8
f 11/11/11 12/12/12 3/3/3
f 11/11/11 3/3/3 6/6/6
f 13/13/13 14/14/14 15/15/15
f 13/13/13 15/15/15 16/16/16
f 13/13/13 17/17/17 14/14/14
f 17/17/17 18/18/18 14/14/14
f 16/19/16 19/20/19 8/8/8
f 16/19/16 8/8/8 10/10/10
f 13/21/13 16/19/16 10/10/10
f 13/21/13 10/10/10 20/22/20
f 19/20/19 11/11/11 8/8/8
f 11/11/11 6/6/6 8/8/8
f 9/9/9 21/23/21 22/24/22
f 9/9/9 22/24/22 23/25/23
f 12/12/12 24/26/24 4/4/4
f 12/12/12 4/4/4 3/3/3
f 9/9/9 23/25/23 10/10/10
f 23/25/23 20/22/20 10/10/10
f 14/14/14 25/27/25 26/28/26
f 14/14/14 26/28/26 15/15/15
f 25/27/25 27/29/27 26/28/26
f 27/29/27 28/30/28 26/28/26
f 20/22/20 29/31/29 13/21/13
f 29/31/29 17/32/17 13/21/13
f 17/17/17 30/33/30 31/34/31
f 17/17/17 31/34/31 18/18/18
f 29/35/29 32/36/32 30/37/30
f 29/35/29 30/37/30 17/38/17
f 25/27/25 33/39/33 27/29/27
f 33/39/33 34/40/34 27/29/27
f 14/14/14 18/18/18 33/39/33
f 14/14/14 33/39/33 25/27/25
f 33/39/33 35/41/35 34/40/34
f 35/41/35 36/42/36 34/40/34
f 35/41/35 33/39/33 18/18/18
f 35/41/35 18/18/18 31/34/31
f 34/43/34 37/44/37 27/45/27
f 37/44/37 38/46/38 27/45/27
f 39/47/39 37/44/37 36/48/36
f 37/44/37 34/43/34 36/48/36
f 38/46/38 40/49/40 27/45/27
f 40/49/40 28/50/28 27/45/27
f 29/35/29 41/51/41 32/36/32
f 41/51/41 42/52/42 32/36/32
f 20/22/20 23/25/23 41/53/41
f 20/22/20 41/53/41 29/31/29
f 23/25/23 22/24/22 41/53/41
f 22/24/22 43/54/43 41/53/41
f 41/51/41 43/55/43 44/56/44
f 41/51/41 44/56/44 42/52/42
f 21/57/21 45/58/45 46/59/46
f 21/57/21 46/59/46 22/60/22
f 22/60/22 46/59/46 43/61/43
f 46/59/46 47/62/47 43/61/43
f 43/63/43 47/64/47 44/65/44
f 47/64/47 48/66/48 44/65/44
f 7/7/7 49/67/49 21/23/21
f 7/7/7 21/23/21 9/9/9
f 7/7/7 5/5/5 49/67/49
f 5/5/5 50/68/50 49/67/49
f 49/67/49 50/68/50 51/69/51
f 49/67/49 51/69/51 21/23/21
f 2/2/2 52/70/52 50/68/50
f 2/2/2 50/68/50 5/5/5
f 1/1/1 53/71/53 2/2/2
f 53/71/53 52/70/52 2/2/2
f 44/56/44 54/72/54 55/73/55
f 44/56/44 55/73/55 42/52/42
f 54/72/54 56/74/56 57/75/57
f 54/72/54 57/75/57 55/73/55
f 55/73/55 58/76/58 32/36/32
f 55/73/55 32/36/32 42/52/42
f 58/76/58 59/77/59 32/36/32
f 59/77/59 30/37/30 32/36/32
f 30/33/30 59/78/59 31/34/31
f 59/78/59 60/79/60 31/34/31
f 58/76/58 61/80/61 59/77/59
f 61/80/61 60/81/60 59/77/59
f 58/76/58 62/82/62 63/83/63
f 58/76/58 63/83/63 61/80/61
f 55/73/55 57/75/57 58/76/58
f 57/75/57 62/82/62 58/76/58
f 64/84/64 65/85/65 66/86/66
f 64/84/64 66/86/66 67/87/67
f 68/88/68 66/86/66 69/89/69
f 66/86/66 65/85/65 69/89/69
f 62/82/62 57/75/57 70/90/70
f 57/75/57 71/91/71 70/90/70
f 63/83/63 62/82/62 70/90/70
f 63/83/63 70/90/70 72/92/72
f 72/92/72 70/90/70 66/86/66
f 72/92/72 66/86/66 68/88/68
f 67/87/67 66/86/66 71/91/71
f 66/86/66 70/90/70 71/91/71
f 54/72/54 51/93/51 56/74/56
f 51/93/51 73/94/73 56/74/56
f 74/95/74 75/96/75 76/97/76
f 75/96/75 77/98/77 76/97/76
f 56/74/56 73/94/73 71/91/71
f 56/74/56 71/91/71 57/75/57
f 67/87/67 78/99/78 64/84/64
f 78/99/78 79/100/79 64/84/64
f 78/99/78 80/101/80 79/100/79
f 80/101/80 81/102/81 79/100/79
f 80/103/80 52/70/52 81/104/81
f 52/70/52 53/71/53 81/104/81
f 71/91/71 73/94/73 67/87/67
f 73/94/73 78/99/78 67/87/67
f 52/70/52 80/103/80 82/105/82
f 52/70/52 82/105/82 50/68/50
f 73/94/73 82/106/82 78/99/78
f 82/106/82 80/101/80 78/99/78
f 51/107/51 83/108/83 45/58/45
f 51/107/51 45/58/45 21/57/21
f 83/108/83 84/109/84 85/110/85
f 83/108/83 85/110/85 45/58/45
f 51/111/51 54/112/54 83/113/83
f 54/112/54 86/114/86 83/113/83
f 44/65/44 48/66/48 54/112/54
f 48/66/48 86/114/86 54/112/54
f 85/110/85 87/115/87 45/58/45
f 87/115/87 46/59/46 45/58/45
f 46/59/46 87/115/87 47/62/47
f 87/115/87 88/116/88 47/62/47
f 47/64/47 88/117/88 48/66/48
f 88/117/88 89/118/89 48/66/48
f 48/66/48 89/118/89 86/114/86
f 89/118/89 90/119/90 86/114/86
f 86/114/86 90/119/90 83/113/83
f 90/119/90 84/120/84 83/113/83
f 88/117/88 91/121/91 92/122/92
f 88/117/88 92/122/92 89/118/89
f 91/121/91 93/123/93 92/122/92
f 93/123/93 94/124/94 92/122/92
f 88/116/88 87/115/87 91/125/91
f 87/115/87 95/126/95 91/125/91
f 91/125/91 95/126/95 96/127/96
f 91/125/91 96/127/96 93/128/93
f 87/115/87 85/110/85 97/129/97
f 87/115/87 97/129/97 95/126/95
f 95/126/95 97/129/97 98/130/98
f 95/126/95 98/130/98 96/127/96
f 85/110/85 84/109/84 97/129/97
f 84/109/84 99/131/99 97/129/97
f 97/129/97 99/131/99 98/130/98
f 99/131/99 100/132/100 98/130/98
f 84/120/84 90/119/90 99/133/99
f 90/119/90 101/134/101 99/133/99
f 99/133/99 101/134/101 100/135/100
f 101/134/101 102/136/102 100/135/100
f 89/118/89 92/122/92 101/134/101
f 89/118/89 101/134/101 90/119/90
f 92/122/92 94/124/94 102/136/102
f 92/122/92 102/136/102 101/134/101
f 93/137/93 103/138/103 94/139/94
f 103/138/103 104/140/104 94/139/94
f 93/141/93 96/142/96 105/143/105
f 93/141/93 105/143/105 103/144/103
f 96/142/96 98/145/98 106/146/106
f 96/142/96 106/146/106 105/143/105
f 94/139/94 104/140/104 107/147/107
f 94/139/94 107/147/107 102/148/102
f 102/148/102 107/147/107 108/149/108
f 102/148/102 108/149/108 100/150/100
f 106/151/106 109/152/109 105/153/105
f 109/152/109 110/154/110 105/153/105
f 100/150/100 108/149/108 98/145/98
f 108/149/108 106/146/106 98/145/98
f 108/155/108 111/156/111 109/152/109
f 108/155/108 109/152/109 106/151/106
f 107/157/107 112/158/112 111/156/111
f 107/157/107 111/156/111 108/155/108
f 104/159/104 113/160/113 112/158/112
f 104/159/104 112/158/112 107/157/107
f 103/161/103 114/162/114 113/160/113
f 103/161/103 113/160/113 104/159/104
f 105/153/105 110/154/110 103/163/103
f 110/154/110 114/164/114 103/163/103
f 109/152/109 115/165/115 110/154/110
f 115/165/115 116/166/116 110/154/110
f 110/154/110 116/166/116 114/164/114
f 116/166/116 117/167/117 114/164/114
f 114/162/114 117/168/117 113/160/113
f 117/168/117 118/169/118 113/160/113
f 113/160/113 118/169/118 119/170/119
f 113/160/113 119/170/119 112/158/112
f 112/158/112 119/170/119 120/171/120
f 112/158/112 120/171/120 111/156/111
f 111/156/111 120/171/120 115/165/115
f 111/156/111 115/165/115 109/152/109
f 121/172/121 122/173/122 123/174/123
f 121/172/121 123/174/123 124/175/124
f 125/176/125 126/177/126 127/178/127
f 125/176/125 127/178/127 128/179/128
f 126/177/126 129/180/129 130/181/130
f 126/177/126 130/181/130 127/178/127
f 129/180/129 131/182/131 130/181/130
f 131/182/131 132/183/132 130/181/130
f 133/184/133 134/185/134 135/186/135
f 133/184/133 135/186/135 136/187/136
f 137/188/137 138/189/138 135/186/135
f 137/188/137 135/186/135 134/185/134
f 133/184/133 139/190/139 124/175/124
f 133/184/133 124/175/124 134/185/134
f 140/191/140 141/192/141 142/193/142
f 141/192/141 143/194/143 142/193/142
f 141/195/141 144/196/144 145/197/145
f 141/195/141 145/197/145 143/198/143
f 122/173/122 138/189/138 123/174/123
f 138/189/138 137/188/137 123/174/123
f 146/199/146 147/200/147 117/201/117
f 146/199/146 117/201/117 116/202/116
f 147/203/147 144/196/144 118/204/118
f 147/203/147 118/204/118 117/205/117
f 144/196/144 141/195/141 118/204/118
f 141/195/141 119/206/119 118/204/118
f 123/174/123 137/188/137 124/175/124
f 137/188/137 134/185/134 124/175/124
f 122/173/122 121/172/121 138/189/138
f 121/172/121 135/186/135 138/189/138
f 148/207/148 149/208/149 133/209/133
f 149/208/149 139/210/139 133/209/133
f 150/211/150 151/212/151 132/183/132
f 151/212/151 130/181/130 132/183/132
f 116/202/116 115/213/115 146/199/146
f 115/213/115 152/214/152 146/199/146
f 115/213/115 120/215/120 140/191/140
f 115/213/115 140/191/140 152/214/152
f 120/215/120 119/216/119 141/192/141
f 120/215/120 141/192/141 140/191/140
f 139/190/139 153/217/153 124/175/124
f 153/217/153 121/172/121 124/175/124
f 127/178/127 148/207/148 133/209/133
f 127/178/127 133/209/133 128/179/128
f 130/181/130 151/212/151 127/178/127
f 151/212/151 148/207/148 127/178/127
f 121/172/121 153/217/153 135/186/135
f 153/217/153 136/187/136 135/186/135
f 153/218/153 147/200/147 136/219/136
f 147/200/147 146/199/146 136/219/136
f 154/220/154 125/176/125 142/193/142
f 154/220/154 142/193/142 143/194/143
f 155/221/155 154/222/154 143/198/143
f 155/221/155 143/198/143 145/197/145
f 152/214/152 156/223/156 146/199/146
f 156/223/156 136/219/136 146/199/146
f 140/191/140 142/193/142 156/223/156
f 140/191/140 156/223/156 152/214/152
f 136/219/136 156/223/156 133/209/133
f 156/223/156 128/179/128 133/209/133
f 142/193/142 125/176/125 156/223/156
f 125/176/125 128/179/128 156/223/156
f 147/203/147 153/224/153 145/197/145
f 147/203/147 145/197/145 144/196/144
f 153/224/153 139/225/139 155/221/155
f 153/224/153 155/221/155 145/197/145
f 150/211/150 157/226/157 158/227/158
f 150/211/150 158/227/158 151/212/151
f 151/212/151 158/227/158 148/207/148
f 158/227/158 149/208/149 148/207/148
f 157/228/157 159/229/159 158/230/158
f 159/229/159 160/231/160 158/230/158
f 158/230/158 160/231/160 161/232/161
f 158/230/158 161/232/161 149/233/149
f 149/233/149 161/232/161 139/225/139
f 161/232/161 155/221/155 139/225/139
f 159/229/159 162/234/162 163/235/163
f 159/229/159 163/235/163 160/231/160
f 160/231/160 163/235/163 164/236/164
f 160/231/160 164/236/164 161/232/161
f 161/232/161 164/236/164 154/222/154
f 161/232/161 154/222/154 155/221/155
f 164/237/164 126/177/126 154/220/154
f 126/177/126 125/176/125 154/220/154
f 163/238/163 129/180/129 126/177/126
f 163/238/163 126/177/126 164/237/164
f 163/238/163 162/239/162 131/182/131
f 163/238/163 131/182/131 129/180/129
f 162/239/162 159/240/159 132/183/132
f 162/239/162 132/183/132 131/182/131
f 159/240/159 157/226/157 132/183/132
f 157/226/157 150/211/150 132/183/132
f 165/241/165 166/242/166 39/47/39
f 166/242/166 37/44/37 39/47/39
f 166/242/166 167/243/167 37/44/37
f 167/243/167 38/46/38 37/44/37
f 167/243/167 168/244/168 38/46/38
f 168/244/168 40/49/40 38/46/38
f 169/245/169 170/246/170 166/242/166
f 169/245/169 166/242/166 165/241/165
f 170/246/170 171/247/171 167/243/167
f 170/246/170 167/243/167 166/242/166
f 171/247/171 172/248/172 168/244/168
f 171/247/171 168/244/168 167/243/167
f 173/249/173 174/250/174 169/251/169
f 174/250/174 170/252/170 169/251/169
f 171/253/171 175/254/175 172/255/172
f 175/254/175 176/256/176 172/255/172
f 175/254/175 177/257/177 178/258/178
f 175/254/175 178/258/178 176/256/176
f 170/252/170 174/250/174 175/254/175
f 170/252/170 175/254/175 171/253/171
f 179/259/179 180/260/180 181/261/181
f 179/259/179 181/261/181 182/262/182
f 183/263/183 184/264/184 185/265/185
f 184/264/184 186/266/186 185/265/185
f 187/267/187 188/268/188 189/269/189
f 188/268/188 190/270/190 189/269/189
f 184/264/184 191/271/191 186/266/186
f 191/271/191 192/272/192 186/266/186
f 191/273/191 193/274/193 194/275/194
f 191/273/191 194/275/194 192/276/192
f 195/277/195 196/278/196 174/250/174
f 196/278/196 175/254/175 174/250/174
f 193/274/193 182/279/182 194/275/194
f 182/279/182 197/280/197 194/275/194
f 198/281/198 197/280/197 182/279/182
f 198/281/198 182/279/182 181/282/181
f 188/268/188 199/283/199 190/270/190
f 199/283/199 200/284/200 190/270/190
f 180/260/180 179/259/179 199/285/199
f 180/260/180 199/285/199 201/286/201
f 201/287/201 199/283/199 187/267/187
f 199/283/199 188/268/188 187/267/187
f 196/278/196 195/277/195 192/288/192
f 195/277/195 186/289/186 192/288/192
f 191/271/191 184/264/184 190/270/190
f 191/271/191 190/270/190 200/284/200
f 195/277/195 202/290/202 185/291/185
f 195/277/195 185/291/185 186/289/186
f 202/290/202 195/277/195 173/249/173
f 195/277/195 174/250/174 173/249/173
f 193/292/193 191/293/191 179/259/179
f 193/292/193 179/259/179 182/262/182
f 179/259/179 191/293/191 199/285/199
f 191/293/191 200/294/200 199/285/199
f 196/278/196 192/288/192 175/254/175
f 192/288/192 177/257/177 175/254/175
f 189/269/189 190/270/190 184/264/184
f 189/269/189 184/264/184 183/263/183
f 192/295/192 203/296/203 178/297/178
f 192/295/192 178/297/178 177/298/177
f 204/299/204 194/275/194 197/280/197
f 204/299/204 197/280/197 198/281/198
f 192/295/192 204/300/204 203/296/203
f 192/276/192 194/275/194 204/299/204
f 205/301/205 206/302/206 4/4/4
f 205/301/205 4/4/4 24/26/24
f 206/302/206 207/303/207 4/4/4
f 207/303/207 1/1/1 4/4/4
f 208/304/208 209/305/209 205/306/205
f 209/305/209 206/307/206 205/306/205
f 210/308/210 211/309/211 208/304/208
f 211/309/211 209/305/209 208/304/208
f 209/305/209 212/310/212 207/311/207
f 209/305/209 207/311/207 206/307/206
f 207/303/207 213/312/213 53/71/53
f 207/303/207 53/71/53 1/1/1
f 213/312/213 214/313/214 81/104/81
f 213/312/213 81/104/81 53/71/53
f 214/314/214 215/315/215 81/102/81
f 215/315/215 79/100/79 81/102/81
f 215/315/215 216/316/216 79/100/79
f 216/316/216 64/84/64 79/100/79
f 216/316/216 217/317/217 64/84/64
f 217/317/217 65/85/65 64/84/64
f 218/318/218 69/89/69 65/85/65
f 218/318/218 65/85/65 217/317/217
f 211/309/211 219/319/219 209/305/209
f 219/319/219 212/310/212 209/305/209
f 220/320/220 221/321/221 222/322/222
f 221/321/221 223/323/223 222/322/222
f 224/324/224 220/320/220 219/319/219
f 224/324/224 219/319/219 211/309/211
f 224/324/224 225/325/225 220/320/220
f 225/325/225 221/321/221 220/320/220
f 220/320/220 222/322/222 226/326/226
f 220/320/220 226/326/226 219/319/219
f 212/310/212 227/327/227 207/311/207
f 227/327/227 213/328/213 207/311/207
f 219/319/219 226/326/226 227/327/227
f 219/319/219 227/327/227 212/310/212
f 222/322/222 228/329/228 226/326/226
f 228/329/228 229/330/229 226/326/226
f 226/326/226 229/330/229 230/331/230
f 226/326/226 230/331/230 227/327/227
f 227/327/227 230/331/230 213/328/213
f 230/331/230 214/332/214 213/328/213
f 228/333/228 231/334/231 229/335/229
f 231/334/231 232/336/232 229/335/229
f 229/335/229 232/336/232 230/337/230
f 232/336/232 233/338/233 230/337/230
f 230/337/230 233/338/233 215/339/215
f 230/337/230 215/339/215 214/340/214
f 231/334/231 76/97/76 232/336/232
f 76/97/76 234/341/234 232/336/232
f 232/336/232 234/341/234 235/342/235
f 232/336/232 235/342/235 233/338/233
f 233/338/233 235/342/235 215/339/215
f 235/342/235 216/343/216 215/339/215
f 235/342/235 236/344/236 217/345/217
f 235/342/235 217/345/217 216/343/216
f 217/345/217 236/344/236 218/346/218
f 236/344/236 237/347/237 218/346/218
f 236/344/236 238/348/238 239/349/239
f 236/344/236 239/349/239 237/347/237
f 235/342/235 234/341/234 238/348/238
f 235/342/235 238/348/238 236/344/236
f 238/348/238 77/98/77 239/349/239
f 77/98/77 240/350/240 239/349/239
f 234/341/234 76/97/76 238/348/238
f 76/97/76 77/98/77 238/348/238
f 77/98/77 75/96/75 240/350/240
f 75/96/75 241/351/241 240/350/240
f 242/352/242 243/353/243 244/354/244
f 243/353/243 245/355/245 244/354/244
f 231/334/231 246/356/246 74/95/74
f 231/334/231 74/95/74 76/97/76
f 222/322/222 223/323/223 247/357/247
f 222/322/222 247/357/247 228/329/228
f 228/333/228 247/358/247 246/356/246
f 228/333/228 246/356/246 231/334/231
f 240/359/240 224/324/224 211/309/211
f 240/359/240 211/309/211 210/308/210
f 240/359/240 241/360/241 225/325/225
f 240/359/240 225/325/225 224/324/224
f 248/361/248 249/362/249 250/363/250
f 249/362/249 251/364/251 250/363/250
f 249/362/249 252/365/252 253/366/253
f 249/362/249 253/366/253 251/364/251
f 254/367/254 255/368/255 256/369/256
f 255/368/255 257/370/257 256/369/256
f 257/370/257 258/371/258 256/369/256
f 258/371/258 259/372/259 256/369/256
f 258/371/258 260/373/260 261/374/261
f 258/371/258 261/374/261 259/372/259
f 260/373/260 262/375/262 261/374/261
f 262/375/262 263/376/263 261/374/261
f 262/375/262 264/377/264 263/376/263
f 264/377/264 265/378/265 263/376/263
f 264/379/264 266/380/266 265/381/265
f 266/380/266 267/382/267 265/381/265
f 255/368/255 254/367/254 253/366/253
f 255/368/255 253/366/253 252/365/252
f 250/363/250 268/383/268 248/361/248
f 268/383/268 269/384/269 248/361/248
f 268/383/268 270/385/270 271/386/271
f 268/383/268 271/386/271 269/384/269
f 270/385/270 272/387/272 271/386/271
f 272/387/272 273/388/273 271/386/271
f 272/387/272 274/389/274 273/388/273
f 274/389/274 275/390/275 273/388/273
f 274/389/274 276/391/276 277/392/277
f 274/389/274 277/392/277 275/390/275
f 276/391/276 278/393/278 279/394/279
f 276/391/276 279/394/279 277/392/277
f 278/393/278 267/382/267 279/394/279
f 267/382/267 266/380/266 279/394/279
f 249/395/249 280/396/280 252/397/252
f 280/396/280 255/398/255 252/397/252
f 248/399/248 281/400/281 249/395/249
f 281/400/281 280/396/280 249/395/249
f 269/401/269 271/402/271 281/400/281
f 269/401/269 281/400/281 248/399/248
f 255/398/255 280/396/280 257/403/257
f 280/396/280 282/404/282 257/403/257
f 280/396/280 281/400/281 282/404/282
f 281/400/281 283/405/283 282/404/282
f 271/402/271 273/406/273 281/400/281
f 273/406/273 283/405/283 281/400/281
f 257/403/257 282/404/282 258/407/258
f 282/404/282 284/408/284 258/407/258
f 282/404/282 283/405/283 284/408/284
f 283/405/283 285/409/285 284/408/284
f 273/406/273 275/410/275 285/409/285
f 273/406/273 285/409/285 283/405/283
f 277/411/277 286/412/286 275/410/275
f 286/412/286 285/409/285 275/410/275
f 284/408/284 287/413/287 260/414/260
f 284/408/284 260/414/260 258/407/258
f 285/409/285 286/412/286 287/413/287
f 285/409/285 287/413/287 284/408/284
f 279/415/279 266/416/266 286/412/286
f 279/415/279 286/412/286 277/411/277
f 260/414/260 287/413/287 262/417/262
f 287/413/287 264/418/264 262/417/262
f 266/416/266 264/418/264 286/412/286
f 264/418/264 287/413/287 286/412/286
f 263/419/263 288/420/288 261/421/261
f 288/420/288 289/422/289 261/421/261
f 288/420/288 290/423/290 289/422/289
f 290/423/290 291/424/291 289/422/289
f 291/424/291 292/425/292 289/422/289
f 292/425/292 293/426/293 289/422/289
f 289/422/289 293/426/293 261/421/261
f 293/426/293 259/427/259 261/421/261
f 290/423/290 294/428/294 291/424/291
f 294/428/294 295/429/295 291/424/291
f 288/420/288 296/430/296 297/431/297
f 288/420/288 297/431/297 290/423/290
f 296/432/296 298/433/298 299/434/299
f 296/432/296 299/434/299 297/435/297
f 290/423/290 297/431/297 294/428/294
f 297/431/297 300/436/300 294/428/294
f 297/435/297 299/434/299 301/437/301
f 297/435/297 301/437/301 300/438/300
f 291/424/291 295/429/295 292/425/292
f 295/429/295 302/439/302 292/425/292
f 302/439/302 303/440/303 292/425/292
f 303/440/303 304/441/304 292/425/292
f 305/442/305 306/443/306 307/444/307
f 306/443/306 308/445/308 307/444/307
f 298/433/298 305/442/305 299/434/299
f 305/442/305 307/444/307 299/434/299
f 299/434/299 307/444/307 301/437/301
f 307/444/307 309/446/309 301/437/301
f 308/445/308 310/447/310 307/444/307
f 310/447/310 309/446/309 307/444/307
f 303/440/303 310/447/310 304/441/304
f 310/447/310 308/445/308 304/441/304
f 308/445/308 306/443/306 311/448/311
f 308/445/308 311/448/311 304/441/304
f 304/441/304 312/449/312 313/450/313
f 304/441/304 313/450/313 292/425/292
f 312/449/312 314/451/314 313/450/313
f 314/451/314 315/452/315 313/450/313
f 314/451/314 316/453/316 317/454/317
f 314/451/314 317/454/317 315/452/315
f 316/453/316 318/455/318 317/454/317
f 318/455/318 319/456/319 317/454/317
f 318/455/318 250/457/250 251/458/251
f 318/455/318 251/458/251 319/456/319
f 318/455/318 320/459/320 250/457/250
f 320/459/320 268/460/268 250/457/250
f 320/459/320 321/461/321 270/462/270
f 320/459/320 270/462/270 268/460/268
f 321/461/321 322/463/322 272/464/272
f 321/461/321 272/464/272 270/462/270
f 322/463/322 311/448/311 272/464/272
f 311/448/311 274/465/274 272/464/272
f 311/448/311 306/443/306 274/465/274
f 306/443/306 276/466/276 274/465/274
f 306/443/306 305/442/305 278/467/278
f 306/443/306 278/467/278 276/466/276
f 305/442/305 298/433/298 278/467/278
f 298/433/298 267/468/267 278/467/278
f 263/419/263 265/469/265 296/430/296
f 263/419/263 296/430/296 288/420/288
f 296/432/296 265/470/265 267/468/267
f 296/432/296 267/468/267 298/433/298
f 318/455/318 316/453/316 320/459/320
f 316/453/316 321/461/321 320/459/320
f 316/453/316 314/451/314 322/463/322
f 316/453/316 322/463/322 321/461/321
f 317/454/317 323/471/323 315/452/315
f 323/471/323 324/472/324 315/452/315
f 311/448/311 312/449/312 304/441/304
f 251/458/251 253/473/253 325/474/325
f 251/458/251 325/474/325 319/456/319
f 325/474/325 323/471/323 317/454/317
f 325/474/325 317/454/317 319/456/319
f 293/426/293 292/425/292 313/450/313
f 315/452/315 324/472/324 313/450/313
f 324/472/324 293/426/293 313/450/313
f 293/426/293 324/472/324 259/427/259
f 324/472/324 256/475/256 259/427/259
f 253/473/253 254/476/254 325/474/325
f 254/476/254 323/471/323 325/474/325
f 324/472/324 323/471/323 256/475/256
f 323/471/323 254/476/254 256/475/256
f 314/451/314 312/449/312 311/448/311
f 314/451/314 311/448/311 322/463/322
f 74/95/74 326/477/326 75/96/75
f 326/477/326 327/478/327 75/96/75
f 74/95/74 246/356/246 326/477/326
f 246/356/246 328/479/328 326/477/326
f 247/358/247 329/480/329 246/356/246
f 329/480/329 328/479/328 246/356/246
f 223/323/223 330/481/330 329/482/329
f 223/323/223 329/482/329 247/357/247
f 221/321/221 331/483/331 330/481/330
f 221/321/221 330/481/330 223/323/223
f 225/325/225 332/484/332 221/321/221
f 332/484/332 331/483/331 221/321/221
f 241/360/241 333/485/333 332/484/332
f 241/360/241 332/484/332 225/325/225
f 241/351/241 75/96/75 333/486/333
f 75/96/75 327/478/327 333/486/333
f 332/487/332 334/488/334 335/489/335
f 332/487/332 335/489/335 331/490/331
f 332/487/332 333/491/333 336/492/336
f 332/487/332 336/492/336 334/488/334
f 331/490/331 335/489/335 330/493/330
f 335/489/335 337/494/337 330/493/330
f 337/494/337 338/495/338 330/493/330
f 338/495/338 329/496/329 330/493/330
f 338/495/338 243/353/243 329/496/329
f 243/353/243 328/497/328 329/496/329
f 328/497/328 243/353/243 242/352/242
f 328/497/328 242/352/242 326/498/326
f 242/499/242 339/500/339 327/501/327
f 242/499/242 327/501/327 326/502/326
f 327/501/327 339/500/339 336/492/336
f 327/501/327 336/492/336 333/491/333
f 301/503/301 340/504/340 300/505/300
f 340/504/340 341/506/341 300/505/300
f 341/507/341 342/508/342 300/509/300
f 342/508/342 294/510/294 300/509/300
f 342/508/342 343/511/343 295/512/295
f 342/508/342 295/512/295 294/510/294
f 343/511/343 344/513/344 295/512/295
f 344/513/344 302/514/302 295/512/295
f 344/513/344 345/515/345 302/514/302
f 345/515/345 303/516/303 302/514/302
f 345/515/345 346/517/346 310/518/310
f 345/515/345 310/518/310 303/516/303
f 346/517/346 347/519/347 309/520/309
f 346/517/346 309/520/309 310/518/310
f 309/520/309 347/519/347 340/504/340
f 309/520/309 340/504/340 301/503/301
f 344/513/344 348/521/348 345/515/345
f 348/521/348 349/522/349 345/515/345
f 344/513/344 343/511/343 338/495/338
f 344/513/344 338/495/338 348/521/348
f 339/500/339 242/499/242 350/523/350
f 242/499/242 244/524/244 350/523/350
f 342/508/342 341/507/341 245/355/245
f 341/507/341 244/354/244 245/355/245
f 341/506/341 340/504/340 244/524/244
f 340/504/340 350/523/350 244/524/244
f 340/504/340 347/519/347 351/525/351
f 340/504/340 351/525/351 350/523/350
f 348/521/348 338/495/338 337/494/337
f 338/495/338 245/355/245 243/353/243
f 335/489/335 349/522/349 348/521/348
f 335/489/335 348/521/348 337/494/337
f 245/355/245 338/495/338 343/511/343
f 245/355/245 343/511/343 342/508/342
f 336/492/336 339/500/339 351/525/351
f 339/500/339 350/523/350 351/525/351
f 349/522/349 334/488/334 345/515/345
f 334/488/334 346/517/346 345/515/345
f 334/488/334 336/492/336 351/525/351
f 347/519/347 346/517/346 351/525/351
f 346/517/346 334/488/334 351/525/351
f 349/522/349 335/489/335 334/488/334
f 51/69/51 50/68/50 82/105/82
f 82/106/82 73/94/73 51/93/51
f 352/526/352 353/527/353 354/528/354
f 353/527/353 355/529/355 354/528/354
f 353/527/353 356/530/356 355/529/355
f 356/530/356 357/531/357 355/529/355
f 356/530/356 358/532/358 357/531/357
f 358/532/358 359/533/359 357/531/357
f 358/532/358 360/534/360 359/533/359
f 360/534/360 361/535/361 359/533/359
f 11/536/11 356/530/356 353/527/353
f 11/536/11 353/527/353 12/537/12
f 15/538/15 362/539/362 363/540/363
f 15/538/15 363/540/363 16/541/16
f 362/539/362 364/542/364 365/543/365
f 362/539/362 365/543/365 363/540/363
f 16/544/16 360/534/360 358/532/358
f 16/544/16 358/532/358 19/545/19
f 366/546/366 360/534/360 363/547/363
f 360/534/360 16/544/16 363/547/363
f 19/545/19 358/532/358 11/536/11
f 358/532/358 356/530/356 11/536/11
f 367/548/367 368/549/368 361/535/361
f 368/549/368 369/550/369 361/535/361
f 12/537/12 353/527/353 352/526/352
f 12/537/12 352/526/352 24/551/24
f 360/534/360 366/546/366 367/548/367
f 360/534/360 367/548/367 361/535/361
f 26/552/26 370/553/370 362/539/362
f 26/552/26 362/539/362 15/538/15
f 28/554/28 371/555/371 26/552/26
f 371/555/371 370/553/370 26/552/26
f 363/547/363 365/556/365 372/557/372
f 363/547/363 372/557/372 366/546/366
f 364/542/364 31/558/31 365/543/365
f 31/558/31 373/559/373 365/543/365
f 365/560/365 373/561/373 372/562/372
f 373/561/373 374/563/374 372/562/372
f 371/555/371 375/564/375 376/565/376
f 371/555/371 376/565/376 370/553/370
f 370/553/370 376/565/376 362/539/362
f 376/565/376 364/542/364 362/539/362
f 35/566/35 376/565/376 375/564/375
f 35/566/35 375/564/375 36/567/36
f 376/565/376 35/566/35 364/542/364
f 35/566/35 31/558/31 364/542/364
f 371/568/371 377/569/377 378/570/378
f 371/568/371 378/570/378 375/571/375
f 375/571/375 378/570/378 36/572/36
f 378/570/378 39/573/39 36/572/36
f 40/574/40 377/569/377 371/568/371
f 40/574/40 371/568/371 28/575/28
f 374/563/374 379/576/379 380/577/380
f 374/563/374 380/577/380 372/562/372
f 372/557/372 380/578/380 366/546/366
f 380/578/380 367/548/367 366/546/366
f 380/578/380 381/579/381 368/549/368
f 380/578/380 368/549/368 367/548/367
f 379/576/379 382/580/382 380/577/380
f 382/580/382 381/581/381 380/577/380
f 368/582/368 383/583/383 369/584/369
f 383/583/383 384/585/384 369/584/369
f 381/586/381 385/587/385 383/583/383
f 381/586/381 383/583/383 368/582/368
f 382/588/382 386/589/386 385/590/385
f 382/588/382 385/590/385 381/591/381
f 361/535/361 369/550/369 359/533/359
f 369/550/369 387/592/387 359/533/359
f 387/592/387 388/593/388 357/531/357
f 387/592/387 357/531/357 359/533/359
f 369/550/369 389/594/389 387/592/387
f 389/594/389 388/593/388 387/592/387
f 357/531/357 388/593/388 355/529/355
f 388/593/388 390/595/390 355/529/355
f 355/529/355 390/595/390 391/596/391
f 355/529/355 391/596/391 354/528/354
f 379/576/379 392/597/392 382/580/382
f 392/597/392 393/598/393 382/580/382
f 392/597/392 394/599/394 393/598/393
f 394/599/394 395/600/395 393/598/393
f 379/576/379 374/563/374 392/597/392
f 374/563/374 396/601/396 392/597/392
f 374/563/374 373/561/373 397/602/397
f 374/563/374 397/602/397 396/601/396
f 60/603/60 397/604/397 31/558/31
f 397/604/397 373/559/373 31/558/31
f 61/605/61 396/601/396 397/602/397
f 61/605/61 397/602/397 60/606/60
f 63/607/63 398/608/398 396/601/396
f 63/607/63 396/601/396 61/605/61
f 396/601/396 398/608/398 394/599/394
f 396/601/396 394/599/394 392/597/392
f 399/609/399 400/610/400 401/611/401
f 400/610/400 402/612/402 401/611/401
f 400/610/400 68/613/68 69/614/69
f 400/610/400 69/614/69 402/612/402
f 403/615/403 404/616/404 394/599/394
f 403/615/403 394/599/394 398/608/398
f 72/617/72 403/615/403 63/607/63
f 403/615/403 398/608/398 63/607/63
f 403/615/403 72/617/72 400/610/400
f 72/617/72 68/613/68 400/610/400
f 404/616/404 403/615/403 400/610/400
f 404/616/404 400/610/400 399/609/399
f 395/600/395 405/618/405 389/619/389
f 395/600/395 389/619/389 393/598/393
f 406/620/406 407/621/407 408/622/408
f 406/620/406 408/622/408 409/623/409
f 394/599/394 404/616/404 395/600/395
f 404/616/404 405/618/405 395/600/395
f 401/611/401 410/624/410 411/625/411
f 401/611/401 411/625/411 399/609/399
f 410/624/410 412/626/412 413/627/413
f 410/624/410 413/627/413 411/625/411
f 412/628/412 391/596/391 390/595/390
f 412/628/412 390/595/390 413/629/413
f 399/609/399 411/625/411 405/618/405
f 399/609/399 405/618/405 404/616/404
f 388/593/388 414/630/414 390/595/390
f 414/630/414 413/629/413 390/595/390
f 411/625/411 413/627/413 414/631/414
f 411/625/411 414/631/414 405/618/405
f 369/584/369 384/585/384 389/632/389
f 384/585/384 415/633/415 389/632/389
f 384/585/384 416/634/416 415/633/415
f 416/634/416 417/635/417 415/633/415
f 415/636/415 418/637/418 393/638/393
f 415/636/415 393/638/393 389/639/389
f 393/638/393 418/637/418 386/589/386
f 393/638/393 386/589/386 382/588/382
f 384/585/384 383/583/383 419/640/419
f 384/585/384 419/640/419 416/634/416
f 385/587/385 420/641/420 419/640/419
f 385/587/385 419/640/419 383/583/383
f 386/589/386 421/642/421 420/643/420
f 386/589/386 420/643/420 385/590/385
f 418/637/418 422/644/422 421/642/421
f 418/637/418 421/642/421 386/589/386
f 415/636/415 417/645/417 422/644/422
f 415/636/415 422/644/422 418/637/418
f 421/642/421 423/646/423 420/643/420
f 423/646/423 424/647/424 420/643/420
f 423/646/423 425/648/425 426/649/426
f 423/646/423 426/649/426 424/647/424
f 424/650/424 427/651/427 419/640/419
f 424/650/424 419/640/419 420/641/420
f 426/652/426 428/653/428 424/650/424
f 428/653/428 427/651/427 424/650/424
f 427/651/427 429/654/429 419/640/419
f 429/654/429 416/634/416 419/640/419
f 428/653/428 430/655/430 427/651/427
f 430/655/430 429/654/429 427/651/427
f 429/654/429 431/656/431 417/635/417
f 429/654/429 417/635/417 416/634/416
f 430/655/430 432/657/432 431/656/431
f 430/655/430 431/656/431 429/654/429
f 431/658/431 433/659/433 422/644/422
f 431/658/431 422/644/422 417/645/417
f 432/660/432 434/661/434 433/659/433
f 432/660/432 433/659/433 431/658/431
f 422/644/422 433/659/433 421/642/421
f 433/659/433 423/646/423 421/642/421
f 433/659/433 434/661/434 423/646/423
f 434/661/434 425/648/425 423/646/423
f 425/662/425 435/663/435 436/664/436
f 425/662/425 436/664/436 426/665/426
f 436/666/436 437/667/437 426/668/426
f 437/667/437 428/669/428 426/668/426
f 437/667/437 438/670/438 428/669/428
f 438/670/438 430/671/430 428/669/428
f 434/672/434 439/673/439 425/662/425
f 439/673/439 435/663/435 425/662/425
f 432/674/432 440/675/440 434/672/434
f 440/675/440 439/673/439 434/672/434
f 437/676/437 441/677/441 442/678/442
f 437/676/437 442/678/442 438/679/438
f 430/671/430 438/670/438 440/675/440
f 430/671/430 440/675/440 432/674/432
f 438/679/438 442/678/442 440/680/440
f 442/678/442 443/681/443 440/680/440
f 440/680/440 443/681/443 439/682/439
f 443/681/443 444/683/444 439/682/439
f 439/682/439 444/683/444 435/684/435
f 444/683/444 445/685/445 435/684/435
f 435/684/435 445/685/445 436/686/436
f 445/685/445 446/687/446 436/686/436
f 436/688/436 446/689/446 441/677/441
f 436/688/436 441/677/441 437/676/437
f 441/677/441 447/690/447 448/691/448
f 441/677/441 448/691/448 442/678/442
f 446/689/446 449/692/449 447/690/447
f 446/689/446 447/690/447 441/677/441
f 445/685/445 450/693/450 449/694/449
f 445/685/445 449/694/449 446/687/446
f 444/683/444 451/695/451 445/685/445
f 451/695/451 450/693/450 445/685/445
f 443/681/443 452/696/452 444/683/444
f 452/696/452 451/695/451 444/683/444
f 442/678/442 448/691/448 443/681/443
f 448/691/448 452/696/452 443/681/443
f 453/697/453 454/698/454 455/699/455
f 454/698/454 456/700/456 455/699/455
f 457/701/457 458/702/458 459/703/459
f 458/702/458 460/704/460 459/703/459
f 458/702/458 461/705/461 460/704/460
f 461/705/461 462/706/462 460/704/460
f 461/705/461 463/707/463 464/708/464
f 461/705/461 464/708/464 462/706/462
f 465/709/465 466/710/466 467/711/467
f 466/710/466 468/712/468 467/711/467
f 468/712/468 466/710/466 469/713/469
f 466/710/466 470/714/470 469/713/469
f 468/712/468 453/697/453 467/711/467
f 453/697/453 471/715/471 467/711/467
f 472/716/472 473/717/473 474/718/474
f 472/716/472 474/718/474 475/719/475
f 473/720/473 476/721/476 474/722/474
f 476/721/476 477/723/477 474/722/474
f 454/698/454 469/713/469 470/714/470
f 454/698/454 470/714/470 456/700/456
f 447/724/447 449/725/449 478/726/478
f 449/725/449 479/727/479 478/726/478
f 449/728/449 450/729/450 479/730/479
f 450/729/450 477/723/477 479/730/479
f 450/729/450 451/731/451 474/722/474
f 450/729/450 474/722/474 477/723/477
f 453/697/453 468/712/468 469/713/469
f 453/697/453 469/713/469 454/698/454
f 470/714/470 466/710/466 455/699/455
f 470/714/470 455/699/455 456/700/456
f 467/732/467 471/733/471 480/734/480
f 467/732/467 480/734/480 481/735/481
f 463/707/463 461/705/461 482/736/482
f 463/707/463 482/736/482 483/737/483
f 478/726/478 484/738/484 448/739/448
f 478/726/478 448/739/448 447/724/447
f 484/738/484 475/719/475 448/739/448
f 475/719/475 452/740/452 448/739/448
f 475/719/475 474/718/474 452/740/452
f 474/718/474 451/741/451 452/740/452
f 453/697/453 455/699/455 485/742/485
f 453/697/453 485/742/485 471/715/471
f 457/701/457 467/732/467 458/702/458
f 467/732/467 481/735/481 458/702/458
f 458/702/458 481/735/481 482/736/482
f 458/702/458 482/736/482 461/705/461
f 466/710/466 465/709/465 485/742/485
f 466/710/466 485/742/485 455/699/455
f 465/743/465 478/726/478 479/727/479
f 465/743/465 479/727/479 485/744/485
f 473/717/473 472/716/472 486/745/486
f 472/716/472 459/703/459 486/745/486
f 476/721/476 473/720/473 487/746/487
f 473/720/473 486/747/486 487/746/487
f 478/726/478 465/743/465 488/748/488
f 478/726/478 488/748/488 484/738/484
f 484/738/484 488/748/488 475/719/475
f 488/748/488 472/716/472 475/719/475
f 467/732/467 457/701/457 488/748/488
f 467/732/467 488/748/488 465/743/465
f 488/748/488 457/701/457 459/703/459
f 488/748/488 459/703/459 472/716/472
f 477/723/477 476/721/476 479/730/479
f 476/721/476 485/749/485 479/730/479
f 476/721/476 487/746/487 485/749/485
f 487/746/487 471/750/471 485/749/485
f 482/736/482 489/751/489 483/737/483
f 489/751/489 490/752/490 483/737/483
f 481/735/481 480/734/480 489/751/489
f 481/735/481 489/751/489 482/736/482
f 489/753/489 491/754/491 492/755/492
f 489/753/489 492/755/492 490/756/490
f 480/757/480 493/758/493 489/753/489
f 493/758/493 491/754/491 489/753/489
f 471/750/471 487/746/487 493/758/493
f 471/750/471 493/758/493 480/757/480
f 491/754/491 494/759/494 492/755/492
f 494/759/494 495/760/495 492/755/492
f 493/758/493 496/761/496 491/754/491
f 496/761/496 494/759/494 491/754/491
f 487/746/487 486/747/486 493/758/493
f 486/747/486 496/761/496 493/758/493
f 486/745/486 459/703/459 460/704/460
f 486/745/486 460/704/460 496/762/496
f 496/762/496 460/704/460 494/763/494
f 460/704/460 462/706/462 494/763/494
f 462/706/462 464/708/464 494/763/494
f 464/708/464 495/764/495 494/763/494
f 464/708/464 463/707/463 495/764/495
f 463/707/463 492/765/492 495/764/495
f 463/707/463 483/737/483 490/752/490
f 463/707/463 490/752/490 492/765/492
f 378/570/378 497/766/497 39/573/39
f 497/766/497 165/767/165 39/573/39
f 378/570/378 377/569/377 498/768/498
f 378/570/378 498/768/498 497/766/497
f 168/769/168 498/768/498 377/569/377
f 168/769/168 377/569/377 40/574/40
f 497/766/497 499/770/499 169/771/169
f 497/766/497 169/771/169 165/767/165
f 497/766/497 498/768/498 499/770/499
f 498/768/498 500/772/500 499/770/499
f 172/773/172 500/772/500 168/769/168
f 500/772/500 498/768/498 168/769/168
f 499/774/499 501/775/501 169/776/169
f 501/775/501 173/777/173 169/776/169
f 176/778/176 502/779/502 172/780/172
f 502/779/502 500/781/500 172/780/172
f 178/782/178 503/783/503 502/779/502
f 178/782/178 502/779/502 176/778/176
f 500/781/500 502/779/502 499/774/499
f 502/779/502 501/775/501 499/774/499
f 180/784/180 504/785/504 181/786/181
f 504/785/504 505/787/505 181/786/181
f 506/788/506 507/789/507 185/790/185
f 507/789/507 183/791/183 185/790/185
f 189/792/189 508/793/508 509/794/509
f 189/792/189 509/794/509 187/795/187
f 506/788/506 510/796/510 511/797/511
f 506/788/506 511/797/511 507/789/507
f 510/798/510 512/799/512 511/800/511
f 512/799/512 513/801/513 511/800/511
f 501/775/501 502/779/502 514/802/514
f 501/775/501 514/802/514 515/803/515
f 512/799/512 516/804/516 505/805/505
f 512/799/512 505/805/505 513/801/513
f 516/804/516 198/806/198 505/805/505
f 198/806/198 181/807/181 505/805/505
f 508/793/508 517/808/517 518/809/518
f 508/793/508 518/809/518 509/794/509
f 518/810/518 504/785/504 180/784/180
f 518/810/518 180/784/180 201/811/201
f 518/809/518 201/812/201 187/795/187
f 518/809/518 187/795/187 509/794/509
f 510/813/510 506/814/506 515/803/515
f 510/813/510 515/803/515 514/802/514
f 517/808/517 508/793/508 511/797/511
f 508/793/508 507/789/507 511/797/511
f 202/815/202 515/803/515 185/816/185
f 515/803/515 506/814/506 185/816/185
f 173/777/173 501/775/501 515/803/515
f 173/777/173 515/803/515 202/815/202
f 505/787/505 504/785/504 513/817/513
f 504/785/504 511/818/511 513/817/513
f 518/810/518 517/819/517 511/818/511
f 518/810/518 511/818/511 504/785/504
f 502/779/502 503/783/503 510/813/510
f 502/779/502 510/813/510 514/802/514
f 508/793/508 189/792/189 507/789/507
f 189/792/189 183/791/183 507/789/507
f 203/820/203 510/821/510 178/822/178
f 510/821/510 503/823/503 178/822/178
f 512/799/512 204/824/204 516/804/516
f 204/824/204 198/806/198 516/804/516
f 204/825/204 510/821/510 203/820/203
f 204/824/204 512/799/512 510/798/510
f 352/526/352 519/826/519 205/827/205
f 352/526/352 205/827/205 24/551/24
f 352/526/352 354/528/354 520/828/520
f 352/526/352 520/828/520 519/826/519
f 519/829/519 521/830/521 205/831/205
f 521/830/521 208/832/208 205/831/205
f 521/830/521 522/833/522 208/832/208
f 522/833/522 210/834/210 208/832/208
f 519/829/519 520/835/520 521/830/521
f 520/835/520 523/836/523 521/830/521
f 354/528/354 391/596/391 520/828/520
f 391/596/391 524/837/524 520/828/520
f 391/596/391 412/628/412 524/837/524
f 412/628/412 525/838/525 524/837/524
f 412/626/412 410/624/410 526/839/526
f 412/626/412 526/839/526 525/840/525
f 410/624/410 401/611/401 527/841/527
f 410/624/410 527/841/527 526/839/526
f 401/611/401 402/612/402 528/842/528
f 401/611/401 528/842/528 527/841/527
f 218/843/218 528/842/528 402/612/402
f 218/843/218 402/612/402 69/614/69
f 521/830/521 523/836/523 529/844/529
f 521/830/521 529/844/529 522/833/522
f 530/845/530 531/846/531 532/847/532
f 530/845/530 532/847/532 533/848/533
f 522/833/522 529/844/529 534/849/534
f 529/844/529 533/848/533 534/849/534
f 533/848/533 532/847/532 535/850/535
f 533/848/533 535/850/535 534/849/534
f 529/844/529 536/851/536 533/848/533
f 536/851/536 530/845/530 533/848/533
f 520/835/520 524/852/524 537/853/537
f 520/835/520 537/853/537 523/836/523
f 523/836/523 537/853/537 529/844/529
f 537/853/537 536/851/536 529/844/529
f 536/851/536 538/854/538 539/855/539
f 536/851/536 539/855/539 530/845/530
f 537/853/537 540/856/540 536/851/536
f 540/856/540 538/854/538 536/851/536
f 524/852/524 525/857/525 540/856/540
f 524/852/524 540/856/540 537/853/537
f 538/858/538 541/859/541 542/860/542
f 538/858/538 542/860/542 539/861/539
f 540/862/540 543/863/543 541/859/541
f 540/862/540 541/859/541 538/858/538
f 525/864/525 526/865/526 540/862/540
f 526/865/526 543/863/543 540/862/540
f 541/859/541 544/866/544 406/620/406
f 541/859/541 406/620/406 542/860/542
f 543/863/543 545/867/545 541/859/541
f 545/867/545 544/866/544 541/859/541
f 526/865/526 527/868/527 545/867/545
f 526/865/526 545/867/545 543/863/543
f 527/868/527 528/869/528 545/867/545
f 528/869/528 546/870/546 545/867/545
f 237/871/237 546/870/546 218/872/218
f 546/870/546 528/869/528 218/872/218
f 239/873/239 547/874/547 546/870/546
f 239/873/239 546/870/546 237/871/237
f 546/870/546 547/874/547 545/867/545
f 547/874/547 544/866/544 545/867/545
f 240/875/240 407/621/407 239/873/239
f 407/621/407 547/874/547 239/873/239
f 547/874/547 407/621/407 406/620/406
f 547/874/547 406/620/406 544/866/544
f 240/875/240 548/876/548 408/622/408
f 240/875/240 408/622/408 407/621/407
f 549/877/549 550/878/550 551/879/551
f 549/877/549 551/879/551 552/880/552
f 406/620/406 409/623/409 542/860/542
f 409/623/409 553/881/553 542/860/542
f 539/855/539 554/882/554 530/845/530
f 554/882/554 531/846/531 530/845/530
f 542/860/542 553/881/553 539/861/539
f 553/881/553 554/883/554 539/861/539
f 522/833/522 534/849/534 240/884/240
f 522/833/522 240/884/240 210/834/210
f 534/849/534 535/850/535 240/884/240
f 535/850/535 548/885/548 240/884/240
f 555/886/555 556/887/556 557/888/557
f 555/886/555 557/888/557 558/889/558
f 556/887/556 559/890/559 557/888/557
f 559/890/559 560/891/560 557/888/557
f 561/892/561 562/893/562 563/894/563
f 561/892/561 563/894/563 564/895/564
f 561/892/561 565/896/565 566/897/566
f 561/892/561 566/897/566 562/893/562
f 565/896/565 567/898/567 566/897/566
f 567/898/567 568/899/568 566/897/566
f 567/898/567 569/900/569 570/901/570
f 567/898/567 570/901/570 568/899/568
f 569/900/569 571/902/571 572/903/572
f 569/900/569 572/903/572 570/901/570
f 571/904/571 573/905/573 574/906/574
f 571/904/571 574/906/574 572/907/572
f 560/891/560 559/890/559 563/894/563
f 559/890/559 564/895/564 563/894/563
f 558/889/558 575/908/575 576/909/576
f 558/889/558 576/909/576 555/886/555
f 575/908/575 577/910/577 576/909/576
f 577/910/577 578/911/578 576/909/576
f 577/910/577 579/912/579 580/913/580
f 577/910/577 580/913/580 578/911/578
f 579/912/579 581/914/581 582/915/582
f 579/912/579 582/915/582 580/913/580
f 581/914/581 583/916/583 582/915/582
f 583/916/583 584/917/584 582/915/582
f 583/916/583 585/918/585 584/917/584
f 585/918/585 586/919/586 584/917/584
f 585/918/585 574/906/574 573/905/573
f 585/918/585 573/905/573 586/919/586
f 560/920/560 563/921/563 587/922/587
f 560/920/560 587/922/587 557/923/557
f 557/923/557 587/922/587 588/924/588
f 557/923/557 588/924/588 558/925/558
f 558/925/558 588/924/588 575/926/575
f 588/924/588 577/927/577 575/926/575
f 562/928/562 589/929/589 587/922/587
f 562/928/562 587/922/587 563/921/563
f 589/929/589 590/930/590 588/924/588
f 589/929/589 588/924/588 587/922/587
f 588/924/588 590/930/590 579/931/579
f 588/924/588 579/931/579 577/927/577
f 566/932/566 591/933/591 589/929/589
f 566/932/566 589/929/589 562/928/562
f 591/933/591 592/934/592 590/930/590
f 591/933/591 590/930/590 589/929/589
f 590/930/590 592/934/592 579/931/579
f 592/934/592 581/935/581 579/931/579
f 581/935/581 592/934/592 593/936/593
f 581/935/581 593/936/593 583/937/583
f 566/932/566 568/938/568 591/933/591
f 568/938/568 594/939/594 591/933/591
f 591/933/591 594/939/594 592/934/592
f 594/939/594 593/936/593 592/934/592
f 583/937/583 593/936/593 585/940/585
f 593/936/593 574/941/574 585/940/585
f 570/942/570 572/943/572 594/939/594
f 570/942/570 594/939/594 568/938/568
f 593/936/593 594/939/594 572/943/572
f 593/936/593 572/943/572 574/941/574
f 567/944/567 595/945/595 596/946/596
f 567/944/567 596/946/596 569/947/569
f 595/945/595 597/948/597 598/949/598
f 595/945/595 598/949/598 596/946/596
f 595/945/595 599/950/599 600/951/600
f 595/945/595 600/951/600 597/948/597
f 567/944/567 565/952/565 599/950/599
f 567/944/567 599/950/599 595/945/595
f 597/948/597 601/953/601 602/954/602
f 597/948/597 602/954/602 598/949/598
f 598/949/598 603/955/603 596/946/596
f 603/955/603 604/956/604 596/946/596
f 603/957/603 605/958/605 604/959/604
f 605/958/605 606/960/606 604/959/604
f 602/954/602 607/961/607 603/955/603
f 602/954/602 603/955/603 598/949/598
f 607/962/607 608/963/608 603/957/603
f 608/963/608 605/958/605 603/957/603
f 600/951/600 609/964/609 601/953/601
f 600/951/600 601/953/601 597/948/597
f 600/951/600 610/965/610 611/966/611
f 600/951/600 611/966/611 609/964/609
f 612/967/612 613/968/613 614/969/614
f 612/967/612 614/969/614 615/970/615
f 605/958/605 612/967/612 615/970/615
f 605/958/605 615/970/615 606/960/606
f 608/963/608 616/971/616 612/967/612
f 608/963/608 612/967/612 605/958/605
f 612/967/612 616/971/616 617/972/617
f 612/967/612 617/972/617 613/968/613
f 610/965/610 613/968/613 617/972/617
f 610/965/610 617/972/617 611/966/611
f 610/965/610 618/973/618 613/968/613
f 618/973/618 614/969/614 613/968/613
f 600/951/600 619/974/619 610/965/610
f 619/974/619 620/975/620 610/965/610
f 619/974/619 621/976/621 622/977/622
f 619/974/619 622/977/622 620/975/620
f 621/976/621 623/978/623 622/977/622
f 623/978/623 624/979/624 622/977/622
f 623/978/623 625/980/625 626/981/626
f 623/978/623 626/981/626 624/979/624
f 625/980/625 556/982/556 626/981/626
f 556/982/556 555/983/555 626/981/626
f 555/983/555 576/984/576 627/985/627
f 555/983/555 627/985/627 626/981/626
f 576/984/576 578/986/578 627/985/627
f 578/986/578 628/987/628 627/985/627
f 578/986/578 580/988/580 628/987/628
f 580/988/580 629/989/629 628/987/628
f 580/988/580 582/990/582 618/973/618
f 580/988/580 618/973/618 629/989/629
f 582/990/582 584/991/584 614/969/614
f 582/990/582 614/969/614 618/973/618
f 584/991/584 586/992/586 614/969/614
f 586/992/586 615/970/615 614/969/614
f 586/992/586 573/993/573 606/960/606
f 586/992/586 606/960/606 615/970/615
f 596/946/596 604/956/604 569/947/569
f 604/956/604 571/994/571 569/947/569
f 606/960/606 573/993/573 604/959/604
f 573/993/573 571/995/571 604/959/604
f 627/985/627 628/987/628 624/979/624
f 627/985/627 624/979/624 626/981/626
f 628/987/628 629/989/629 624/979/624
f 629/989/629 622/977/622 624/979/624
f 621/976/621 630/996/630 631/997/631
f 621/976/621 631/997/631 623/978/623
f 610/965/610 620/975/620 618/973/618
f 625/980/625 632/998/632 556/982/556
f 632/998/632 559/999/559 556/982/556
f 625/980/625 623/978/623 632/998/632
f 623/978/623 631/997/631 632/998/632
f 619/974/619 600/951/600 599/950/599
f 619/974/619 599/950/599 630/996/630
f 619/974/619 630/996/630 621/976/621
f 565/952/565 561/1000/561 630/996/630
f 565/952/565 630/996/630 599/950/599
f 632/998/632 631/997/631 564/1001/564
f 632/998/632 564/1001/564 559/999/559
f 561/1000/561 564/1001/564 631/997/631
f 561/1000/561 631/997/631 630/996/630
f 629/989/629 618/973/618 622/977/622
f 618/973/618 620/975/620 622/977/622
f 408/622/408 633/1002/633 634/1003/634
f 408/622/408 634/1003/634 409/623/409
f 634/1003/634 635/1004/635 553/881/553
f 634/1003/634 553/881/553 409/623/409
f 553/881/553 635/1004/635 636/1005/636
f 553/881/553 636/1005/636 554/883/554
f 554/882/554 636/1006/636 531/846/531
f 636/1006/636 637/1007/637 531/846/531
f 531/846/531 637/1007/637 532/847/532
f 637/1007/637 638/1008/638 532/847/532
f 532/847/532 638/1008/638 639/1009/639
f 532/847/532 639/1009/639 535/850/535
f 535/850/535 639/1009/639 548/885/548
f 639/1009/639 640/1010/640 548/885/548
f 640/1011/640 633/1002/633 408/622/408
f 640/1011/640 408/622/408 548/876/548
f 638/1012/638 641/1013/641 639/1014/639
f 641/1013/641 642/1015/642 639/1014/639
f 642/1015/642 643/1016/643 639/1014/639
f 643/1016/643 640/1017/640 639/1014/639
f 637/1018/637 644/1019/644 641/1013/641
f 637/1018/637 641/1013/641 638/1012/638
f 637/1018/637 636/1020/636 645/1021/645
f 637/1018/637 645/1021/645 644/1019/644
f 636/1020/636 635/1022/635 551/879/551
f 636/1020/636 551/879/551 645/1021/645
f 634/1023/634 552/880/552 635/1022/635
f 552/880/552 551/879/551 635/1022/635
f 634/1024/634 633/1025/633 552/1026/552
f 633/1025/633 646/1027/646 552/1026/552
f 640/1017/640 643/1016/643 633/1025/633
f 643/1016/643 646/1027/646 633/1025/633
f 607/1028/607 647/1029/647 648/1030/648
f 607/1028/607 648/1030/648 608/1031/608
f 607/1032/607 602/1033/602 649/1034/649
f 607/1032/607 649/1034/649 647/1035/647
f 602/1033/602 601/1036/601 649/1034/649
f 601/1036/601 650/1037/650 649/1034/649
f 601/1036/601 609/1038/609 651/1039/651
f 601/1036/601 651/1039/651 650/1037/650
f 609/1038/609 611/1040/611 652/1041/652
f 609/1038/609 652/1041/652 651/1039/651
f 611/1040/611 617/1042/617 652/1041/652
f 617/1042/617 653/1043/653 652/1041/652
f 617/1042/617 616/1044/616 653/1043/653
f 616/1044/616 654/1045/654 653/1043/653
f 608/1031/608 648/1030/648 616/1044/616
f 648/1030/648 654/1045/654 616/1044/616
f 652/1041/652 655/1046/655 656/1047/656
f 652/1041/652 656/1047/656 651/1039/651
f 656/1047/656 645/1021/645 651/1039/651
f 645/1021/645 650/1037/650 651/1039/651
f 657/1048/657 549/1049/549 552/1026/552
f 657/1048/657 552/1026/552 646/1027/646
f 550/878/550 549/877/549 647/1035/647
f 550/878/550 647/1035/647 649/1034/649
f 549/1049/549 657/1048/657 648/1030/648
f 549/1049/549 648/1030/648 647/1029/647
f 657/1048/657 658/1050/658 648/1030/648
f 658/1050/658 654/1045/654 648/1030/648
f 644/1019/644 645/1021/645 656/1047/656
f 551/879/551 550/878/550 645/1021/645
f 644/1019/644 656/1047/656 641/1013/641
f 656/1047/656 655/1046/655 641/1013/641
f 649/1034/649 650/1037/650 550/878/550
f 650/1037/650 645/1021/645 550/878/550
f 658/1050/658 657/1048/657 646/1027/646
f 658/1050/658 646/1027/646 643/1016/643
f 652/1041/652 653/1043/653 642/1015/642
f 652/1041/652 642/1015/642 655/1046/655
f 658/1050/658 643/1016/643 642/1015/642
f 658/1050/658 642/1015/642 653/1043/653
f 658/1050/658 653/1043/653 654/1045/654
f 642/1015/642 641/1013/641 655/1046/655
f 414/630/414 388/593/388 389/594/389
f 389/619/389 405/618/405 414/631/414
s off
