mtllib item_collectible.mtl
o item_collectible_mesh
v 0.000000 32.000000 0.000000
v 0.000000 32.000000 0.000000
v 0.000000 32.000000 0.000000
v 0.000000 32.000000 0.000000
v 0.000000 32.000000 0.000000
v 0.000000 32.000000 0.000000
v 0.000000 32.000000 0.000000
v 0.000000 32.000000 0.000000
v 0.000000 32.000000 0.000000
v 0.000000 32.000000 0.000000
v 0.000000 32.000000 0.000000
v 0.000000 32.000000 0.000000
v 0.000000 32.000000 0.000000
v 0.000000 32.000000 0.000000
v 0.000000 32.000000 0.000000
v 0.000000 32.000000 0.000000
v 0.000000 32.000000 0.000000
v 0.000000 32.000000 -0.000000
v 0.000000 32.000000 -0.000000
v 0.000000 32.000000 -0.000000
v 0.000000 32.000000 -0.000000
v 0.000000 32.000000 -0.000000
v 0.000000 32.000000 -0.000000
v 0.000000 32.000000 -0.000000
v 0.000000 32.000000 -0.000000
v 0.000000 32.000000 -0.000000
v 0.000000 32.000000 -0.000000
v 0.000000 32.000000 -0.000000
v 0.000000 32.000000 -0.000000
v 0.000000 32.000000 -0.000000
v 0.000000 32.000000 -0.000000
v 0.000000 32.000000 -0.000000
v 0.000000 32.000000 -0.000000
v -0.000000 32.000000 -0.000000
v -0.000000 32.000000 -0.000000
v -0.000000 32.000000 -0.000000
v -0.000000 32.000000 -0.000000
v -0.000000 32.000000 -0.000000
v -0.000000 32.000000 -0.000000
v -0.000000 32.000000 -0.000000
v -0.000000 32.000000 -0.000000
v -0.000000 32.000000 -0.000000
v -0.000000 32.000000 -0.000000
v -0.000000 32.000000 -0.000000
v -0.000000 32.000000 -0.000000
v -0.000000 32.000000 -0.000000
v -0.000000 32.000000 -0.000000
v -0.000000 32.000000 -0.000000
v -0.000000 32.000000 -0.000000
v -0.000000 32.000000 0.000000
v -0.000000 32.000000 0.000000
v -0.000000 32.000000 0.000000
v -0.000000 32.000000 0.000000
v -0.000000 32.000000 0.000000
v -0.000000 32.000000 0.000000
v -0.000000 32.000000 0.000000
v -0.000000 32.000000 0.000000
v -0.000000 32.000000 0.000000
v -0.000000 32.000000 0.000000
v -0.000000 32.000000 0.000000
v -0.000000 32.000000 0.000000
v -0.000000 32.000000 0.000000
v -0.000000 32.000000 0.000000
v -0.000000 32.000000 0.000000
v 0.000000 32.000000 0.000000
v 0.000000 31.855101 3.041794
v 0.298148 31.855101 3.027147
v 0.593424 31.855101 2.983346
v 0.882986 31.855101 2.910815
v 1.164044 31.855101 2.810251
v 1.433892 31.855101 2.682622
v 1.689930 31.855101 2.529159
v 1.929693 31.855101 2.351338
v 2.150873 31.855101 2.150873
v 2.351338 31.855101 1.929693
v 2.529159 31.855101 1.689930
v 2.682622 31.855101 1.433892
v 2.810251 31.855101 1.164044
v 2.910815 31.855101 0.882986
v 2.983346 31.855101 0.593424
v 3.027147 31.855101 0.298148
v 3.041794 31.855101 0.000000
v 3.027147 31.855101 -0.298148
v 2.983346 31.855101 -0.593424
v 2.910815 31.855101 -0.882986
v 2.810251 31.855101 -1.164044
v 2.682622 31.855101 -1.433892
v 2.529159 31.855101 -1.689930
v 2.351338 31.855101 -1.929693
v 2.150873 31.855101 -2.150873
v 1.929693 31.855101 -2.351338
v 1.689930 31.855101 -2.529159
v 1.433892 31.855101 -2.682622
v 1.164044 31.855101 -2.810251
v 0.882986 31.855101 -2.910815
v 0.593424 31.855101 -2.983346
v 0.298148 31.855101 -3.027147
v 0.000000 31.855101 -3.041794
v -0.298148 31.855101 -3.027147
v -0.593424 31.855101 -2.983346
v -0.882986 31.855101 -2.910815
v -1.164044 31.855101 -2.810251
v -1.433892 31.855101 -2.682622
v -1.689930 31.855101 -2.529159
v -1.929693 31.855101 -2.351338
v -2.150873 31.855101 -2.150873
v -2.351338 31.855101 -1.929693
v -2.529159 31.855101 -1.689930
v -2.682622 31.855101 -1.433892
v -2.810251 31.855101 -1.164044
v -2.910815 31.855101 -0.882986
v -2.983346 31.855101 -0.593424
v -3.027147 31.855101 -0.298148
v -3.041794 31.855101 -0.000000
v -3.027147 31.855101 0.298148
v -2.983346 31.855101 0.593424
v -2.910815 31.855101 0.882986
v -2.810251 31.855101 1.164044
v -2.682622 31.855101 1.433892
v -2.529159 31.855101 1.689930
v -2.351338 31.855101 1.929693
v -2.150873 31.855101 2.150873
v -1.929693 31.855101 2.351338
v -1.689930 31.855101 2.529159
v -1.433892 31.855101 2.682622
v -1.164044 31.855101 2.810251
v -0.882986 31.855101 2.910815
v -0.593424 31.855101 2.983346
v -0.298148 31.855101 3.027147
v 0.000000 31.855101 3.041794
v 0.000000 31.421719 6.056040
v 0.593596 31.421719 6.026878
v 1.181475 31.421719 5.939674
v 1.757975 31.421719 5.795269
v 2.317546 31.421719 5.595051
v 2.854797 31.421719 5.340950
v 3.364556 31.421719 5.035413
v 3.841911 31.421719 4.681382
v 4.282267 31.421719 4.282267
v 4.681382 31.421719 3.841911
v 5.035413 31.421719 3.364556
v 5.340950 31.421719 2.854797
v 5.595051 31.421719 2.317546
v 5.795269 31.421719 1.757975
v 5.939674 31.421719 1.181475
v 6.026878 31.421719 0.593596
v 6.056040 31.421719 0.000000
v 6.026878 31.421719 -0.593596
v 5.939674 31.421719 -1.181475
v 5.795269 31.421719 -1.757975
v 5.595051 31.421719 -2.317546
v 5.340950 31.421719 -2.854797
v 5.035413 31.421719 -3.364556
v 4.681382 31.421719 -3.841911
v 4.282267 31.421719 -4.282267
v 3.841911 31.421719 -4.681382
v 3.364556 31.421719 -5.035413
v 2.854797 31.421719 -5.340950
v 2.317546 31.421719 -5.595051
v 1.757975 31.421719 -5.795269
v 1.181475 31.421719 -5.939674
v 0.593596 31.421719 -6.026878
v 0.000000 31.421719 -6.056040
v -0.593596 31.421719 -6.026878
v -1.181475 31.421719 -5.939674
v -1.757975 31.421719 -5.795269
v -2.317546 31.421719 -5.595051
v -2.854797 31.421719 -5.340950
v -3.364556 31.421719 -5.035413
v -3.841911 31.421719 -4.681382
v -4.282267 31.421719 -4.282267
v -4.681382 31.421719 -3.841911
v -5.035413 31.421719 -3.364556
v -5.340950 31.421719 -2.854797
v -5.595051 31.421719 -2.317546
v -5.795269 31.421719 -1.757975
v -5.939674 31.421719 -1.181475
v -6.026878 31.421719 -0.593596
v -6.056040 31.421719 -0.000000
v -6.026878 31.421719 0.593596
v -5.939674 31.421719 1.181475
v -5.795269 31.421719 1.757975
v -5.595051 31.421719 2.317546
v -5.340950 31.421719 2.854797
v -5.035413 31.421719 3.364556
v -4.681382 31.421719 3.841911
v -4.282267 31.421719 4.282267
v -3.841911 31.421719 4.681382
v -3.364556 31.421719 5.035413
v -2.854797 31.421719 5.340950
v -2.317546 31.421719 5.595051
v -1.757975 31.421719 5.795269
v -1.181475 31.421719 5.939674
v -0.593596 31.421719 6.026878
v 0.000000 31.421719 6.056040
v 0.000000 30.703775 9.015442
v 0.883668 30.703775 8.972030
v 1.758825 30.703775 8.842213
v 2.617044 30.703775 8.627240
v 3.450060 30.703775 8.329182
v 4.249850 30.703775 7.950910
v 5.008711 30.703775 7.496066
v 5.719336 30.703775 6.969031
v 6.374880 30.703775 6.374880
v 6.969031 30.703775 5.719336
v 7.496066 30.703775 5.008711
v 7.950910 30.703775 4.249850
v 8.329182 30.703775 3.450060
v 8.627240 30.703775 2.617044
v 8.842213 30.703775 1.758825
v 8.972030 30.703775 0.883668
v 9.015442 30.703775 0.000000
v 8.972030 30.703775 -0.883668
v 8.842213 30.703775 -1.758825
v 8.627240 30.703775 -2.617044
v 8.329182 30.703775 -3.450060
v 7.950910 30.703775 -4.249850
v 7.496066 30.703775 -5.008711
v 6.969031 30.703775 -5.719336
v 6.374880 30.703775 -6.374880
v 5.719336 30.703775 -6.969031
v 5.008711 30.703775 -7.496066
v 4.249850 30.703775 -7.950910
v 3.450060 30.703775 -8.329182
v 2.617044 30.703775 -8.627240
v 1.758825 30.703775 -8.842213
v 0.883668 30.703775 -8.972030
v 0.000000 30.703775 -9.015442
v -0.883668 30.703775 -8.972030
v -1.758825 30.703775 -8.842213
v -2.617044 30.703775 -8.627240
v -3.450060 30.703775 -8.329182
v -4.249850 30.703775 -7.950910
v -5.008711 30.703775 -7.496066
v -5.719336 30.703775 -6.969031
v -6.374880 30.703775 -6.374880
v -6.969031 30.703775 -5.719336
v -7.496066 30.703775 -5.008711
v -7.950910 30.703775 -4.249850
v -8.329182 30.703775 -3.450060
v -8.627240 30.703775 -2.617044
v -8.842213 30.703775 -1.758825
v -8.972030 30.703775 -0.883668
v -9.015442 30.703775 -0.000000
v -8.972030 30.703775 0.883668
v -8.842213 30.703775 1.758825
v -8.627240 30.703775 2.617044
v -8.329182 30.703775 3.450060
v -7.950910 30.703775 4.249850
v -7.496066 30.703775 5.008711
v -6.969031 30.703775 5.719336
v -6.374880 30.703775 6.374880
v -5.719336 30.703775 6.969031
v -5.008711 30.703775 7.496066
v -4.249850 30.703775 7.950910
v -3.450060 30.703775 8.329182
v -2.617044 30.703775 8.627240
v -1.758825 30.703775 8.842213
v -0.883668 30.703775 8.972030
v 0.000000 30.703775 9.015442
v 0.000000 29.707773 11.893199
v 1.165737 29.707773 11.835930
v 2.320248 29.707773 11.664674
v 3.452413 29.707773 11.381082
v 4.551330 29.707773 10.987883
v 5.606415 29.707773 10.488866
v 6.607507 29.707773 9.888833
v 7.544965 29.707773 9.193567
v 8.409761 29.707773 8.409761
v 9.193567 29.707773 7.544965
v 9.888833 29.707773 6.607507
v 10.488866 29.707773 5.606415
v 10.987883 29.707773 4.551330
v 11.381082 29.707773 3.452413
v 11.664674 29.707773 2.320248
v 11.835930 29.707773 1.165737
v 11.893199 29.707773 0.000000
v 11.835930 29.707773 -1.165737
v 11.664674 29.707773 -2.320248
v 11.381082 29.707773 -3.452413
v 10.987883 29.707773 -4.551330
v 10.488866 29.707773 -5.606415
v 9.888833 29.707773 -6.607507
v 9.193567 29.707773 -7.544965
v 8.409761 29.707773 -8.409761
v 7.544965 29.707773 -9.193567
v 6.607507 29.707773 -9.888833
v 5.606415 29.707773 -10.488866
v 4.551330 29.707773 -10.987883
v 3.452413 29.707773 -11.381082
v 2.320248 29.707773 -11.664674
v 1.165737 29.707773 -11.835930
v 0.000000 29.707773 -11.893199
v -1.165737 29.707773 -11.835930
v -2.320248 29.707773 -11.664674
v -3.452413 29.707773 -11.381082
v -4.551330 29.707773 -10.987883
v -5.606415 29.707773 -10.488866
v -6.607507 29.707773 -9.888833
v -7.544965 29.707773 -9.193567
v -8.409761 29.707773 -8.409761
v -9.193567 29.707773 -7.544965
v -9.888833 29.707773 -6.607507
v -10.488866 29.707773 -5.606415
v -10.987883 29.707773 -4.551330
v -11.381082 29.707773 -3.452413
v -11.664674 29.707773 -2.320248
v -11.835930 29.707773 -1.165737
v -11.893199 29.707773 -0.000000
v -11.835930 29.707773 1.165737
v -11.664674 29.707773 2.320248
v -11.381082 29.707773 3.452413
v -10.987883 29.707773 4.551330
v -10.488866 29.707773 5.606415
v -9.888833 29.707773 6.607507
v -9.193567 29.707773 7.544965
v -8.409761 29.707773 8.409761
v -7.544965 29.707773 9.193567
v -6.607507 29.707773 9.888833
v -5.606415 29.707773 10.488866
v -4.551330 29.707773 10.987883
v -3.452413 29.707773 11.381082
v -2.320248 29.707773 11.664674
v -1.165737 29.707773 11.835930
v 0.000000 29.707773 11.893199
v 0.000000 28.442734 14.663249
v 1.437250 28.442734 14.592642
v 2.860658 28.442734 14.381498
v 4.256516 28.442734 14.031855
v 5.611382 28.442734 13.547075
v 6.912208 28.442734 12.931831
v 8.146465 28.442734 12.192046
v 9.302266 28.442734 11.334845
v 10.368483 28.442734 10.368483
v 11.334845 28.442734 9.302266
v 12.192046 28.442734 8.146465
v 12.931831 28.442734 6.912208
v 13.547075 28.442734 5.611382
v 14.031855 28.442734 4.256516
v 14.381498 28.442734 2.860658
v 14.592642 28.442734 1.437250
v 14.663249 28.442734 0.000000
v 14.592642 28.442734 -1.437250
v 14.381498 28.442734 -2.860658
v 14.031855 28.442734 -4.256516
v 13.547075 28.442734 -5.611382
v 12.931831 28.442734 -6.912208
v 12.192046 28.442734 -8.146465
v 11.334845 28.442734 -9.302266
v 10.368483 28.442734 -10.368483
v 9.302266 28.442734 -11.334845
v 8.146465 28.442734 -12.192046
v 6.912208 28.442734 -12.931831
v 5.611382 28.442734 -13.547075
v 4.256516 28.442734 -14.031855
v 2.860658 28.442734 -14.381498
v 1.437250 28.442734 -14.592642
v 0.000000 28.442734 -14.663249
v -1.437250 28.442734 -14.592642
v -2.860658 28.442734 -14.381498
v -4.256516 28.442734 -14.031855
v -5.611382 28.442734 -13.547075
v -6.912208 28.442734 -12.931831
v -8.146465 28.442734 -12.192046
v -9.302266 28.442734 -11.334845
v -10.368483 28.442734 -10.368483
v -11.334845 28.442734 -9.302266
v -12.192046 28.442734 -8.146465
v -12.931831 28.442734 -6.912208
v -13.547075 28.442734 -5.611382
v -14.031855 28.442734 -4.256516
v -14.381498 28.442734 -2.860658
v -14.592642 28.442734 -1.437250
v -14.663249 28.442734 -0.000000
v -14.592642 28.442734 1.437250
v -14.381498 28.442734 2.860658
v -14.031855 28.442734 4.256516
v -13.547075 28.442734 5.611382
v -12.931831 28.442734 6.912208
v -12.192046 28.442734 8.146465
v -11.334845 28.442734 9.302266
v -10.368483 28.442734 10.368483
v -9.302266 28.442734 11.334845
v -8.146465 28.442734 12.192046
v -6.912208 28.442734 12.931831
v -5.611382 28.442734 13.547075
v -4.256516 28.442734 14.031855
v -2.860658 28.442734 14.381498
v -1.437250 28.442734 14.592642
v 0.000000 28.442734 14.663249
v 0.000000 26.920113 17.300507
v 1.695746 26.920113 17.217199
v 3.375161 26.920113 16.968082
v 5.022072 26.920113 16.555553
v 6.620617 26.920113 15.983583
v 8.155402 26.920113 15.257685
v 9.611647 26.920113 14.384845
v 10.975325 26.920113 13.373472
v 12.233305 26.920113 12.233305
v 13.373472 26.920113 10.975325
v 14.384845 26.920113 9.611647
v 15.257685 26.920113 8.155402
v 15.983583 26.920113 6.620617
v 16.555553 26.920113 5.022072
v 16.968082 26.920113 3.375161
v 17.217199 26.920113 1.695746
v 17.300507 26.920113 0.000000
v 17.217199 26.920113 -1.695746
v 16.968082 26.920113 -3.375161
v 16.555553 26.920113 -5.022072
v 15.983583 26.920113 -6.620617
v 15.257685 26.920113 -8.155402
v 14.384845 26.920113 -9.611647
v 13.373472 26.920113 -10.975325
v 12.233305 26.920113 -12.233305
v 10.975325 26.920113 -13.373472
v 9.611647 26.920113 -14.384845
v 8.155402 26.920113 -15.257685
v 6.620617 26.920113 -15.983583
v 5.022072 26.920113 -16.555553
v 3.375161 26.920113 -16.968082
v 1.695746 26.920113 -17.217199
v 0.000000 26.920113 -17.300507
v -1.695746 26.920113 -17.217199
v -3.375161 26.920113 -16.968082
v -5.022072 26.920113 -16.555553
v -6.620617 26.920113 -15.983583
v -8.155402 26.920113 -15.257685
v -9.611647 26.920113 -14.384845
v -10.975325 26.920113 -13.373472
v -12.233305 26.920113 -12.233305
v -13.373472 26.920113 -10.975325
v -14.384845 26.920113 -9.611647
v -15.257685 26.920113 -8.155402
v -15.983583 26.920113 -6.620617
v -16.555553 26.920113 -5.022072
v -16.968082 26.920113 -3.375161
v -17.217199 26.920113 -1.695746
v -17.300507 26.920113 -0.000000
v -17.217199 26.920113 1.695746
v -16.968082 26.920113 3.375161
v -16.555553 26.920113 5.022072
v -15.983583 26.920113 6.620617
v -15.257685 26.920113 8.155402
v -14.384845 26.920113 9.611647
v -13.373472 26.920113 10.975325
v -12.233305 26.920113 12.233305
v -10.975325 26.920113 13.373472
v -9.611647 26.920113 14.384845
v -8.155402 26.920113 15.257685
v -6.620617 26.920113 15.983583
v -5.022072 26.920113 16.555553
v -3.375161 26.920113 16.968082
v -1.695746 26.920113 17.217199
v 0.000000 26.920113 17.300507
v 0.000000 25.153698 19.781088
v 1.938886 25.153698 19.685837
v 3.859099 25.153698 19.400999
v 5.742146 25.153698 18.929321
v 7.569894 25.153698 18.275341
v 9.324740 25.153698 17.445362
v 10.989784 25.153698 16.447372
v 12.548989 25.153698 15.290987
v 13.987341 25.153698 13.987341
v 15.290987 25.153698 12.548989
v 16.447372 25.153698 10.989784
v 17.445362 25.153698 9.324740
v 18.275341 25.153698 7.569894
v 18.929321 25.153698 5.742146
v 19.400999 25.153698 3.859099
v 19.685837 25.153698 1.938886
v 19.781088 25.153698 0.000000
v 19.685837 25.153698 -1.938886
v 19.400999 25.153698 -3.859099
v 18.929321 25.153698 -5.742146
v 18.275341 25.153698 -7.569894
v 17.445362 25.153698 -9.324740
v 16.447372 25.153698 -10.989784
v 15.290987 25.153698 -12.548989
v 13.987341 25.153698 -13.987341
v 12.548989 25.153698 -15.290987
v 10.989784 25.153698 -16.447372
v 9.324740 25.153698 -17.445362
v 7.569894 25.153698 -18.275341
v 5.742146 25.153698 -18.929321
v 3.859099 25.153698 -19.400999
v 1.938886 25.153698 -19.685837
v 0.000000 25.153698 -19.781088
v -1.938886 25.153698 -19.685837
v -3.859099 25.153698 -19.400999
v -5.742146 25.153698 -18.929321
v -7.569894 25.153698 -18.275341
v -9.324740 25.153698 -17.445362
v -10.989784 25.153698 -16.447372
v -12.548989 25.153698 -15.290987
v -13.987341 25.153698 -13.987341
v -15.290987 25.153698 -12.548989
v -16.447372 25.153698 -10.989784
v -17.445362 25.153698 -9.324740
v -18.275341 25.153698 -7.569894
v -18.929321 25.153698 -5.742146
v -19.400999 25.153698 -3.859099
v -19.685837 25.153698 -1.938886
v -19.781088 25.153698 -0.000000
v -19.685837 25.153698 1.938886
v -19.400999 25.153698 3.859099
v -18.929321 25.153698 5.742146
v -18.275341 25.153698 7.569894
v -17.445362 25.153698 9.324740
v -16.447372 25.153698 10.989784
v -15.290987 25.153698 12.548989
v -13.987341 25.153698 13.987341
v -12.548989 25.153698 15.290987
v -10.989784 25.153698 16.447372
v -9.324740 25.153698 17.445362
v -7.569894 25.153698 18.275341
v -5.742146 25.153698 18.929321
v -3.859099 25.153698 19.400999
v -1.938886 25.153698 19.685837
v 0.000000 25.153698 19.781088
v 0.000000 23.159489 22.082529
v 2.164466 23.159489 21.976196
v 4.308088 23.159489 21.658218
v 6.410220 23.159489 21.131662
v 8.450618 23.159489 20.401596
v 10.409633 23.159489 19.475052
v 12.268396 23.159489 18.360952
v 14.009008 23.159489 17.070024
v 15.614706 23.159489 15.614706
v 17.070024 23.159489 14.009008
v 18.360952 23.159489 12.268396
v 19.475052 23.159489 10.409633
v 20.401596 23.159489 8.450618
v 21.131662 23.159489 6.410220
v 21.658218 23.159489 4.308088
v 21.976196 23.159489 2.164466
v 22.082529 23.159489 0.000000
v 21.976196 23.159489 -2.164466
v 21.658218 23.159489 -4.308088
v 21.131662 23.159489 -6.410220
v 20.401596 23.159489 -8.450618
v 19.475052 23.159489 -10.409633
v 18.360952 23.159489 -12.268396
v 17.070024 23.159489 -14.009008
v 15.614706 23.159489 -15.614706
v 14.009008 23.159489 -17.070024
v 12.268396 23.159489 -18.360952
v 10.409633 23.159489 -19.475052
v 8.450618 23.159489 -20.401596
v 6.410220 23.159489 -21.131662
v 4.308088 23.159489 -21.658218
v 2.164466 23.159489 -21.976196
v 0.000000 23.159489 -22.082529
v -2.164466 23.159489 -21.976196
v -4.308088 23.159489 -21.658218
v -6.410220 23.159489 -21.131662
v -8.450618 23.159489 -20.401596
v -10.409633 23.159489 -19.475052
v -12.268396 23.159489 -18.360952
v -14.009008 23.159489 -17.070024
v -15.614706 23.159489 -15.614706
v -17.070024 23.159489 -14.009008
v -18.360952 23.159489 -12.268396
v -19.475052 23.159489 -10.409633
v -20.401596 23.159489 -8.450618
v -21.131662 23.159489 -6.410220
v -21.658218 23.159489 -4.308088
v -21.976196 23.159489 -2.164466
v -22.082529 23.159489 -0.000000
v -21.976196 23.159489 2.164466
v -21.658218 23.159489 4.308088
v -21.131662 23.159489 6.410220
v -20.401596 23.159489 8.450618
v -19.475052 23.159489 10.409633
v -18.360952 23.159489 12.268396
v -17.070024 23.159489 14.009008
v -15.614706 23.159489 15.614706
v -14.009008 23.159489 17.070024
v -12.268396 23.159489 18.360952
v -10.409633 23.159489 19.475052
v -8.450618 23.159489 20.401596
v -6.410220 23.159489 21.131662
v -4.308088 23.159489 21.658218
v -2.164466 23.159489 21.976196
v 0.000000 23.159489 22.082529
v 0.000000 20.955544 24.183987
v 2.370445 20.955544 24.067533
v 4.718062 20.955544 23.719297
v 7.020240 20.955544 23.142633
v 9.254811 20.955544 22.343090
v 11.400252 20.955544 21.328373
v 13.435904 20.955544 20.108250
v 15.342158 20.955544 18.694473
v 17.100660 20.955544 17.100660
v 18.694473 20.955544 15.342158
v 20.108250 20.955544 13.435904
v 21.328373 20.955544 11.400252
v 22.343090 20.955544 9.254811
v 23.142633 20.955544 7.020240
v 23.719297 20.955544 4.718062
v 24.067533 20.955544 2.370445
v 24.183987 20.955544 0.000000
v 24.067533 20.955544 -2.370445
v 23.719297 20.955544 -4.718062
v 23.142633 20.955544 -7.020240
v 22.343090 20.955544 -9.254811
v 21.328373 20.955544 -11.400252
v 20.108250 20.955544 -13.435904
v 18.694473 20.955544 -15.342158
v 17.100660 20.955544 -17.100660
v 15.342158 20.955544 -18.694473
v 13.435904 20.955544 -20.108250
v 11.400252 20.955544 -21.328373
v 9.254811 20.955544 -22.343090
v 7.020240 20.955544 -23.142633
v 4.718062 20.955544 -23.719297
v 2.370445 20.955544 -24.067533
v 0.000000 20.955544 -24.183987
v -2.370445 20.955544 -24.067533
v -4.718062 20.955544 -23.719297
v -7.020240 20.955544 -23.142633
v -9.254811 20.955544 -22.343090
v -11.400252 20.955544 -21.328373
v -13.435904 20.955544 -20.108250
v -15.342158 20.955544 -18.694473
v -17.100660 20.955544 -17.100660
v -18.694473 20.955544 -15.342158
v -20.108250 20.955544 -13.435904
v -21.328373 20.955544 -11.400252
v -22.343090 20.955544 -9.254811
v -23.142633 20.955544 -7.020240
v -23.719297 20.955544 -4.718062
v -24.067533 20.955544 -2.370445
v -24.183987 20.955544 -0.000000
v -24.067533 20.955544 2.370445
v -23.719297 20.955544 4.718062
v -23.142633 20.955544 7.020240
v -22.343090 20.955544 9.254811
v -21.328373 20.955544 11.400252
v -20.108250 20.955544 13.435904
v -18.694473 20.955544 15.342158
v -17.100660 20.955544 17.100660
v -15.342158 20.955544 18.694473
v -13.435904 20.955544 20.108250
v -11.400252 20.955544 21.328373
v -9.254811 20.955544 22.343090
v -7.020240 20.955544 23.142633
v -4.718062 20.955544 23.719297
v -2.370445 20.955544 24.067533
v 0.000000 20.955544 24.183987
v 0.000000 18.561821 26.066431
v 2.554957 18.561821 25.940914
v 5.085309 18.561821 25.565571
v 7.566685 18.561821 24.944019
v 9.975191 18.561821 24.082241
v 12.287631 18.561821 22.988541
v 14.481733 18.561821 21.673445
v 16.536369 18.561821 20.149624
v 18.431749 18.561821 18.431749
v 20.149624 18.561821 16.536369
v 21.673445 18.561821 14.481733
v 22.988541 18.561821 12.287631
v 24.082241 18.561821 9.975191
v 24.944019 18.561821 7.566685
v 25.565571 18.561821 5.085309
v 25.940914 18.561821 2.554957
v 26.066431 18.561821 0.000000
v 25.940914 18.561821 -2.554957
v 25.565571 18.561821 -5.085309
v 24.944019 18.561821 -7.566685
v 24.082241 18.561821 -9.975191
v 22.988541 18.561821 -12.287631
v 21.673445 18.561821 -14.481733
v 20.149624 18.561821 -16.536369
v 18.431749 18.561821 -18.431749
v 16.536369 18.561821 -20.149624
v 14.481733 18.561821 -21.673445
v 12.287631 18.561821 -22.988541
v 9.975191 18.561821 -24.082241
v 7.566685 18.561821 -24.944019
v 5.085309 18.561821 -25.565571
v 2.554957 18.561821 -25.940914
v 0.000000 18.561821 -26.066431
v -2.554957 18.561821 -25.940914
v -5.085309 18.561821 -25.565571
v -7.566685 18.561821 -24.944019
v -9.975191 18.561821 -24.082241
v -12.287631 18.561821 -22.988541
v -14.481733 18.561821 -21.673445
v -16.536369 18.561821 -20.149624
v -18.431749 18.561821 -18.431749
v -20.149624 18.561821 -16.536369
v -21.673445 18.561821 -14.481733
v -22.988541 18.561821 -12.287631
v -24.082241 18.561821 -9.975191
v -24.944019 18.561821 -7.566685
v -25.565571 18.561821 -5.085309
v -25.940914 18.561821 -2.554957
v -26.066431 18.561821 -0.000000
v -25.940914 18.561821 2.554957
v -25.565571 18.561821 5.085309
v -24.944019 18.561821 7.566685
v -24.082241 18.561821 9.975191
v -22.988541 18.561821 12.287631
v -21.673445 18.561821 14.481733
v -20.149624 18.561821 16.536369
v -18.431749 18.561821 18.431749
v -16.536369 18.561821 20.149624
v -14.481733 18.561821 21.673445
v -12.287631 18.561821 22.988541
v -9.975191 18.561821 24.082241
v -7.566685 18.561821 24.944019
v -5.085309 18.561821 25.565571
v -2.554957 18.561821 25.940914
v 0.000000 18.561821 26.066431
v 0.000000 15.999999 27.712814
v 2.716331 15.999999 27.579369
v 5.406502 15.999999 27.180319
v 8.044605 15.999999 26.519510
v 10.605235 15.999999 25.603302
v 13.063730 15.999999 24.440521
v 15.396415 15.999999 23.042362
v 17.580824 15.999999 21.422295
v 19.595919 15.999999 19.595919
v 21.422295 15.999999 17.580824
v 23.042362 15.999999 15.396415
v 24.440521 15.999999 13.063730
v 25.603302 15.999999 10.605235
v 26.519510 15.999999 8.044605
v 27.180319 15.999999 5.406502
v 27.579369 15.999999 2.716331
v 27.712814 15.999999 0.000000
v 27.579369 15.999999 -2.716331
v 27.180319 15.999999 -5.406502
v 26.519510 15.999999 -8.044605
v 25.603302 15.999999 -10.605235
v 24.440521 15.999999 -13.063730
v 23.042362 15.999999 -15.396415
v 21.422295 15.999999 -17.580824
v 19.595919 15.999999 -19.595919
v 17.580824 15.999999 -21.422295
v 15.396415 15.999999 -23.042362
v 13.063730 15.999999 -24.440521
v 10.605235 15.999999 -25.603302
v 8.044605 15.999999 -26.519510
v 5.406502 15.999999 -27.180319
v 2.716331 15.999999 -27.579369
v 0.000000 15.999999 -27.712814
v -2.716331 15.999999 -27.579369
v -5.406502 15.999999 -27.180319
v -8.044605 15.999999 -26.519510
v -10.605235 15.999999 -25.603302
v -13.063730 15.999999 -24.440521
v -15.396415 15.999999 -23.042362
v -17.580824 15.999999 -21.422295
v -19.595919 15.999999 -19.595919
v -21.422295 15.999999 -17.580824
v -23.042362 15.999999 -15.396415
v -24.440521 15.999999 -13.063730
v -25.603302 15.999999 -10.605235
v -26.519510 15.999999 -8.044605
v -27.180319 15.999999 -5.406502
v -27.579369 15.999999 -2.716331
v -27.712814 15.999999 -0.000000
v -27.579369 15.999999 2.716331
v -27.180319 15.999999 5.406502
v -26.519510 15.999999 8.044605
v -25.603302 15.999999 10.605235
v -24.440521 15.999999 13.063730
v -23.042362 15.999999 15.396415
v -21.422295 15.999999 17.580824
v -19.595919 15.999999 19.595919
v -17.580824 15.999999 21.422295
v -15.396415 15.999999 23.042362
v -13.063730 15.999999 24.440521
v -10.605235 15.999999 25.603302
v -8.044605 15.999999 26.519510
v -5.406502 15.999999 27.180319
v -2.716331 15.999999 27.579369
v 0.000000 15.999999 27.712814
v 0.000000 13.293280 29.108225
v 2.853105 13.293280 28.968061
v 5.678733 13.293280 28.548918
v 8.449671 13.293280 27.854836
v 11.139235 13.293280 26.892492
v 13.721522 13.293280 25.671164
v 16.171663 13.293280 24.202604
v 18.466063 13.293280 22.500961
v 20.582623 13.293280 20.582623
v 22.500961 13.293280 18.466063
v 24.202604 13.293280 16.171663
v 25.671164 13.293280 13.721522
v 26.892492 13.293280 11.139235
v 27.854836 13.293280 8.449671
v 28.548918 13.293280 5.678733
v 28.968061 13.293280 2.853105
v 29.108225 13.293280 0.000000
v 28.968061 13.293280 -2.853105
v 28.548918 13.293280 -5.678733
v 27.854836 13.293280 -8.449671
v 26.892492 13.293280 -11.139235
v 25.671164 13.293280 -13.721522
v 24.202604 13.293280 -16.171663
v 22.500961 13.293280 -18.466063
v 20.582623 13.293280 -20.582623
v 18.466063 13.293280 -22.500961
v 16.171663 13.293280 -24.202604
v 13.721522 13.293280 -25.671164
v 11.139235 13.293280 -26.892492
v 8.449671 13.293280 -27.854836
v 5.678733 13.293280 -28.548918
v 2.853105 13.293280 -28.968061
v 0.000000 13.293280 -29.108225
v -2.853105 13.293280 -28.968061
v -5.678733 13.293280 -28.548918
v -8.449671 13.293280 -27.854836
v -11.139235 13.293280 -26.892492
v -13.721522 13.293280 -25.671164
v -16.171663 13.293280 -24.202604
v -18.466063 13.293280 -22.500961
v -20.582623 13.293280 -20.582623
v -22.500961 13.293280 -18.466063
v -24.202604 13.293280 -16.171663
v -25.671164 13.293280 -13.721522
v -26.892492 13.293280 -11.139235
v -27.854836 13.293280 -8.449671
v -28.548918 13.293280 -5.678733
v -28.968061 13.293280 -2.853105
v -29.108225 13.293280 -0.000000
v -28.968061 13.293280 2.853105
v -28.548918 13.293280 5.678733
v -27.854836 13.293280 8.449671
v -26.892492 13.293280 11.139235
v -25.671164 13.293280 13.721522
v -24.202604 13.293280 16.171663
v -22.500961 13.293280 18.466063
v -20.582623 13.293280 20.582623
v -18.466063 13.293280 22.500961
v -16.171663 13.293280 24.202604
v -13.721522 13.293280 25.671164
v -11.139235 13.293280 26.892492
v -8.449671 13.293280 27.854836
v -5.678733 13.293280 28.548918
v -2.853105 13.293280 28.968061
v 0.000000 13.293280 29.108225
v 0.000000 10.466174 30.240026
v 2.964041 10.466174 30.094412
v 5.899537 10.466174 29.658972
v 8.778216 10.466174 28.937902
v 11.572357 10.466174 27.938141
v 14.255050 10.466174 26.669323
v 16.800459 10.466174 25.143663
v 19.184069 10.466174 23.375856
v 21.382927 10.466174 21.382927
v 23.375856 10.466174 19.184069
v 25.143663 10.466174 16.800459
v 26.669323 10.466174 14.255050
v 27.938141 10.466174 11.572357
v 28.937902 10.466174 8.778216
v 29.658972 10.466174 5.899537
v 30.094412 10.466174 2.964041
v 30.240026 10.466174 0.000000
v 30.094412 10.466174 -2.964041
v 29.658972 10.466174 -5.899537
v 28.937902 10.466174 -8.778216
v 27.938141 10.466174 -11.572357
v 26.669323 10.466174 -14.255050
v 25.143663 10.466174 -16.800459
v 23.375856 10.466174 -19.184069
v 21.382927 10.466174 -21.382927
v 19.184069 10.466174 -23.375856
v 16.800459 10.466174 -25.143663
v 14.255050 10.466174 -26.669323
v 11.572357 10.466174 -27.938141
v 8.778216 10.466174 -28.937902
v 5.899537 10.466174 -29.658972
v 2.964041 10.466174 -30.094412
v 0.000000 10.466174 -30.240026
v -2.964041 10.466174 -30.094412
v -5.899537 10.466174 -29.658972
v -8.778216 10.466174 -28.937902
v -11.572357 10.466174 -27.938141
v -14.255050 10.466174 -26.669323
v -16.800459 10.466174 -25.143663
v -19.184069 10.466174 -23.375856
v -21.382927 10.466174 -21.382927
v -23.375856 10.466174 -19.184069
v -25.143663 10.466174 -16.800459
v -26.669323 10.466174 -14.255050
v -27.938141 10.466174 -11.572357
v -28.937902 10.466174 -8.778216
v -29.658972 10.466174 -5.899537
v -30.094412 10.466174 -2.964041
v -30.240026 10.466174 -0.000000
v -30.094412 10.466174 2.964041
v -29.658972 10.466174 5.899537
v -28.937902 10.466174 8.778216
v -27.938141 10.466174 11.572357
v -26.669323 10.466174 14.255050
v -25.143663 10.466174 16.800459
v -23.375856 10.466174 19.184069
v -21.382927 10.466174 21.382927
v -19.184069 10.466174 23.375856
v -16.800459 10.466174 25.143663
v -14.255050 10.466174 26.669323
v -11.572357 10.466174 27.938141
v -8.778216 10.466174 28.937902
v -5.899537 10.466174 29.658972
v -2.964041 10.466174 30.094412
v 0.000000 10.466174 30.240026
v 0.000000 7.544285 31.097971
v 3.048134 7.544285 30.948225
v 6.066913 7.544285 30.500431
v 9.027264 7.544285 29.758904
v 11.900678 7.544285 28.730778
v 14.659482 7.544285 27.425962
v 17.277107 7.544285 25.857018
v 19.728344 7.544285 24.039057
v 21.989586 7.544285 21.989586
v 24.039057 7.544285 19.728344
v 25.857018 7.544285 17.277107
v 27.425962 7.544285 14.659482
v 28.730778 7.544285 11.900678
v 29.758904 7.544285 9.027264
v 30.500431 7.544285 6.066913
v 30.948225 7.544285 3.048134
v 31.097971 7.544285 0.000000
v 30.948225 7.544285 -3.048134
v 30.500431 7.544285 -6.066913
v 29.758904 7.544285 -9.027264
v 28.730778 7.544285 -11.900678
v 27.425962 7.544285 -14.659482
v 25.857018 7.544285 -17.277107
v 24.039057 7.544285 -19.728344
v 21.989586 7.544285 -21.989586
v 19.728344 7.544285 -24.039057
v 17.277107 7.544285 -25.857018
v 14.659482 7.544285 -27.425962
v 11.900678 7.544285 -28.730778
v 9.027264 7.544285 -29.758904
v 6.066913 7.544285 -30.500431
v 3.048134 7.544285 -30.948225
v 0.000000 7.544285 -31.097971
v -3.048134 7.544285 -30.948225
v -6.066913 7.544285 -30.500431
v -9.027264 7.544285 -29.758904
v -11.900678 7.544285 -28.730778
v -14.659482 7.544285 -27.425962
v -17.277107 7.544285 -25.857018
v -19.728344 7.544285 -24.039057
v -21.989586 7.544285 -21.989586
v -24.039057 7.544285 -19.728344
v -25.857018 7.544285 -17.277107
v -27.425962 7.544285 -14.659482
v -28.730778 7.544285 -11.900678
v -29.758904 7.544285 -9.027264
v -30.500431 7.544285 -6.066913
v -30.948225 7.544285 -3.048134
v -31.097971 7.544285 -0.000000
v -30.948225 7.544285 3.048134
v -30.500431 7.544285 6.066913
v -29.758904 7.544285 9.027264
v -28.730778 7.544285 11.900678
v -27.425962 7.544285 14.659482
v -25.857018 7.544285 17.277107
v -24.039057 7.544285 19.728344
v -21.989586 7.544285 21.989586
v -19.728344 7.544285 24.039057
v -17.277107 7.544285 25.857018
v -14.659482 7.544285 27.425962
v -11.900678 7.544285 28.730778
v -9.027264 7.544285 29.758904
v -6.066913 7.544285 30.500431
v -3.048134 7.544285 30.948225
v 0.000000 7.544285 31.097971
v 0.000000 4.554073 31.674286
v 3.104623 4.554073 31.521765
v 6.179347 4.554073 31.065672
v 9.194559 4.554073 30.310402
v 12.121224 4.554073 29.263224
v 14.931155 4.554073 27.934227
v 17.597290 4.554073 26.336206
v 20.093954 4.554073 24.484554
v 22.397102 4.554073 22.397102
v 24.484554 4.554073 20.093954
v 26.336206 4.554073 17.597290
v 27.934227 4.554073 14.931155
v 29.263224 4.554073 12.121224
v 30.310402 4.554073 9.194559
v 31.065672 4.554073 6.179347
v 31.521765 4.554073 3.104623
v 31.674286 4.554073 0.000000
v 31.521765 4.554073 -3.104623
v 31.065672 4.554073 -6.179347
v 30.310402 4.554073 -9.194559
v 29.263224 4.554073 -12.121224
v 27.934227 4.554073 -14.931155
v 26.336206 4.554073 -17.597290
v 24.484554 4.554073 -20.093954
v 22.397102 4.554073 -22.397102
v 20.093954 4.554073 -24.484554
v 17.597290 4.554073 -26.336206
v 14.931155 4.554073 -27.934227
v 12.121224 4.554073 -29.263224
v 9.194559 4.554073 -30.310402
v 6.179347 4.554073 -31.065672
v 3.104623 4.554073 -31.521765
v 0.000000 4.554073 -31.674286
v -3.104623 4.554073 -31.521765
v -6.179347 4.554073 -31.065672
v -9.194559 4.554073 -30.310402
v -12.121224 4.554073 -29.263224
v -14.931155 4.554073 -27.934227
v -17.597290 4.554073 -26.336206
v -20.093954 4.554073 -24.484554
v -22.397102 4.554073 -22.397102
v -24.484554 4.554073 -20.093954
v -26.336206 4.554073 -17.597290
v -27.934227 4.554073 -14.931155
v -29.263224 4.554073 -12.121224
v -30.310402 4.554073 -9.194559
v -31.065672 4.554073 -6.179347
v -31.521765 4.554073 -3.104623
v -31.674286 4.554073 -0.000000
v -31.521765 4.554073 3.104623
v -31.065672 4.554073 6.179347
v -30.310402 4.554073 9.194559
v -29.263224 4.554073 12.121224
v -27.934227 4.554073 14.931155
v -26.336206 4.554073 17.597290
v -24.484554 4.554073 20.093954
v -22.397102 4.554073 22.397102
v -20.093954 4.554073 24.484554
v -17.597290 4.554073 26.336206
v -14.931155 4.554073 27.934227
v -12.121224 4.554073 29.263224
v -9.194559 4.554073 30.310402
v -6.179347 4.554073 31.065672
v -3.104623 4.554073 31.521765
v 0.000000 4.554073 31.674286
v 0.000000 1.522620 31.963755
v 3.132996 1.522620 31.809841
v 6.235819 1.522620 31.349579
v 9.278587 1.522620 30.587406
v 12.231999 1.522620 29.530659
v 15.067610 1.522620 28.189516
v 17.758110 1.522620 26.576891
v 20.277592 1.522620 24.708315
v 22.601788 1.522620 22.601788
v 24.708315 1.522620 20.277592
v 26.576891 1.522620 17.758110
v 28.189516 1.522620 15.067610
v 29.530659 1.522620 12.231999
v 30.587406 1.522620 9.278587
v 31.349579 1.522620 6.235819
v 31.809841 1.522620 3.132996
v 31.963755 1.522620 0.000000
v 31.809841 1.522620 -3.132996
v 31.349579 1.522620 -6.235819
v 30.587406 1.522620 -9.278587
v 29.530659 1.522620 -12.231999
v 28.189516 1.522620 -15.067610
v 26.576891 1.522620 -17.758110
v 24.708315 1.522620 -20.277592
v 22.601788 1.522620 -22.601788
v 20.277592 1.522620 -24.708315
v 17.758110 1.522620 -26.576891
v 15.067610 1.522620 -28.189516
v 12.231999 1.522620 -29.530659
v 9.278587 1.522620 -30.587406
v 6.235819 1.522620 -31.349579
v 3.132996 1.522620 -31.809841
v 0.000000 1.522620 -31.963755
v -3.132996 1.522620 -31.809841
v -6.235819 1.522620 -31.349579
v -9.278587 1.522620 -30.587406
v -12.231999 1.522620 -29.530659
v -15.067610 1.522620 -28.189516
v -17.758110 1.522620 -26.576891
v -20.277592 1.522620 -24.708315
v -22.601788 1.522620 -22.601788
v -24.708315 1.522620 -20.277592
v -26.576891 1.522620 -17.758110
v -28.189516 1.522620 -15.067610
v -29.530659 1.522620 -12.231999
v -30.587406 1.522620 -9.278587
v -31.349579 1.522620 -6.235819
v -31.809841 1.522620 -3.132996
v -31.963755 1.522620 -0.000000
v -31.809841 1.522620 3.132996
v -31.349579 1.522620 6.235819
v -30.587406 1.522620 9.278587
v -29.530659 1.522620 12.231999
v -28.189516 1.522620 15.067610
v -26.576891 1.522620 17.758110
v -24.708315 1.522620 20.277592
v -22.601788 1.522620 22.601788
v -20.277592 1.522620 24.708315
v -17.758110 1.522620 26.576891
v -15.067610 1.522620 28.189516
v -12.231999 1.522620 29.530659
v -9.278587 1.522620 30.587406
v -6.235819 1.522620 31.349579
v -3.132996 1.522620 31.809841
v 0.000000 1.522620 31.963755
v 0.000000 -1.522620 31.963755
v 3.132996 -1.522620 31.809841
v 6.235819 -1.522620 31.349579
v 9.278587 -1.522620 30.587406
v 12.231999 -1.522620 29.530659
v 15.067610 -1.522620 28.189516
v 17.758110 -1.522620 26.576891
v 20.277592 -1.522620 24.708315
v 22.601788 -1.522620 22.601788
v 24.708315 -1.522620 20.277592
v 26.576891 -1.522620 17.758110
v 28.189516 -1.522620 15.067610
v 29.530659 -1.522620 12.231999
v 30.587406 -1.522620 9.278587
v 31.349579 -1.522620 6.235819
v 31.809841 -1.522620 3.132996
v 31.963755 -1.522620 0.000000
v 31.809841 -1.522620 -3.132996
v 31.349579 -1.522620 -6.235819
v 30.587406 -1.522620 -9.278587
v 29.530659 -1.522620 -12.231999
v 28.189516 -1.522620 -15.067610
v 26.576891 -1.522620 -17.758110
v 24.708315 -1.522620 -20.277592
v 22.601788 -1.522620 -22.601788
v 20.277592 -1.522620 -24.708315
v 17.758110 -1.522620 -26.576891
v 15.067610 -1.522620 -28.189516
v 12.231999 -1.522620 -29.530659
v 9.278587 -1.522620 -30.587406
v 6.235819 -1.522620 -31.349579
v 3.132996 -1.522620 -31.809841
v 0.000000 -1.522620 -31.963755
v -3.132996 -1.522620 -31.809841
v -6.235819 -1.522620 -31.349579
v -9.278587 -1.522620 -30.587406
v -12.231999 -1.522620 -29.530659
v -15.067610 -1.522620 -28.189516
v -17.758110 -1.522620 -26.576891
v -20.277592 -1.522620 -24.708315
v -22.601788 -1.522620 -22.601788
v -24.708315 -1.522620 -20.277592
v -26.576891 -1.522620 -17.758110
v -28.189516 -1.522620 -15.067610
v -29.530659 -1.522620 -12.231999
v -30.587406 -1.522620 -9.278587
v -31.349579 -1.522620 -6.235819
v -31.809841 -1.522620 -3.132996
v -31.963755 -1.522620 -0.000000
v -31.809841 -1.522620 3.132996
v -31.349579 -1.522620 6.235819
v -30.587406 -1.522620 9.278587
v -29.530659 -1.522620 12.231999
v -28.189516 -1.522620 15.067610
v -26.576891 -1.522620 17.758110
v -24.708315 -1.522620 20.277592
v -22.601788 -1.522620 22.601788
v -20.277592 -1.522620 24.708315
v -17.758110 -1.522620 26.576891
v -15.067610 -1.522620 28.189516
v -12.231999 -1.522620 29.530659
v -9.278587 -1.522620 30.587406
v -6.235819 -1.522620 31.349579
v -3.132996 -1.522620 31.809841
v 0.000000 -1.522620 31.963755
v 0.000000 -4.554077 31.674286
v 3.104623 -4.554077 31.521765
v 6.179347 -4.554077 31.065672
v 9.194559 -4.554077 30.310402
v 12.121224 -4.554077 29.263224
v 14.931155 -4.554077 27.934227
v 17.597290 -4.554077 26.336206
v 20.093954 -4.554077 24.484554
v 22.397102 -4.554077 22.397102
v 24.484554 -4.554077 20.093954
v 26.336206 -4.554077 17.597290
v 27.934227 -4.554077 14.931155
v 29.263224 -4.554077 12.121224
v 30.310402 -4.554077 9.194559
v 31.065672 -4.554077 6.179347
v 31.521765 -4.554077 3.104623
v 31.674286 -4.554077 0.000000
v 31.521765 -4.554077 -3.104623
v 31.065672 -4.554077 -6.179347
v 30.310402 -4.554077 -9.194559
v 29.263224 -4.554077 -12.121224
v 27.934227 -4.554077 -14.931155
v 26.336206 -4.554077 -17.597290
v 24.484554 -4.554077 -20.093954
v 22.397102 -4.554077 -22.397102
v 20.093954 -4.554077 -24.484554
v 17.597290 -4.554077 -26.336206
v 14.931155 -4.554077 -27.934227
v 12.121224 -4.554077 -29.263224
v 9.194559 -4.554077 -30.310402
v 6.179347 -4.554077 -31.065672
v 3.104623 -4.554077 -31.521765
v 0.000000 -4.554077 -31.674286
v -3.104623 -4.554077 -31.521765
v -6.179347 -4.554077 -31.065672
v -9.194559 -4.554077 -30.310402
v -12.121224 -4.554077 -29.263224
v -14.931155 -4.554077 -27.934227
v -17.597290 -4.554077 -26.336206
v -20.093954 -4.554077 -24.484554
v -22.397102 -4.554077 -22.397102
v -24.484554 -4.554077 -20.093954
v -26.336206 -4.554077 -17.597290
v -27.934227 -4.554077 -14.931155
v -29.263224 -4.554077 -12.121224
v -30.310402 -4.554077 -9.194559
v -31.065672 -4.554077 -6.179347
v -31.521765 -4.554077 -3.104623
v -31.674286 -4.554077 -0.000000
v -31.521765 -4.554077 3.104623
v -31.065672 -4.554077 6.179347
v -30.310402 -4.554077 9.194559
v -29.263224 -4.554077 12.121224
v -27.934227 -4.554077 14.931155
v -26.336206 -4.554077 17.597290
v -24.484554 -4.554077 20.093954
v -22.397102 -4.554077 22.397102
v -20.093954 -4.554077 24.484554
v -17.597290 -4.554077 26.336206
v -14.931155 -4.554077 27.934227
v -12.121224 -4.554077 29.263224
v -9.194559 -4.554077 30.310402
v -6.179347 -4.554077 31.065672
v -3.104623 -4.554077 31.521765
v 0.000000 -4.554077 31.674286
v 0.000000 -7.544285 31.097971
v 3.048134 -7.544285 30.948225
v 6.066913 -7.544285 30.500431
v 9.027264 -7.544285 29.758904
v 11.900678 -7.544285 28.730778
v 14.659482 -7.544285 27.425962
v 17.277107 -7.544285 25.857018
v 19.728344 -7.544285 24.039057
v 21.989586 -7.544285 21.989586
v 24.039057 -7.544285 19.728344
v 25.857018 -7.544285 17.277107
v 27.425962 -7.544285 14.659482
v 28.730778 -7.544285 11.900678
v 29.758904 -7.544285 9.027264
v 30.500431 -7.544285 6.066913
v 30.948225 -7.544285 3.048134
v 31.097971 -7.544285 0.000000
v 30.948225 -7.544285 -3.048134
v 30.500431 -7.544285 -6.066913
v 29.758904 -7.544285 -9.027264
v 28.730778 -7.544285 -11.900678
v 27.425962 -7.544285 -14.659482
v 25.857018 -7.544285 -17.277107
v 24.039057 -7.544285 -19.728344
v 21.989586 -7.544285 -21.989586
v 19.728344 -7.544285 -24.039057
v 17.277107 -7.544285 -25.857018
v 14.659482 -7.544285 -27.425962
v 11.900678 -7.544285 -28.730778
v 9.027264 -7.544285 -29.758904
v 6.066913 -7.544285 -30.500431
v 3.048134 -7.544285 -30.948225
v 0.000000 -7.544285 -31.097971
v -3.048134 -7.544285 -30.948225
v -6.066913 -7.544285 -30.500431
v -9.027264 -7.544285 -29.758904
v -11.900678 -7.544285 -28.730778
v -14.659482 -7.544285 -27.425962
v -17.277107 -7.544285 -25.857018
v -19.728344 -7.544285 -24.039057
v -21.989586 -7.544285 -21.989586
v -24.039057 -7.544285 -19.728344
v -25.857018 -7.544285 -17.277107
v -27.425962 -7.544285 -14.659482
v -28.730778 -7.544285 -11.900678
v -29.758904 -7.544285 -9.027264
v -30.500431 -7.544285 -6.066913
v -30.948225 -7.544285 -3.048134
v -31.097971 -7.544285 -0.000000
v -30.948225 -7.544285 3.048134
v -30.500431 -7.544285 6.066913
v -29.758904 -7.544285 9.027264
v -28.730778 -7.544285 11.900678
v -27.425962 -7.544285 14.659482
v -25.857018 -7.544285 17.277107
v -24.039057 -7.544285 19.728344
v -21.989586 -7.544285 21.989586
v -19.728344 -7.544285 24.039057
v -17.277107 -7.544285 25.857018
v -14.659482 -7.544285 27.425962
v -11.900678 -7.544285 28.730778
v -9.027264 -7.544285 29.758904
v -6.066913 -7.544285 30.500431
v -3.048134 -7.544285 30.948225
v 0.000000 -7.544285 31.097971
v 0.000000 -10.466177 30.240026
v 2.964041 -10.466177 30.094412
v 5.899537 -10.466177 29.658972
v 8.778216 -10.466177 28.937902
v 11.572357 -10.466177 27.938141
v 14.255050 -10.466177 26.669323
v 16.800459 -10.466177 25.143663
v 19.184069 -10.466177 23.375856
v 21.382927 -10.466177 21.382927
v 23.375856 -10.466177 19.184069
v 25.143663 -10.466177 16.800459
v 26.669323 -10.466177 14.255050
v 27.938141 -10.466177 11.572357
v 28.937902 -10.466177 8.778216
v 29.658972 -10.466177 5.899537
v 30.094412 -10.466177 2.964041
v 30.240026 -10.466177 0.000000
v 30.094412 -10.466177 -2.964041
v 29.658972 -10.466177 -5.899537
v 28.937902 -10.466177 -8.778216
v 27.938141 -10.466177 -11.572357
v 26.669323 -10.466177 -14.255050
v 25.143663 -10.466177 -16.800459
v 23.375856 -10.466177 -19.184069
v 21.382927 -10.466177 -21.382927
v 19.184069 -10.466177 -23.375856
v 16.800459 -10.466177 -25.143663
v 14.255050 -10.466177 -26.669323
v 11.572357 -10.466177 -27.938141
v 8.778216 -10.466177 -28.937902
v 5.899537 -10.466177 -29.658972
v 2.964041 -10.466177 -30.094412
v 0.000000 -10.466177 -30.240026
v -2.964041 -10.466177 -30.094412
v -5.899537 -10.466177 -29.658972
v -8.778216 -10.466177 -28.937902
v -11.572357 -10.466177 -27.938141
v -14.255050 -10.466177 -26.669323
v -16.800459 -10.466177 -25.143663
v -19.184069 -10.466177 -23.375856
v -21.382927 -10.466177 -21.382927
v -23.375856 -10.466177 -19.184069
v -25.143663 -10.466177 -16.800459
v -26.669323 -10.466177 -14.255050
v -27.938141 -10.466177 -11.572357
v -28.937902 -10.466177 -8.778216
v -29.658972 -10.466177 -5.899537
v -30.094412 -10.466177 -2.964041
v -30.240026 -10.466177 -0.000000
v -30.094412 -10.466177 2.964041
v -29.658972 -10.466177 5.899537
v -28.937902 -10.466177 8.778216
v -27.938141 -10.466177 11.572357
v -26.669323 -10.466177 14.255050
v -25.143663 -10.466177 16.800459
v -23.375856 -10.466177 19.184069
v -21.382927 -10.466177 21.382927
v -19.184069 -10.466177 23.375856
v -16.800459 -10.466177 25.143663
v -14.255050 -10.466177 26.669323
v -11.572357 -10.466177 27.938141
v -8.778216 -10.466177 28.937902
v -5.899537 -10.466177 29.658972
v -2.964041 -10.466177 30.094412
v 0.000000 -10.466177 30.240026
v 0.000000 -13.293280 29.108225
v 2.853105 -13.293280 28.968061
v 5.678733 -13.293280 28.548918
v 8.449671 -13.293280 27.854836
v 11.139235 -13.293280 26.892492
v 13.721522 -13.293280 25.671164
v 16.171663 -13.293280 24.202604
v 18.466063 -13.293280 22.500961
v 20.582623 -13.293280 20.582623
v 22.500961 -13.293280 18.466063
v 24.202604 -13.293280 16.171663
v 25.671164 -13.293280 13.721522
v 26.892492 -13.293280 11.139235
v 27.854836 -13.293280 8.449671
v 28.548918 -13.293280 5.678733
v 28.968061 -13.293280 2.853105
v 29.108225 -13.293280 0.000000
v 28.968061 -13.293280 -2.853105
v 28.548918 -13.293280 -5.678733
v 27.854836 -13.293280 -8.449671
v 26.892492 -13.293280 -11.139235
v 25.671164 -13.293280 -13.721522
v 24.202604 -13.293280 -16.171663
v 22.500961 -13.293280 -18.466063
v 20.582623 -13.293280 -20.582623
v 18.466063 -13.293280 -22.500961
v 16.171663 -13.293280 -24.202604
v 13.721522 -13.293280 -25.671164
v 11.139235 -13.293280 -26.892492
v 8.449671 -13.293280 -27.854836
v 5.678733 -13.293280 -28.548918
v 2.853105 -13.293280 -28.968061
v 0.000000 -13.293280 -29.108225
v -2.853105 -13.293280 -28.968061
v -5.678733 -13.293280 -28.548918
v -8.449671 -13.293280 -27.854836
v -11.139235 -13.293280 -26.892492
v -13.721522 -13.293280 -25.671164
v -16.171663 -13.293280 -24.202604
v -18.466063 -13.293280 -22.500961
v -20.582623 -13.293280 -20.582623
v -22.500961 -13.293280 -18.466063
v -24.202604 -13.293280 -16.171663
v -25.671164 -13.293280 -13.721522
v -26.892492 -13.293280 -11.139235
v -27.854836 -13.293280 -8.449671
v -28.548918 -13.293280 -5.678733
v -28.968061 -13.293280 -2.853105
v -29.108225 -13.293280 -0.000000
v -28.968061 -13.293280 2.853105
v -28.548918 -13.293280 5.678733
v -27.854836 -13.293280 8.449671
v -26.892492 -13.293280 11.139235
v -25.671164 -13.293280 13.721522
v -24.202604 -13.293280 16.171663
v -22.500961 -13.293280 18.466063
v -20.582623 -13.293280 20.582623
v -18.466063 -13.293280 22.500961
v -16.171663 -13.293280 24.202604
v -13.721522 -13.293280 25.671164
v -11.139235 -13.293280 26.892492
v -8.449671 -13.293280 27.854836
v -5.678733 -13.293280 28.548918
v -2.853105 -13.293280 28.968061
v 0.000000 -13.293280 29.108225
v 0.000000 -16.000002 27.712812
v 2.716331 -16.000002 27.579367
v 5.406502 -16.000002 27.180317
v 8.044604 -16.000002 26.519508
v 10.605234 -16.000002 25.603300
v 13.063729 -16.000002 24.440519
v 15.396414 -16.000002 23.042360
v 17.580822 -16.000002 21.422293
v 19.595917 -16.000002 19.595917
v 21.422293 -16.000002 17.580822
v 23.042360 -16.000002 15.396414
v 24.440519 -16.000002 13.063729
v 25.603300 -16.000002 10.605234
v 26.519508 -16.000002 8.044604
v 27.180317 -16.000002 5.406502
v 27.579367 -16.000002 2.716331
v 27.712812 -16.000002 0.000000
v 27.579367 -16.000002 -2.716331
v 27.180317 -16.000002 -5.406502
v 26.519508 -16.000002 -8.044604
v 25.603300 -16.000002 -10.605234
v 24.440519 -16.000002 -13.063729
v 23.042360 -16.000002 -15.396414
v 21.422293 -16.000002 -17.580822
v 19.595917 -16.000002 -19.595917
v 17.580822 -16.000002 -21.422293
v 15.396414 -16.000002 -23.042360
v 13.063729 -16.000002 -24.440519
v 10.605234 -16.000002 -25.603300
v 8.044604 -16.000002 -26.519508
v 5.406502 -16.000002 -27.180317
v 2.716331 -16.000002 -27.579367
v 0.000000 -16.000002 -27.712812
v -2.716331 -16.000002 -27.579367
v -5.406502 -16.000002 -27.180317
v -8.044604 -16.000002 -26.519508
v -10.605234 -16.000002 -25.603300
v -13.063729 -16.000002 -24.440519
v -15.396414 -16.000002 -23.042360
v -17.580822 -16.000002 -21.422293
v -19.595917 -16.000002 -19.595917
v -21.422293 -16.000002 -17.580822
v -23.042360 -16.000002 -15.396414
v -24.440519 -16.000002 -13.063729
v -25.603300 -16.000002 -10.605234
v -26.519508 -16.000002 -8.044604
v -27.180317 -16.000002 -5.406502
v -27.579367 -16.000002 -2.716331
v -27.712812 -16.000002 -0.000000
v -27.579367 -16.000002 2.716331
v -27.180317 -16.000002 5.406502
v -26.519508 -16.000002 8.044604
v -25.603300 -16.000002 10.605234
v -24.440519 -16.000002 13.063729
v -23.042360 -16.000002 15.396414
v -21.422293 -16.000002 17.580822
v -19.595917 -16.000002 19.595917
v -17.580822 -16.000002 21.422293
v -15.396414 -16.000002 23.042360
v -13.063729 -16.000002 24.440519
v -10.605234 -16.000002 25.603300
v -8.044604 -16.000002 26.519508
v -5.406502 -16.000002 27.180317
v -2.716331 -16.000002 27.579367
v 0.000000 -16.000002 27.712812
v 0.000000 -18.561821 26.066431
v 2.554957 -18.561821 25.940914
v 5.085309 -18.561821 25.565571
v 7.566685 -18.561821 24.944019
v 9.975191 -18.561821 24.082241
v 12.287631 -18.561821 22.988541
v 14.481733 -18.561821 21.673445
v 16.536369 -18.561821 20.149624
v 18.431749 -18.561821 18.431749
v 20.149624 -18.561821 16.536369
v 21.673445 -18.561821 14.481733
v 22.988541 -18.561821 12.287631
v 24.082241 -18.561821 9.975191
v 24.944019 -18.561821 7.566685
v 25.565571 -18.561821 5.085309
v 25.940914 -18.561821 2.554957
v 26.066431 -18.561821 0.000000
v 25.940914 -18.561821 -2.554957
v 25.565571 -18.561821 -5.085309
v 24.944019 -18.561821 -7.566685
v 24.082241 -18.561821 -9.975191
v 22.988541 -18.561821 -12.287631
v 21.673445 -18.561821 -14.481733
v 20.149624 -18.561821 -16.536369
v 18.431749 -18.561821 -18.431749
v 16.536369 -18.561821 -20.149624
v 14.481733 -18.561821 -21.673445
v 12.287631 -18.561821 -22.988541
v 9.975191 -18.561821 -24.082241
v 7.566685 -18.561821 -24.944019
v 5.085309 -18.561821 -25.565571
v 2.554957 -18.561821 -25.940914
v 0.000000 -18.561821 -26.066431
v -2.554957 -18.561821 -25.940914
v -5.085309 -18.561821 -25.565571
v -7.566685 -18.561821 -24.944019
v -9.975191 -18.561821 -24.082241
v -12.287631 -18.561821 -22.988541
v -14.481733 -18.561821 -21.673445
v -16.536369 -18.561821 -20.149624
v -18.431749 -18.561821 -18.431749
v -20.149624 -18.561821 -16.536369
v -21.673445 -18.561821 -14.481733
v -22.988541 -18.561821 -12.287631
v -24.082241 -18.561821 -9.975191
v -24.944019 -18.561821 -7.566685
v -25.565571 -18.561821 -5.085309
v -25.940914 -18.561821 -2.554957
v -26.066431 -18.561821 -0.000000
v -25.940914 -18.561821 2.554957
v -25.565571 -18.561821 5.085309
v -24.944019 -18.561821 7.566685
v -24.082241 -18.561821 9.975191
v -22.988541 -18.561821 12.287631
v -21.673445 -18.561821 14.481733
v -20.149624 -18.561821 16.536369
v -18.431749 -18.561821 18.431749
v -16.536369 -18.561821 20.149624
v -14.481733 -18.561821 21.673445
v -12.287631 -18.561821 22.988541
v -9.975191 -18.561821 24.082241
v -7.566685 -18.561821 24.944019
v -5.085309 -18.561821 25.565571
v -2.554957 -18.561821 25.940914
v 0.000000 -18.561821 26.066431
v 0.000000 -20.955545 24.183985
v 2.370445 -20.955545 24.067532
v 4.718061 -20.955545 23.719296
v 7.020240 -20.955545 23.142632
v 9.254810 -20.955545 22.343088
v 11.400251 -20.955545 21.328371
v 13.435903 -20.955545 20.108248
v 15.342157 -20.955545 18.694473
v 17.100658 -20.955545 17.100658
v 18.694473 -20.955545 15.342157
v 20.108248 -20.955545 13.435903
v 21.328371 -20.955545 11.400251
v 22.343088 -20.955545 9.254810
v 23.142632 -20.955545 7.020240
v 23.719296 -20.955545 4.718061
v 24.067532 -20.955545 2.370445
v 24.183985 -20.955545 0.000000
v 24.067532 -20.955545 -2.370445
v 23.719296 -20.955545 -4.718061
v 23.142632 -20.955545 -7.020240
v 22.343088 -20.955545 -9.254810
v 21.328371 -20.955545 -11.400251
v 20.108248 -20.955545 -13.435903
v 18.694473 -20.955545 -15.342157
v 17.100658 -20.955545 -17.100658
v 15.342157 -20.955545 -18.694473
v 13.435903 -20.955545 -20.108248
v 11.400251 -20.955545 -21.328371
v 9.254810 -20.955545 -22.343088
v 7.020240 -20.955545 -23.142632
v 4.718061 -20.955545 -23.719296
v 2.370445 -20.955545 -24.067532
v 0.000000 -20.955545 -24.183985
v -2.370445 -20.955545 -24.067532
v -4.718061 -20.955545 -23.719296
v -7.020240 -20.955545 -23.142632
v -9.254810 -20.955545 -22.343088
v -11.400251 -20.955545 -21.328371
v -13.435903 -20.955545 -20.108248
v -15.342157 -20.955545 -18.694473
v -17.100658 -20.955545 -17.100658
v -18.694473 -20.955545 -15.342157
v -20.108248 -20.955545 -13.435903
v -21.328371 -20.955545 -11.400251
v -22.343088 -20.955545 -9.254810
v -23.142632 -20.955545 -7.020240
v -23.719296 -20.955545 -4.718061
v -24.067532 -20.955545 -2.370445
v -24.183985 -20.955545 -0.000000
v -24.067532 -20.955545 2.370445
v -23.719296 -20.955545 4.718061
v -23.142632 -20.955545 7.020240
v -22.343088 -20.955545 9.254810
v -21.328371 -20.955545 11.400251
v -20.108248 -20.955545 13.435903
v -18.694473 -20.955545 15.342157
v -17.100658 -20.955545 17.100658
v -15.342157 -20.955545 18.694473
v -13.435903 -20.955545 20.108248
v -11.400251 -20.955545 21.328371
v -9.254810 -20.955545 22.343088
v -7.020240 -20.955545 23.142632
v -4.718061 -20.955545 23.719296
v -2.370445 -20.955545 24.067532
v 0.000000 -20.955545 24.183985
v 0.000000 -23.159489 22.082529
v 2.164466 -23.159489 21.976196
v 4.308088 -23.159489 21.658218
v 6.410220 -23.159489 21.131662
v 8.450618 -23.159489 20.401596
v 10.409633 -23.159489 19.475052
v 12.268396 -23.159489 18.360952
v 14.009008 -23.159489 17.070024
v 15.614706 -23.159489 15.614706
v 17.070024 -23.159489 14.009008
v 18.360952 -23.159489 12.268396
v 19.475052 -23.159489 10.409633
v 20.401596 -23.159489 8.450618
v 21.131662 -23.159489 6.410220
v 21.658218 -23.159489 4.308088
v 21.976196 -23.159489 2.164466
v 22.082529 -23.159489 0.000000
v 21.976196 -23.159489 -2.164466
v 21.658218 -23.159489 -4.308088
v 21.131662 -23.159489 -6.410220
v 20.401596 -23.159489 -8.450618
v 19.475052 -23.159489 -10.409633
v 18.360952 -23.159489 -12.268396
v 17.070024 -23.159489 -14.009008
v 15.614706 -23.159489 -15.614706
v 14.009008 -23.159489 -17.070024
v 12.268396 -23.159489 -18.360952
v 10.409633 -23.159489 -19.475052
v 8.450618 -23.159489 -20.401596
v 6.410220 -23.159489 -21.131662
v 4.308088 -23.159489 -21.658218
v 2.164466 -23.159489 -21.976196
v 0.000000 -23.159489 -22.082529
v -2.164466 -23.159489 -21.976196
v -4.308088 -23.159489 -21.658218
v -6.410220 -23.159489 -21.131662
v -8.450618 -23.159489 -20.401596
v -10.409633 -23.159489 -19.475052
v -12.268396 -23.159489 -18.360952
v -14.009008 -23.159489 -17.070024
v -15.614706 -23.159489 -15.614706
v -17.070024 -23.159489 -14.009008
v -18.360952 -23.159489 -12.268396
v -19.475052 -23.159489 -10.409633
v -20.401596 -23.159489 -8.450618
v -21.131662 -23.159489 -6.410220
v -21.658218 -23.159489 -4.308088
v -21.976196 -23.159489 -2.164466
v -22.082529 -23.159489 -0.000000
v -21.976196 -23.159489 2.164466
v -21.658218 -23.159489 4.308088
v -21.131662 -23.159489 6.410220
v -20.401596 -23.159489 8.450618
v -19.475052 -23.159489 10.409633
v -18.360952 -23.159489 12.268396
v -17.070024 -23.159489 14.009008
v -15.614706 -23.159489 15.614706
v -14.009008 -23.159489 17.070024
v -12.268396 -23.159489 18.360952
v -10.409633 -23.159489 19.475052
v -8.450618 -23.159489 20.401596
v -6.410220 -23.159489 21.131662
v -4.308088 -23.159489 21.658218
v -2.164466 -23.159489 21.976196
v 0.000000 -23.159489 22.082529
v 0.000000 -25.153700 19.781086
v 1.938885 -25.153700 19.685835
v 3.859098 -25.153700 19.400997
v 5.742146 -25.153700 18.929319
v 7.569894 -25.153700 18.275339
v 9.324739 -25.153700 17.445360
v 10.989782 -25.153700 16.447372
v 12.548988 -25.153700 15.290986
v 13.987340 -25.153700 13.987340
v 15.290986 -25.153700 12.548988
v 16.447372 -25.153700 10.989782
v 17.445360 -25.153700 9.324739
v 18.275339 -25.153700 7.569894
v 18.929319 -25.153700 5.742146
v 19.400997 -25.153700 3.859098
v 19.685835 -25.153700 1.938885
v 19.781086 -25.153700 0.000000
v 19.685835 -25.153700 -1.938885
v 19.400997 -25.153700 -3.859098
v 18.929319 -25.153700 -5.742146
v 18.275339 -25.153700 -7.569894
v 17.445360 -25.153700 -9.324739
v 16.447372 -25.153700 -10.989782
v 15.290986 -25.153700 -12.548988
v 13.987340 -25.153700 -13.987340
v 12.548988 -25.153700 -15.290986
v 10.989782 -25.153700 -16.447372
v 9.324739 -25.153700 -17.445360
v 7.569894 -25.153700 -18.275339
v 5.742146 -25.153700 -18.929319
v 3.859098 -25.153700 -19.400997
v 1.938885 -25.153700 -19.685835
v 0.000000 -25.153700 -19.781086
v -1.938885 -25.153700 -19.685835
v -3.859098 -25.153700 -19.400997
v -5.742146 -25.153700 -18.929319
v -7.569894 -25.153700 -18.275339
v -9.324739 -25.153700 -17.445360
v -10.989782 -25.153700 -16.447372
v -12.548988 -25.153700 -15.290986
v -13.987340 -25.153700 -13.987340
v -15.290986 -25.153700 -12.548988
v -16.447372 -25.153700 -10.989782
v -17.445360 -25.153700 -9.324739
v -18.275339 -25.153700 -7.569894
v -18.929319 -25.153700 -5.742146
v -19.400997 -25.153700 -3.859098
v -19.685835 -25.153700 -1.938885
v -19.781086 -25.153700 -0.000000
v -19.685835 -25.153700 1.938885
v -19.400997 -25.153700 3.859098
v -18.929319 -25.153700 5.742146
v -18.275339 -25.153700 7.569894
v -17.445360 -25.153700 9.324739
v -16.447372 -25.153700 10.989782
v -15.290986 -25.153700 12.548988
v -13.987340 -25.153700 13.987340
v -12.548988 -25.153700 15.290986
v -10.989782 -25.153700 16.447372
v -9.324739 -25.153700 17.445360
v -7.569894 -25.153700 18.275339
v -5.742146 -25.153700 18.929319
v -3.859098 -25.153700 19.400997
v -1.938885 -25.153700 19.685835
v 0.000000 -25.153700 19.781086
v 0.000000 -26.920113 17.300507
v 1.695746 -26.920113 17.217199
v 3.375161 -26.920113 16.968082
v 5.022072 -26.920113 16.555553
v 6.620617 -26.920113 15.983583
v 8.155402 -26.920113 15.257685
v 9.611647 -26.920113 14.384845
v 10.975325 -26.920113 13.373472
v 12.233305 -26.920113 12.233305
v 13.373472 -26.920113 10.975325
v 14.384845 -26.920113 9.611647
v 15.257685 -26.920113 8.155402
v 15.983583 -26.920113 6.620617
v 16.555553 -26.920113 5.022072
v 16.968082 -26.920113 3.375161
v 17.217199 -26.920113 1.695746
v 17.300507 -26.920113 0.000000
v 17.217199 -26.920113 -1.695746
v 16.968082 -26.920113 -3.375161
v 16.555553 -26.920113 -5.022072
v 15.983583 -26.920113 -6.620617
v 15.257685 -26.920113 -8.155402
v 14.384845 -26.920113 -9.611647
v 13.373472 -26.920113 -10.975325
v 12.233305 -26.920113 -12.233305
v 10.975325 -26.920113 -13.373472
v 9.611647 -26.920113 -14.384845
v 8.155402 -26.920113 -15.257685
v 6.620617 -26.920113 -15.983583
v 5.022072 -26.920113 -16.555553
v 3.375161 -26.920113 -16.968082
v 1.695746 -26.920113 -17.217199
v 0.000000 -26.920113 -17.300507
v -1.695746 -26.920113 -17.217199
v -3.375161 -26.920113 -16.968082
v -5.022072 -26.920113 -16.555553
v -6.620617 -26.920113 -15.983583
v -8.155402 -26.920113 -15.257685
v -9.611647 -26.920113 -14.384845
v -10.975325 -26.920113 -13.373472
v -12.233305 -26.920113 -12.233305
v -13.373472 -26.920113 -10.975325
v -14.384845 -26.920113 -9.611647
v -15.257685 -26.920113 -8.155402
v -15.983583 -26.920113 -6.620617
v -16.555553 -26.920113 -5.022072
v -16.968082 -26.920113 -3.375161
v -17.217199 -26.920113 -1.695746
v -17.300507 -26.920113 -0.000000
v -17.217199 -26.920113 1.695746
v -16.968082 -26.920113 3.375161
v -16.555553 -26.920113 5.022072
v -15.983583 -26.920113 6.620617
v -15.257685 -26.920113 8.155402
v -14.384845 -26.920113 9.611647
v -13.373472 -26.920113 10.975325
v -12.233305 -26.920113 12.233305
v -10.975325 -26.920113 13.373472
v -9.611647 -26.920113 14.384845
v -8.155402 -26.920113 15.257685
v -6.620617 -26.920113 15.983583
v -5.022072 -26.920113 16.555553
v -3.375161 -26.920113 16.968082
v -1.695746 -26.920113 17.217199
v 0.000000 -26.920113 17.300507
v 0.000000 -28.442736 14.663246
v 1.437249 -28.442736 14.592639
v 2.860657 -28.442736 14.381495
v 4.256516 -28.442736 14.031852
v 5.611381 -28.442736 13.547072
v 6.912207 -28.442736 12.931829
v 8.146463 -28.442736 12.192043
v 9.302265 -28.442736 11.334843
v 10.368481 -28.442736 10.368481
v 11.334843 -28.442736 9.302265
v 12.192043 -28.442736 8.146463
v 12.931829 -28.442736 6.912207
v 13.547072 -28.442736 5.611381
v 14.031852 -28.442736 4.256516
v 14.381495 -28.442736 2.860657
v 14.592639 -28.442736 1.437249
v 14.663246 -28.442736 0.000000
v 14.592639 -28.442736 -1.437249
v 14.381495 -28.442736 -2.860657
v 14.031852 -28.442736 -4.256516
v 13.547072 -28.442736 -5.611381
v 12.931829 -28.442736 -6.912207
v 12.192043 -28.442736 -8.146463
v 11.334843 -28.442736 -9.302265
v 10.368481 -28.442736 -10.368481
v 9.302265 -28.442736 -11.334843
v 8.146463 -28.442736 -12.192043
v 6.912207 -28.442736 -12.931829
v 5.611381 -28.442736 -13.547072
v 4.256516 -28.442736 -14.031852
v 2.860657 -28.442736 -14.381495
v 1.437249 -28.442736 -14.592639
v 0.000000 -28.442736 -14.663246
v -1.437249 -28.442736 -14.592639
v -2.860657 -28.442736 -14.381495
v -4.256516 -28.442736 -14.031852
v -5.611381 -28.442736 -13.547072
v -6.912207 -28.442736 -12.931829
v -8.146463 -28.442736 -12.192043
v -9.302265 -28.442736 -11.334843
v -10.368481 -28.442736 -10.368481
v -11.334843 -28.442736 -9.302265
v -12.192043 -28.442736 -8.146463
v -12.931829 -28.442736 -6.912207
v -13.547072 -28.442736 -5.611381
v -14.031852 -28.442736 -4.256516
v -14.381495 -28.442736 -2.860657
v -14.592639 -28.442736 -1.437249
v -14.663246 -28.442736 -0.000000
v -14.592639 -28.442736 1.437249
v -14.381495 -28.442736 2.860657
v -14.031852 -28.442736 4.256516
v -13.547072 -28.442736 5.611381
v -12.931829 -28.442736 6.912207
v -12.192043 -28.442736 8.146463
v -11.334843 -28.442736 9.302265
v -10.368481 -28.442736 10.368481
v -9.302265 -28.442736 11.334843
v -8.146463 -28.442736 12.192043
v -6.912207 -28.442736 12.931829
v -5.611381 -28.442736 13.547072
v -4.256516 -28.442736 14.031852
v -2.860657 -28.442736 14.381495
v -1.437249 -28.442736 14.592639
v 0.000000 -28.442736 14.663246
v 0.000000 -29.707773 11.893199
v 1.165737 -29.707773 11.835930
v 2.320248 -29.707773 11.664674
v 3.452413 -29.707773 11.381082
v 4.551330 -29.707773 10.987883
v 5.606415 -29.707773 10.488866
v 6.607507 -29.707773 9.888833
v 7.544965 -29.707773 9.193567
v 8.409761 -29.707773 8.409761
v 9.193567 -29.707773 7.544965
v 9.888833 -29.707773 6.607507
v 10.488866 -29.707773 5.606415
v 10.987883 -29.707773 4.551330
v 11.381082 -29.707773 3.452413
v 11.664674 -29.707773 2.320248
v 11.835930 -29.707773 1.165737
v 11.893199 -29.707773 0.000000
v 11.835930 -29.707773 -1.165737
v 11.664674 -29.707773 -2.320248
v 11.381082 -29.707773 -3.452413
v 10.987883 -29.707773 -4.551330
v 10.488866 -29.707773 -5.606415
v 9.888833 -29.707773 -6.607507
v 9.193567 -29.707773 -7.544965
v 8.409761 -29.707773 -8.409761
v 7.544965 -29.707773 -9.193567
v 6.607507 -29.707773 -9.888833
v 5.606415 -29.707773 -10.488866
v 4.551330 -29.707773 -10.987883
v 3.452413 -29.707773 -11.381082
v 2.320248 -29.707773 -11.664674
v 1.165737 -29.707773 -11.835930
v 0.000000 -29.707773 -11.893199
v -1.165737 -29.707773 -11.835930
v -2.320248 -29.707773 -11.664674
v -3.452413 -29.707773 -11.381082
v -4.551330 -29.707773 -10.987883
v -5.606415 -29.707773 -10.488866
v -6.607507 -29.707773 -9.888833
v -7.544965 -29.707773 -9.193567
v -8.409761 -29.707773 -8.409761
v -9.193567 -29.707773 -7.544965
v -9.888833 -29.707773 -6.607507
v -10.488866 -29.707773 -5.606415
v -10.987883 -29.707773 -4.551330
v -11.381082 -29.707773 -3.452413
v -11.664674 -29.707773 -2.320248
v -11.835930 -29.707773 -1.165737
v -11.893199 -29.707773 -0.000000
v -11.835930 -29.707773 1.165737
v -11.664674 -29.707773 2.320248
v -11.381082 -29.707773 3.452413
v -10.987883 -29.707773 4.551330
v -10.488866 -29.707773 5.606415
v -9.888833 -29.707773 6.607507
v -9.193567 -29.707773 7.544965
v -8.409761 -29.707773 8.409761
v -7.544965 -29.707773 9.193567
v -6.607507 -29.707773 9.888833
v -5.606415 -29.707773 10.488866
v -4.551330 -29.707773 10.987883
v -3.452413 -29.707773 11.381082
v -2.320248 -29.707773 11.664674
v -1.165737 -29.707773 11.835930
v 0.000000 -29.707773 11.893199
v 0.000000 -30.703775 9.015439
v 0.883668 -30.703775 8.972027
v 1.758825 -30.703775 8.842210
v 2.617044 -30.703775 8.627237
v 3.450059 -30.703775 8.329180
v 4.249849 -30.703775 7.950908
v 5.008710 -30.703775 7.496063
v 5.719334 -30.703775 6.969028
v 6.374878 -30.703775 6.374878
v 6.969028 -30.703775 5.719334
v 7.496063 -30.703775 5.008710
v 7.950908 -30.703775 4.249849
v 8.329180 -30.703775 3.450059
v 8.627237 -30.703775 2.617044
v 8.842210 -30.703775 1.758825
v 8.972027 -30.703775 0.883668
v 9.015439 -30.703775 0.000000
v 8.972027 -30.703775 -0.883668
v 8.842210 -30.703775 -1.758825
v 8.627237 -30.703775 -2.617044
v 8.329180 -30.703775 -3.450059
v 7.950908 -30.703775 -4.249849
v 7.496063 -30.703775 -5.008710
v 6.969028 -30.703775 -5.719334
v 6.374878 -30.703775 -6.374878
v 5.719334 -30.703775 -6.969028
v 5.008710 -30.703775 -7.496063
v 4.249849 -30.703775 -7.950908
v 3.450059 -30.703775 -8.329180
v 2.617044 -30.703775 -8.627237
v 1.758825 -30.703775 -8.842210
v 0.883668 -30.703775 -8.972027
v 0.000000 -30.703775 -9.015439
v -0.883668 -30.703775 -8.972027
v -1.758825 -30.703775 -8.842210
v -2.617044 -30.703775 -8.627237
v -3.450059 -30.703775 -8.329180
v -4.249849 -30.703775 -7.950908
v -5.008710 -30.703775 -7.496063
v -5.719334 -30.703775 -6.969028
v -6.374878 -30.703775 -6.374878
v -6.969028 -30.703775 -5.719334
v -7.496063 -30.703775 -5.008710
v -7.950908 -30.703775 -4.249849
v -8.329180 -30.703775 -3.450059
v -8.627237 -30.703775 -2.617044
v -8.842210 -30.703775 -1.758825
v -8.972027 -30.703775 -0.883668
v -9.015439 -30.703775 -0.000000
v -8.972027 -30.703775 0.883668
v -8.842210 -30.703775 1.758825
v -8.627237 -30.703775 2.617044
v -8.329180 -30.703775 3.450059
v -7.950908 -30.703775 4.249849
v -7.496063 -30.703775 5.008710
v -6.969028 -30.703775 5.719334
v -6.374878 -30.703775 6.374878
v -5.719334 -30.703775 6.969028
v -5.008710 -30.703775 7.496063
v -4.249849 -30.703775 7.950908
v -3.450059 -30.703775 8.329180
v -2.617044 -30.703775 8.627237
v -1.758825 -30.703775 8.842210
v -0.883668 -30.703775 8.972027
v 0.000000 -30.703775 9.015439
v 0.000000 -31.421719 6.056040
v 0.593596 -31.421719 6.026878
v 1.181475 -31.421719 5.939674
v 1.757975 -31.421719 5.795269
v 2.317546 -31.421719 5.595051
v 2.854797 -31.421719 5.340950
v 3.364556 -31.421719 5.035413
v 3.841911 -31.421719 4.681382
v 4.282267 -31.421719 4.282267
v 4.681382 -31.421719 3.841911
v 5.035413 -31.421719 3.364556
v 5.340950 -31.421719 2.854797
v 5.595051 -31.421719 2.317546
v 5.795269 -31.421719 1.757975
v 5.939674 -31.421719 1.181475
v 6.026878 -31.421719 0.593596
v 6.056040 -31.421719 0.000000
v 6.026878 -31.421719 -0.593596
v 5.939674 -31.421719 -1.181475
v 5.795269 -31.421719 -1.757975
v 5.595051 -31.421719 -2.317546
v 5.340950 -31.421719 -2.854797
v 5.035413 -31.421719 -3.364556
v 4.681382 -31.421719 -3.841911
v 4.282267 -31.421719 -4.282267
v 3.841911 -31.421719 -4.681382
v 3.364556 -31.421719 -5.035413
v 2.854797 -31.421719 -5.340950
v 2.317546 -31.421719 -5.595051
v 1.757975 -31.421719 -5.795269
v 1.181475 -31.421719 -5.939674
v 0.593596 -31.421719 -6.026878
v 0.000000 -31.421719 -6.056040
v -0.593596 -31.421719 -6.026878
v -1.181475 -31.421719 -5.939674
v -1.757975 -31.421719 -5.795269
v -2.317546 -31.421719 -5.595051
v -2.854797 -31.421719 -5.340950
v -3.364556 -31.421719 -5.035413
v -3.841911 -31.421719 -4.681382
v -4.282267 -31.421719 -4.282267
v -4.681382 -31.421719 -3.841911
v -5.035413 -31.421719 -3.364556
v -5.340950 -31.421719 -2.854797
v -5.595051 -31.421719 -2.317546
v -5.795269 -31.421719 -1.757975
v -5.939674 -31.421719 -1.181475
v -6.026878 -31.421719 -0.593596
v -6.056040 -31.421719 -0.000000
v -6.026878 -31.421719 0.593596
v -5.939674 -31.421719 1.181475
v -5.795269 -31.421719 1.757975
v -5.595051 -31.421719 2.317546
v -5.340950 -31.421719 2.854797
v -5.035413 -31.421719 3.364556
v -4.681382 -31.421719 3.841911
v -4.282267 -31.421719 4.282267
v -3.841911 -31.421719 4.681382
v -3.364556 -31.421719 5.035413
v -2.854797 -31.421719 5.340950
v -2.317546 -31.421719 5.595051
v -1.757975 -31.421719 5.795269
v -1.181475 -31.421719 5.939674
v -0.593596 -31.421719 6.026878
v 0.000000 -31.421719 6.056040
v 0.000000 -31.855103 3.041790
v 0.298148 -31.855103 3.027143
v 0.593424 -31.855103 2.983343
v 0.882985 -31.855103 2.910812
v 1.164043 -31.855103 2.810248
v 1.433890 -31.855103 2.682620
v 1.689928 -31.855103 2.529156
v 1.929691 -31.855103 2.351336
v 2.150871 -31.855103 2.150871
v 2.351336 -31.855103 1.929691
v 2.529156 -31.855103 1.689928
v 2.682620 -31.855103 1.433890
v 2.810248 -31.855103 1.164043
v 2.910812 -31.855103 0.882985
v 2.983343 -31.855103 0.593424
v 3.027143 -31.855103 0.298148
v 3.041790 -31.855103 0.000000
v 3.027143 -31.855103 -0.298148
v 2.983343 -31.855103 -0.593424
v 2.910812 -31.855103 -0.882985
v 2.810248 -31.855103 -1.164043
v 2.682620 -31.855103 -1.433890
v 2.529156 -31.855103 -1.689928
v 2.351336 -31.855103 -1.929691
v 2.150871 -31.855103 -2.150871
v 1.929691 -31.855103 -2.351336
v 1.689928 -31.855103 -2.529156
v 1.433890 -31.855103 -2.682620
v 1.164043 -31.855103 -2.810248
v 0.882985 -31.855103 -2.910812
v 0.593424 -31.855103 -2.983343
v 0.298148 -31.855103 -3.027143
v 0.000000 -31.855103 -3.041790
v -0.298148 -31.855103 -3.027143
v -0.593424 -31.855103 -2.983343
v -0.882985 -31.855103 -2.910812
v -1.164043 -31.855103 -2.810248
v -1.433890 -31.855103 -2.682620
v -1.689928 -31.855103 -2.529156
v -1.929691 -31.855103 -2.351336
v -2.150871 -31.855103 -2.150871
v -2.351336 -31.855103 -1.929691
v -2.529156 -31.855103 -1.689928
v -2.682620 -31.855103 -1.433890
v -2.810248 -31.855103 -1.164043
v -2.910812 -31.855103 -0.882985
v -2.983343 -31.855103 -0.593424
v -3.027143 -31.855103 -0.298148
v -3.041790 -31.855103 -0.000000
v -3.027143 -31.855103 0.298148
v -2.983343 -31.855103 0.593424
v -2.910812 -31.855103 0.882985
v -2.810248 -31.855103 1.164043
v -2.682620 -31.855103 1.433890
v -2.529156 -31.855103 1.689928
v -2.351336 -31.855103 1.929691
v -2.150871 -31.855103 2.150871
v -1.929691 -31.855103 2.351336
v -1.689928 -31.855103 2.529156
v -1.433890 -31.855103 2.682620
v -1.164043 -31.855103 2.810248
v -0.882985 -31.855103 2.910812
v -0.593424 -31.855103 2.983343
v -0.298148 -31.855103 3.027143
v 0.000000 -31.855103 3.041790
v 0.000000 -32.000000 0.000000
v 0.000000 -32.000000 0.000000
v 0.000000 -32.000000 0.000000
v 0.000000 -32.000000 0.000000
v 0.000000 -32.000000 0.000000
v 0.000000 -32.000000 0.000000
v 0.000000 -32.000000 0.000000
v 0.000000 -32.000000 0.000000
v 0.000000 -32.000000 0.000000
v 0.000000 -32.000000 0.000000
v 0.000000 -32.000000 0.000000
v 0.000000 -32.000000 0.000000
v 0.000000 -32.000000 0.000000
v 0.000000 -32.000000 0.000000
v 0.000000 -32.000000 0.000000
v 0.000000 -32.000000 0.000000
v 0.000000 -32.000000 0.000000
v 0.000000 -32.000000 -0.000000
v 0.000000 -32.000000 -0.000000
v 0.000000 -32.000000 -0.000000
v 0.000000 -32.000000 -0.000000
v 0.000000 -32.000000 -0.000000
v 0.000000 -32.000000 -0.000000
v 0.000000 -32.000000 -0.000000
v 0.000000 -32.000000 -0.000000
v 0.000000 -32.000000 -0.000000
v 0.000000 -32.000000 -0.000000
v 0.000000 -32.000000 -0.000000
v 0.000000 -32.000000 -0.000000
v 0.000000 -32.000000 -0.000000
v 0.000000 -32.000000 -0.000000
v 0.000000 -32.000000 -0.000000
v 0.000000 -32.000000 -0.000000
v -0.000000 -32.000000 -0.000000
v -0.000000 -32.000000 -0.000000
v -0.000000 -32.000000 -0.000000
v -0.000000 -32.000000 -0.000000
v -0.000000 -32.000000 -0.000000
v -0.000000 -32.000000 -0.000000
v -0.000000 -32.000000 -0.000000
v -0.000000 -32.000000 -0.000000
v -0.000000 -32.000000 -0.000000
v -0.000000 -32.000000 -0.000000
v -0.000000 -32.000000 -0.000000
v -0.000000 -32.000000 -0.000000
v -0.000000 -32.000000 -0.000000
v -0.000000 -32.000000 -0.000000
v -0.000000 -32.000000 -0.000000
v -0.000000 -32.000000 -0.000000
v -0.000000 -32.000000 0.000000
v -0.000000 -32.000000 0.000000
v -0.000000 -32.000000 0.000000
v -0.000000 -32.000000 0.000000
v -0.000000 -32.000000 0.000000
v -0.000000 -32.000000 0.000000
v -0.000000 -32.000000 0.000000
v -0.000000 -32.000000 0.000000
v -0.000000 -32.000000 0.000000
v -0.000000 -32.000000 0.000000
v -0.000000 -32.000000 0.000000
v -0.000000 -32.000000 0.000000
v -0.000000 -32.000000 0.000000
v -0.000000 -32.000000 0.000000
v -0.000000 -32.000000 0.000000
v 0.000000 -32.000000 0.000000
vt 0.000000 1.000000
vt 0.015625 1.000000
vt 0.031250 1.000000
vt 0.046875 1.000000
vt 0.062500 1.000000
vt 0.078125 1.000000
vt 0.093750 1.000000
vt 0.109375 1.000000
vt 0.125000 1.000000
vt 0.140625 1.000000
vt 0.156250 1.000000
vt 0.171875 1.000000
vt 0.187500 1.000000
vt 0.203125 1.000000
vt 0.218750 1.000000
vt 0.234375 1.000000
vt 0.250000 1.000000
vt 0.265625 1.000000
vt 0.281250 1.000000
vt 0.296875 1.000000
vt 0.312500 1.000000
vt 0.328125 1.000000
vt 0.343750 1.000000
vt 0.359375 1.000000
vt 0.375000 1.000000
vt 0.390625 1.000000
vt 0.406250 1.000000
vt 0.421875 1.000000
vt 0.437500 1.000000
vt 0.453125 1.000000
vt 0.468750 1.000000
vt 0.484375 1.000000
vt 0.500000 1.000000
vt 0.515625 1.000000
vt 0.531250 1.000000
vt 0.546875 1.000000
vt 0.562500 1.000000
vt 0.578125 1.000000
vt 0.593750 1.000000
vt 0.609375 1.000000
vt 0.625000 1.000000
vt 0.640625 1.000000
vt 0.656250 1.000000
vt 0.671875 1.000000
vt 0.687500 1.000000
vt 0.703125 1.000000
vt 0.718750 1.000000
vt 0.734375 1.000000
vt 0.750000 1.000000
vt 0.765625 1.000000
vt 0.781250 1.000000
vt 0.796875 1.000000
vt 0.812500 1.000000
vt 0.828125 1.000000
vt 0.843750 1.000000
vt 0.859375 1.000000
vt 0.875000 1.000000
vt 0.890625 1.000000
vt 0.906250 1.000000
vt 0.921875 1.000000
vt 0.937500 1.000000
vt 0.953125 1.000000
vt 0.968750 1.000000
vt 0.984375 1.000000
vt 1.000000 1.000000
vt 0.000000 0.969697
vt 0.015625 0.969697
vt 0.031250 0.969697
vt 0.046875 0.969697
vt 0.062500 0.969697
vt 0.078125 0.969697
vt 0.093750 0.969697
vt 0.109375 0.969697
vt 0.125000 0.969697
vt 0.140625 0.969697
vt 0.156250 0.969697
vt 0.171875 0.969697
vt 0.187500 0.969697
vt 0.203125 0.969697
vt 0.218750 0.969697
vt 0.234375 0.969697
vt 0.250000 0.969697
vt 0.265625 0.969697
vt 0.281250 0.969697
vt 0.296875 0.969697
vt 0.312500 0.969697
vt 0.328125 0.969697
vt 0.343750 0.969697
vt 0.359375 0.969697
vt 0.375000 0.969697
vt 0.390625 0.969697
vt 0.406250 0.969697
vt 0.421875 0.969697
vt 0.437500 0.969697
vt 0.453125 0.969697
vt 0.468750 0.969697
vt 0.484375 0.969697
vt 0.500000 0.969697
vt 0.515625 0.969697
vt 0.531250 0.969697
vt 0.546875 0.969697
vt 0.562500 0.969697
vt 0.578125 0.969697
vt 0.593750 0.969697
vt 0.609375 0.969697
vt 0.625000 0.969697
vt 0.640625 0.969697
vt 0.656250 0.969697
vt 0.671875 0.969697
vt 0.687500 0.969697
vt 0.703125 0.969697
vt 0.718750 0.969697
vt 0.734375 0.969697
vt 0.750000 0.969697
vt 0.765625 0.969697
vt 0.781250 0.969697
vt 0.796875 0.969697
vt 0.812500 0.969697
vt 0.828125 0.969697
vt 0.843750 0.969697
vt 0.859375 0.969697
vt 0.875000 0.969697
vt 0.890625 0.969697
vt 0.906250 0.969697
vt 0.921875 0.969697
vt 0.937500 0.969697
vt 0.953125 0.969697
vt 0.968750 0.969697
vt 0.984375 0.969697
vt 1.000000 0.969697
vt 0.000000 0.939394
vt 0.015625 0.939394
vt 0.031250 0.939394
vt 0.046875 0.939394
vt 0.062500 0.939394
vt 0.078125 0.939394
vt 0.093750 0.939394
vt 0.109375 0.939394
vt 0.125000 0.939394
vt 0.140625 0.939394
vt 0.156250 0.939394
vt 0.171875 0.939394
vt 0.187500 0.939394
vt 0.203125 0.939394
vt 0.218750 0.939394
vt 0.234375 0.939394
vt 0.250000 0.939394
vt 0.265625 0.939394
vt 0.281250 0.939394
vt 0.296875 0.939394
vt 0.312500 0.939394
vt 0.328125 0.939394
vt 0.343750 0.939394
vt 0.359375 0.939394
vt 0.375000 0.939394
vt 0.390625 0.939394
vt 0.406250 0.939394
vt 0.421875 0.939394
vt 0.437500 0.939394
vt 0.453125 0.939394
vt 0.468750 0.939394
vt 0.484375 0.939394
vt 0.500000 0.939394
vt 0.515625 0.939394
vt 0.531250 0.939394
vt 0.546875 0.939394
vt 0.562500 0.939394
vt 0.578125 0.939394
vt 0.593750 0.939394
vt 0.609375 0.939394
vt 0.625000 0.939394
vt 0.640625 0.939394
vt 0.656250 0.939394
vt 0.671875 0.939394
vt 0.687500 0.939394
vt 0.703125 0.939394
vt 0.718750 0.939394
vt 0.734375 0.939394
vt 0.750000 0.939394
vt 0.765625 0.939394
vt 0.781250 0.939394
vt 0.796875 0.939394
vt 0.812500 0.939394
vt 0.828125 0.939394
vt 0.843750 0.939394
vt 0.859375 0.939394
vt 0.875000 0.939394
vt 0.890625 0.939394
vt 0.906250 0.939394
vt 0.921875 0.939394
vt 0.937500 0.939394
vt 0.953125 0.939394
vt 0.968750 0.939394
vt 0.984375 0.939394
vt 1.000000 0.939394
vt 0.000000 0.909091
vt 0.015625 0.909091
vt 0.031250 0.909091
vt 0.046875 0.909091
vt 0.062500 0.909091
vt 0.078125 0.909091
vt 0.093750 0.909091
vt 0.109375 0.909091
vt 0.125000 0.909091
vt 0.140625 0.909091
vt 0.156250 0.909091
vt 0.171875 0.909091
vt 0.187500 0.909091
vt 0.203125 0.909091
vt 0.218750 0.909091
vt 0.234375 0.909091
vt 0.250000 0.909091
vt 0.265625 0.909091
vt 0.281250 0.909091
vt 0.296875 0.909091
vt 0.312500 0.909091
vt 0.328125 0.909091
vt 0.343750 0.909091
vt 0.359375 0.909091
vt 0.375000 0.909091
vt 0.390625 0.909091
vt 0.406250 0.909091
vt 0.421875 0.909091
vt 0.437500 0.909091
vt 0.453125 0.909091
vt 0.468750 0.909091
vt 0.484375 0.909091
vt 0.500000 0.909091
vt 0.515625 0.909091
vt 0.531250 0.909091
vt 0.546875 0.909091
vt 0.562500 0.909091
vt 0.578125 0.909091
vt 0.593750 0.909091
vt 0.609375 0.909091
vt 0.625000 0.909091
vt 0.640625 0.909091
vt 0.656250 0.909091
vt 0.671875 0.909091
vt 0.687500 0.909091
vt 0.703125 0.909091
vt 0.718750 0.909091
vt 0.734375 0.909091
vt 0.750000 0.909091
vt 0.765625 0.909091
vt 0.781250 0.909091
vt 0.796875 0.909091
vt 0.812500 0.909091
vt 0.828125 0.909091
vt 0.843750 0.909091
vt 0.859375 0.909091
vt 0.875000 0.909091
vt 0.890625 0.909091
vt 0.906250 0.909091
vt 0.921875 0.909091
vt 0.937500 0.909091
vt 0.953125 0.909091
vt 0.968750 0.909091
vt 0.984375 0.909091
vt 1.000000 0.909091
vt 0.000000 0.878788
vt 0.015625 0.878788
vt 0.031250 0.878788
vt 0.046875 0.878788
vt 0.062500 0.878788
vt 0.078125 0.878788
vt 0.093750 0.878788
vt 0.109375 0.878788
vt 0.125000 0.878788
vt 0.140625 0.878788
vt 0.156250 0.878788
vt 0.171875 0.878788
vt 0.187500 0.878788
vt 0.203125 0.878788
vt 0.218750 0.878788
vt 0.234375 0.878788
vt 0.250000 0.878788
vt 0.265625 0.878788
vt 0.281250 0.878788
vt 0.296875 0.878788
vt 0.312500 0.878788
vt 0.328125 0.878788
vt 0.343750 0.878788
vt 0.359375 0.878788
vt 0.375000 0.878788
vt 0.390625 0.878788
vt 0.406250 0.878788
vt 0.421875 0.878788
vt 0.437500 0.878788
vt 0.453125 0.878788
vt 0.468750 0.878788
vt 0.484375 0.878788
vt 0.500000 0.878788
vt 0.515625 0.878788
vt 0.531250 0.878788
vt 0.546875 0.878788
vt 0.562500 0.878788
vt 0.578125 0.878788
vt 0.593750 0.878788
vt 0.609375 0.878788
vt 0.625000 0.878788
vt 0.640625 0.878788
vt 0.656250 0.878788
vt 0.671875 0.878788
vt 0.687500 0.878788
vt 0.703125 0.878788
vt 0.718750 0.878788
vt 0.734375 0.878788
vt 0.750000 0.878788
vt 0.765625 0.878788
vt 0.781250 0.878788
vt 0.796875 0.878788
vt 0.812500 0.878788
vt 0.828125 0.878788
vt 0.843750 0.878788
vt 0.859375 0.878788
vt 0.875000 0.878788
vt 0.890625 0.878788
vt 0.906250 0.878788
vt 0.921875 0.878788
vt 0.937500 0.878788
vt 0.953125 0.878788
vt 0.968750 0.878788
vt 0.984375 0.878788
vt 1.000000 0.878788
vt 0.000000 0.848485
vt 0.015625 0.848485
vt 0.031250 0.848485
vt 0.046875 0.848485
vt 0.062500 0.848485
vt 0.078125 0.848485
vt 0.093750 0.848485
vt 0.109375 0.848485
vt 0.125000 0.848485
vt 0.140625 0.848485
vt 0.156250 0.848485
vt 0.171875 0.848485
vt 0.187500 0.848485
vt 0.203125 0.848485
vt 0.218750 0.848485
vt 0.234375 0.848485
vt 0.250000 0.848485
vt 0.265625 0.848485
vt 0.281250 0.848485
vt 0.296875 0.848485
vt 0.312500 0.848485
vt 0.328125 0.848485
vt 0.343750 0.848485
vt 0.359375 0.848485
vt 0.375000 0.848485
vt 0.390625 0.848485
vt 0.406250 0.848485
vt 0.421875 0.848485
vt 0.437500 0.848485
vt 0.453125 0.848485
vt 0.468750 0.848485
vt 0.484375 0.848485
vt 0.500000 0.848485
vt 0.515625 0.848485
vt 0.531250 0.848485
vt 0.546875 0.848485
vt 0.562500 0.848485
vt 0.578125 0.848485
vt 0.593750 0.848485
vt 0.609375 0.848485
vt 0.625000 0.848485
vt 0.640625 0.848485
vt 0.656250 0.848485
vt 0.671875 0.848485
vt 0.687500 0.848485
vt 0.703125 0.848485
vt 0.718750 0.848485
vt 0.734375 0.848485
vt 0.750000 0.848485
vt 0.765625 0.848485
vt 0.781250 0.848485
vt 0.796875 0.848485
vt 0.812500 0.848485
vt 0.828125 0.848485
vt 0.843750 0.848485
vt 0.859375 0.848485
vt 0.875000 0.848485
vt 0.890625 0.848485
vt 0.906250 0.848485
vt 0.921875 0.848485
vt 0.937500 0.848485
vt 0.953125 0.848485
vt 0.968750 0.848485
vt 0.984375 0.848485
vt 1.000000 0.848485
vt 0.000000 0.818182
vt 0.015625 0.818182
vt 0.031250 0.818182
vt 0.046875 0.818182
vt 0.062500 0.818182
vt 0.078125 0.818182
vt 0.093750 0.818182
vt 0.109375 0.818182
vt 0.125000 0.818182
vt 0.140625 0.818182
vt 0.156250 0.818182
vt 0.171875 0.818182
vt 0.187500 0.818182
vt 0.203125 0.818182
vt 0.218750 0.818182
vt 0.234375 0.818182
vt 0.250000 0.818182
vt 0.265625 0.818182
vt 0.281250 0.818182
vt 0.296875 0.818182
vt 0.312500 0.818182
vt 0.328125 0.818182
vt 0.343750 0.818182
vt 0.359375 0.818182
vt 0.375000 0.818182
vt 0.390625 0.818182
vt 0.406250 0.818182
vt 0.421875 0.818182
vt 0.437500 0.818182
vt 0.453125 0.818182
vt 0.468750 0.818182
vt 0.484375 0.818182
vt 0.500000 0.818182
vt 0.515625 0.818182
vt 0.531250 0.818182
vt 0.546875 0.818182
vt 0.562500 0.818182
vt 0.578125 0.818182
vt 0.593750 0.818182
vt 0.609375 0.818182
vt 0.625000 0.818182
vt 0.640625 0.818182
vt 0.656250 0.818182
vt 0.671875 0.818182
vt 0.687500 0.818182
vt 0.703125 0.818182
vt 0.718750 0.818182
vt 0.734375 0.818182
vt 0.750000 0.818182
vt 0.765625 0.818182
vt 0.781250 0.818182
vt 0.796875 0.818182
vt 0.812500 0.818182
vt 0.828125 0.818182
vt 0.843750 0.818182
vt 0.859375 0.818182
vt 0.875000 0.818182
vt 0.890625 0.818182
vt 0.906250 0.818182
vt 0.921875 0.818182
vt 0.937500 0.818182
vt 0.953125 0.818182
vt 0.968750 0.818182
vt 0.984375 0.818182
vt 1.000000 0.818182
vt 0.000000 0.787879
vt 0.015625 0.787879
vt 0.031250 0.787879
vt 0.046875 0.787879
vt 0.062500 0.787879
vt 0.078125 0.787879
vt 0.093750 0.787879
vt 0.109375 0.787879
vt 0.125000 0.787879
vt 0.140625 0.787879
vt 0.156250 0.787879
vt 0.171875 0.787879
vt 0.187500 0.787879
vt 0.203125 0.787879
vt 0.218750 0.787879
vt 0.234375 0.787879
vt 0.250000 0.787879
vt 0.265625 0.787879
vt 0.281250 0.787879
vt 0.296875 0.787879
vt 0.312500 0.787879
vt 0.328125 0.787879
vt 0.343750 0.787879
vt 0.359375 0.787879
vt 0.375000 0.787879
vt 0.390625 0.787879
vt 0.406250 0.787879
vt 0.421875 0.787879
vt 0.437500 0.787879
vt 0.453125 0.787879
vt 0.468750 0.787879
vt 0.484375 0.787879
vt 0.500000 0.787879
vt 0.515625 0.787879
vt 0.531250 0.787879
vt 0.546875 0.787879
vt 0.562500 0.787879
vt 0.578125 0.787879
vt 0.593750 0.787879
vt 0.609375 0.787879
vt 0.625000 0.787879
vt 0.640625 0.787879
vt 0.656250 0.787879
vt 0.671875 0.787879
vt 0.687500 0.787879
vt 0.703125 0.787879
vt 0.718750 0.787879
vt 0.734375 0.787879
vt 0.750000 0.787879
vt 0.765625 0.787879
vt 0.781250 0.787879
vt 0.796875 0.787879
vt 0.812500 0.787879
vt 0.828125 0.787879
vt 0.843750 0.787879
vt 0.859375 0.787879
vt 0.875000 0.787879
vt 0.890625 0.787879
vt 0.906250 0.787879
vt 0.921875 0.787879
vt 0.937500 0.787879
vt 0.953125 0.787879
vt 0.968750 0.787879
vt 0.984375 0.787879
vt 1.000000 0.787879
vt 0.000000 0.757576
vt 0.015625 0.757576
vt 0.031250 0.757576
vt 0.046875 0.757576
vt 0.062500 0.757576
vt 0.078125 0.757576
vt 0.093750 0.757576
vt 0.109375 0.757576
vt 0.125000 0.757576
vt 0.140625 0.757576
vt 0.156250 0.757576
vt 0.171875 0.757576
vt 0.187500 0.757576
vt 0.203125 0.757576
vt 0.218750 0.757576
vt 0.234375 0.757576
vt 0.250000 0.757576
vt 0.265625 0.757576
vt 0.281250 0.757576
vt 0.296875 0.757576
vt 0.312500 0.757576
vt 0.328125 0.757576
vt 0.343750 0.757576
vt 0.359375 0.757576
vt 0.375000 0.757576
vt 0.390625 0.757576
vt 0.406250 0.757576
vt 0.421875 0.757576
vt 0.437500 0.757576
vt 0.453125 0.757576
vt 0.468750 0.757576
vt 0.484375 0.757576
vt 0.500000 0.757576
vt 0.515625 0.757576
vt 0.531250 0.757576
vt 0.546875 0.757576
vt 0.562500 0.757576
vt 0.578125 0.757576
vt 0.593750 0.757576
vt 0.609375 0.757576
vt 0.625000 0.757576
vt 0.640625 0.757576
vt 0.656250 0.757576
vt 0.671875 0.757576
vt 0.687500 0.757576
vt 0.703125 0.757576
vt 0.718750 0.757576
vt 0.734375 0.757576
vt 0.750000 0.757576
vt 0.765625 0.757576
vt 0.781250 0.757576
vt 0.796875 0.757576
vt 0.812500 0.757576
vt 0.828125 0.757576
vt 0.843750 0.757576
vt 0.859375 0.757576
vt 0.875000 0.757576
vt 0.890625 0.757576
vt 0.906250 0.757576
vt 0.921875 0.757576
vt 0.937500 0.757576
vt 0.953125 0.757576
vt 0.968750 0.757576
vt 0.984375 0.757576
vt 1.000000 0.757576
vt 0.000000 0.727273
vt 0.015625 0.727273
vt 0.031250 0.727273
vt 0.046875 0.727273
vt 0.062500 0.727273
vt 0.078125 0.727273
vt 0.093750 0.727273
vt 0.109375 0.727273
vt 0.125000 0.727273
vt 0.140625 0.727273
vt 0.156250 0.727273
vt 0.171875 0.727273
vt 0.187500 0.727273
vt 0.203125 0.727273
vt 0.218750 0.727273
vt 0.234375 0.727273
vt 0.250000 0.727273
vt 0.265625 0.727273
vt 0.281250 0.727273
vt 0.296875 0.727273
vt 0.312500 0.727273
vt 0.328125 0.727273
vt 0.343750 0.727273
vt 0.359375 0.727273
vt 0.375000 0.727273
vt 0.390625 0.727273
vt 0.406250 0.727273
vt 0.421875 0.727273
vt 0.437500 0.727273
vt 0.453125 0.727273
vt 0.468750 0.727273
vt 0.484375 0.727273
vt 0.500000 0.727273
vt 0.515625 0.727273
vt 0.531250 0.727273
vt 0.546875 0.727273
vt 0.562500 0.727273
vt 0.578125 0.727273
vt 0.593750 0.727273
vt 0.609375 0.727273
vt 0.625000 0.727273
vt 0.640625 0.727273
vt 0.656250 0.727273
vt 0.671875 0.727273
vt 0.687500 0.727273
vt 0.703125 0.727273
vt 0.718750 0.727273
vt 0.734375 0.727273
vt 0.750000 0.727273
vt 0.765625 0.727273
vt 0.781250 0.727273
vt 0.796875 0.727273
vt 0.812500 0.727273
vt 0.828125 0.727273
vt 0.843750 0.727273
vt 0.859375 0.727273
vt 0.875000 0.727273
vt 0.890625 0.727273
vt 0.906250 0.727273
vt 0.921875 0.727273
vt 0.937500 0.727273
vt 0.953125 0.727273
vt 0.968750 0.727273
vt 0.984375 0.727273
vt 1.000000 0.727273
vt 0.000000 0.696970
vt 0.015625 0.696970
vt 0.031250 0.696970
vt 0.046875 0.696970
vt 0.062500 0.696970
vt 0.078125 0.696970
vt 0.093750 0.696970
vt 0.109375 0.696970
vt 0.125000 0.696970
vt 0.140625 0.696970
vt 0.156250 0.696970
vt 0.171875 0.696970
vt 0.187500 0.696970
vt 0.203125 0.696970
vt 0.218750 0.696970
vt 0.234375 0.696970
vt 0.250000 0.696970
vt 0.265625 0.696970
vt 0.281250 0.696970
vt 0.296875 0.696970
vt 0.312500 0.696970
vt 0.328125 0.696970
vt 0.343750 0.696970
vt 0.359375 0.696970
vt 0.375000 0.696970
vt 0.390625 0.696970
vt 0.406250 0.696970
vt 0.421875 0.696970
vt 0.437500 0.696970
vt 0.453125 0.696970
vt 0.468750 0.696970
vt 0.484375 0.696970
vt 0.500000 0.696970
vt 0.515625 0.696970
vt 0.531250 0.696970
vt 0.546875 0.696970
vt 0.562500 0.696970
vt 0.578125 0.696970
vt 0.593750 0.696970
vt 0.609375 0.696970
vt 0.625000 0.696970
vt 0.640625 0.696970
vt 0.656250 0.696970
vt 0.671875 0.696970
vt 0.687500 0.696970
vt 0.703125 0.696970
vt 0.718750 0.696970
vt 0.734375 0.696970
vt 0.750000 0.696970
vt 0.765625 0.696970
vt 0.781250 0.696970
vt 0.796875 0.696970
vt 0.812500 0.696970
vt 0.828125 0.696970
vt 0.843750 0.696970
vt 0.859375 0.696970
vt 0.875000 0.696970
vt 0.890625 0.696970
vt 0.906250 0.696970
vt 0.921875 0.696970
vt 0.937500 0.696970
vt 0.953125 0.696970
vt 0.968750 0.696970
vt 0.984375 0.696970
vt 1.000000 0.696970
vt 0.000000 0.666667
vt 0.015625 0.666667
vt 0.031250 0.666667
vt 0.046875 0.666667
vt 0.062500 0.666667
vt 0.078125 0.666667
vt 0.093750 0.666667
vt 0.109375 0.666667
vt 0.125000 0.666667
vt 0.140625 0.666667
vt 0.156250 0.666667
vt 0.171875 0.666667
vt 0.187500 0.666667
vt 0.203125 0.666667
vt 0.218750 0.666667
vt 0.234375 0.666667
vt 0.250000 0.666667
vt 0.265625 0.666667
vt 0.281250 0.666667
vt 0.296875 0.666667
vt 0.312500 0.666667
vt 0.328125 0.666667
vt 0.343750 0.666667
vt 0.359375 0.666667
vt 0.375000 0.666667
vt 0.390625 0.666667
vt 0.406250 0.666667
vt 0.421875 0.666667
vt 0.437500 0.666667
vt 0.453125 0.666667
vt 0.468750 0.666667
vt 0.484375 0.666667
vt 0.500000 0.666667
vt 0.515625 0.666667
vt 0.531250 0.666667
vt 0.546875 0.666667
vt 0.562500 0.666667
vt 0.578125 0.666667
vt 0.593750 0.666667
vt 0.609375 0.666667
vt 0.625000 0.666667
vt 0.640625 0.666667
vt 0.656250 0.666667
vt 0.671875 0.666667
vt 0.687500 0.666667
vt 0.703125 0.666667
vt 0.718750 0.666667
vt 0.734375 0.666667
vt 0.750000 0.666667
vt 0.765625 0.666667
vt 0.781250 0.666667
vt 0.796875 0.666667
vt 0.812500 0.666667
vt 0.828125 0.666667
vt 0.843750 0.666667
vt 0.859375 0.666667
vt 0.875000 0.666667
vt 0.890625 0.666667
vt 0.906250 0.666667
vt 0.921875 0.666667
vt 0.937500 0.666667
vt 0.953125 0.666667
vt 0.968750 0.666667
vt 0.984375 0.666667
vt 1.000000 0.666667
vt 0.000000 0.636364
vt 0.015625 0.636364
vt 0.031250 0.636364
vt 0.046875 0.636364
vt 0.062500 0.636364
vt 0.078125 0.636364
vt 0.093750 0.636364
vt 0.109375 0.636364
vt 0.125000 0.636364
vt 0.140625 0.636364
vt 0.156250 0.636364
vt 0.171875 0.636364
vt 0.187500 0.636364
vt 0.203125 0.636364
vt 0.218750 0.636364
vt 0.234375 0.636364
vt 0.250000 0.636364
vt 0.265625 0.636364
vt 0.281250 0.636364
vt 0.296875 0.636364
vt 0.312500 0.636364
vt 0.328125 0.636364
vt 0.343750 0.636364
vt 0.359375 0.636364
vt 0.375000 0.636364
vt 0.390625 0.636364
vt 0.406250 0.636364
vt 0.421875 0.636364
vt 0.437500 0.636364
vt 0.453125 0.636364
vt 0.468750 0.636364
vt 0.484375 0.636364
vt 0.500000 0.636364
vt 0.515625 0.636364
vt 0.531250 0.636364
vt 0.546875 0.636364
vt 0.562500 0.636364
vt 0.578125 0.636364
vt 0.593750 0.636364
vt 0.609375 0.636364
vt 0.625000 0.636364
vt 0.640625 0.636364
vt 0.656250 0.636364
vt 0.671875 0.636364
vt 0.687500 0.636364
vt 0.703125 0.636364
vt 0.718750 0.636364
vt 0.734375 0.636364
vt 0.750000 0.636364
vt 0.765625 0.636364
vt 0.781250 0.636364
vt 0.796875 0.636364
vt 0.812500 0.636364
vt 0.828125 0.636364
vt 0.843750 0.636364
vt 0.859375 0.636364
vt 0.875000 0.636364
vt 0.890625 0.636364
vt 0.906250 0.636364
vt 0.921875 0.636364
vt 0.937500 0.636364
vt 0.953125 0.636364
vt 0.968750 0.636364
vt 0.984375 0.636364
vt 1.000000 0.636364
vt 0.000000 0.606061
vt 0.015625 0.606061
vt 0.031250 0.606061
vt 0.046875 0.606061
vt 0.062500 0.606061
vt 0.078125 0.606061
vt 0.093750 0.606061
vt 0.109375 0.606061
vt 0.125000 0.606061
vt 0.140625 0.606061
vt 0.156250 0.606061
vt 0.171875 0.606061
vt 0.187500 0.606061
vt 0.203125 0.606061
vt 0.218750 0.606061
vt 0.234375 0.606061
vt 0.250000 0.606061
vt 0.265625 0.606061
vt 0.281250 0.606061
vt 0.296875 0.606061
vt 0.312500 0.606061
vt 0.328125 0.606061
vt 0.343750 0.606061
vt 0.359375 0.606061
vt 0.375000 0.606061
vt 0.390625 0.606061
vt 0.406250 0.606061
vt 0.421875 0.606061
vt 0.437500 0.606061
vt 0.453125 0.606061
vt 0.468750 0.606061
vt 0.484375 0.606061
vt 0.500000 0.606061
vt 0.515625 0.606061
vt 0.531250 0.606061
vt 0.546875 0.606061
vt 0.562500 0.606061
vt 0.578125 0.606061
vt 0.593750 0.606061
vt 0.609375 0.606061
vt 0.625000 0.606061
vt 0.640625 0.606061
vt 0.656250 0.606061
vt 0.671875 0.606061
vt 0.687500 0.606061
vt 0.703125 0.606061
vt 0.718750 0.606061
vt 0.734375 0.606061
vt 0.750000 0.606061
vt 0.765625 0.606061
vt 0.781250 0.606061
vt 0.796875 0.606061
vt 0.812500 0.606061
vt 0.828125 0.606061
vt 0.843750 0.606061
vt 0.859375 0.606061
vt 0.875000 0.606061
vt 0.890625 0.606061
vt 0.906250 0.606061
vt 0.921875 0.606061
vt 0.937500 0.606061
vt 0.953125 0.606061
vt 0.968750 0.606061
vt 0.984375 0.606061
vt 1.000000 0.606061
vt 0.000000 0.575758
vt 0.015625 0.575758
vt 0.031250 0.575758
vt 0.046875 0.575758
vt 0.062500 0.575758
vt 0.078125 0.575758
vt 0.093750 0.575758
vt 0.109375 0.575758
vt 0.125000 0.575758
vt 0.140625 0.575758
vt 0.156250 0.575758
vt 0.171875 0.575758
vt 0.187500 0.575758
vt 0.203125 0.575758
vt 0.218750 0.575758
vt 0.234375 0.575758
vt 0.250000 0.575758
vt 0.265625 0.575758
vt 0.281250 0.575758
vt 0.296875 0.575758
vt 0.312500 0.575758
vt 0.328125 0.575758
vt 0.343750 0.575758
vt 0.359375 0.575758
vt 0.375000 0.575758
vt 0.390625 0.575758
vt 0.406250 0.575758
vt 0.421875 0.575758
vt 0.437500 0.575758
vt 0.453125 0.575758
vt 0.468750 0.575758
vt 0.484375 0.575758
vt 0.500000 0.575758
vt 0.515625 0.575758
vt 0.531250 0.575758
vt 0.546875 0.575758
vt 0.562500 0.575758
vt 0.578125 0.575758
vt 0.593750 0.575758
vt 0.609375 0.575758
vt 0.625000 0.575758
vt 0.640625 0.575758
vt 0.656250 0.575758
vt 0.671875 0.575758
vt 0.687500 0.575758
vt 0.703125 0.575758
vt 0.718750 0.575758
vt 0.734375 0.575758
vt 0.750000 0.575758
vt 0.765625 0.575758
vt 0.781250 0.575758
vt 0.796875 0.575758
vt 0.812500 0.575758
vt 0.828125 0.575758
vt 0.843750 0.575758
vt 0.859375 0.575758
vt 0.875000 0.575758
vt 0.890625 0.575758
vt 0.906250 0.575758
vt 0.921875 0.575758
vt 0.937500 0.575758
vt 0.953125 0.575758
vt 0.968750 0.575758
vt 0.984375 0.575758
vt 1.000000 0.575758
vt 0.000000 0.545455
vt 0.015625 0.545455
vt 0.031250 0.545455
vt 0.046875 0.545455
vt 0.062500 0.545455
vt 0.078125 0.545455
vt 0.093750 0.545455
vt 0.109375 0.545455
vt 0.125000 0.545455
vt 0.140625 0.545455
vt 0.156250 0.545455
vt 0.171875 0.545455
vt 0.187500 0.545455
vt 0.203125 0.545455
vt 0.218750 0.545455
vt 0.234375 0.545455
vt 0.250000 0.545455
vt 0.265625 0.545455
vt 0.281250 0.545455
vt 0.296875 0.545455
vt 0.312500 0.545455
vt 0.328125 0.545455
vt 0.343750 0.545455
vt 0.359375 0.545455
vt 0.375000 0.545455
vt 0.390625 0.545455
vt 0.406250 0.545455
vt 0.421875 0.545455
vt 0.437500 0.545455
vt 0.453125 0.545455
vt 0.468750 0.545455
vt 0.484375 0.545455
vt 0.500000 0.545455
vt 0.515625 0.545455
vt 0.531250 0.545455
vt 0.546875 0.545455
vt 0.562500 0.545455
vt 0.578125 0.545455
vt 0.593750 0.545455
vt 0.609375 0.545455
vt 0.625000 0.545455
vt 0.640625 0.545455
vt 0.656250 0.545455
vt 0.671875 0.545455
vt 0.687500 0.545455
vt 0.703125 0.545455
vt 0.718750 0.545455
vt 0.734375 0.545455
vt 0.750000 0.545455
vt 0.765625 0.545455
vt 0.781250 0.545455
vt 0.796875 0.545455
vt 0.812500 0.545455
vt 0.828125 0.545455
vt 0.843750 0.545455
vt 0.859375 0.545455
vt 0.875000 0.545455
vt 0.890625 0.545455
vt 0.906250 0.545455
vt 0.921875 0.545455
vt 0.937500 0.545455
vt 0.953125 0.545455
vt 0.968750 0.545455
vt 0.984375 0.545455
vt 1.000000 0.545455
vt 0.000000 0.515152
vt 0.015625 0.515152
vt 0.031250 0.515152
vt 0.046875 0.515152
vt 0.062500 0.515152
vt 0.078125 0.515152
vt 0.093750 0.515152
vt 0.109375 0.515152
vt 0.125000 0.515152
vt 0.140625 0.515152
vt 0.156250 0.515152
vt 0.171875 0.515152
vt 0.187500 0.515152
vt 0.203125 0.515152
vt 0.218750 0.515152
vt 0.234375 0.515152
vt 0.250000 0.515152
vt 0.265625 0.515152
vt 0.281250 0.515152
vt 0.296875 0.515152
vt 0.312500 0.515152
vt 0.328125 0.515152
vt 0.343750 0.515152
vt 0.359375 0.515152
vt 0.375000 0.515152
vt 0.390625 0.515152
vt 0.406250 0.515152
vt 0.421875 0.515152
vt 0.437500 0.515152
vt 0.453125 0.515152
vt 0.468750 0.515152
vt 0.484375 0.515152
vt 0.500000 0.515152
vt 0.515625 0.515152
vt 0.531250 0.515152
vt 0.546875 0.515152
vt 0.562500 0.515152
vt 0.578125 0.515152
vt 0.593750 0.515152
vt 0.609375 0.515152
vt 0.625000 0.515152
vt 0.640625 0.515152
vt 0.656250 0.515152
vt 0.671875 0.515152
vt 0.687500 0.515152
vt 0.703125 0.515152
vt 0.718750 0.515152
vt 0.734375 0.515152
vt 0.750000 0.515152
vt 0.765625 0.515152
vt 0.781250 0.515152
vt 0.796875 0.515152
vt 0.812500 0.515152
vt 0.828125 0.515152
vt 0.843750 0.515152
vt 0.859375 0.515152
vt 0.875000 0.515152
vt 0.890625 0.515152
vt 0.906250 0.515152
vt 0.921875 0.515152
vt 0.937500 0.515152
vt 0.953125 0.515152
vt 0.968750 0.515152
vt 0.984375 0.515152
vt 1.000000 0.515152
vt 0.000000 0.484848
vt 0.015625 0.484848
vt 0.031250 0.484848
vt 0.046875 0.484848
vt 0.062500 0.484848
vt 0.078125 0.484848
vt 0.093750 0.484848
vt 0.109375 0.484848
vt 0.125000 0.484848
vt 0.140625 0.484848
vt 0.156250 0.484848
vt 0.171875 0.484848
vt 0.187500 0.484848
vt 0.203125 0.484848
vt 0.218750 0.484848
vt 0.234375 0.484848
vt 0.250000 0.484848
vt 0.265625 0.484848
vt 0.281250 0.484848
vt 0.296875 0.484848
vt 0.312500 0.484848
vt 0.328125 0.484848
vt 0.343750 0.484848
vt 0.359375 0.484848
vt 0.375000 0.484848
vt 0.390625 0.484848
vt 0.406250 0.484848
vt 0.421875 0.484848
vt 0.437500 0.484848
vt 0.453125 0.484848
vt 0.468750 0.484848
vt 0.484375 0.484848
vt 0.500000 0.484848
vt 0.515625 0.484848
vt 0.531250 0.484848
vt 0.546875 0.484848
vt 0.562500 0.484848
vt 0.578125 0.484848
vt 0.593750 0.484848
vt 0.609375 0.484848
vt 0.625000 0.484848
vt 0.640625 0.484848
vt 0.656250 0.484848
vt 0.671875 0.484848
vt 0.687500 0.484848
vt 0.703125 0.484848
vt 0.718750 0.484848
vt 0.734375 0.484848
vt 0.750000 0.484848
vt 0.765625 0.484848
vt 0.781250 0.484848
vt 0.796875 0.484848
vt 0.812500 0.484848
vt 0.828125 0.484848
vt 0.843750 0.484848
vt 0.859375 0.484848
vt 0.875000 0.484848
vt 0.890625 0.484848
vt 0.906250 0.484848
vt 0.921875 0.484848
vt 0.937500 0.484848
vt 0.953125 0.484848
vt 0.968750 0.484848
vt 0.984375 0.484848
vt 1.000000 0.484848
vt 0.000000 0.454545
vt 0.015625 0.454545
vt 0.031250 0.454545
vt 0.046875 0.454545
vt 0.062500 0.454545
vt 0.078125 0.454545
vt 0.093750 0.454545
vt 0.109375 0.454545
vt 0.125000 0.454545
vt 0.140625 0.454545
vt 0.156250 0.454545
vt 0.171875 0.454545
vt 0.187500 0.454545
vt 0.203125 0.454545
vt 0.218750 0.454545
vt 0.234375 0.454545
vt 0.250000 0.454545
vt 0.265625 0.454545
vt 0.281250 0.454545
vt 0.296875 0.454545
vt 0.312500 0.454545
vt 0.328125 0.454545
vt 0.343750 0.454545
vt 0.359375 0.454545
vt 0.375000 0.454545
vt 0.390625 0.454545
vt 0.406250 0.454545
vt 0.421875 0.454545
vt 0.437500 0.454545
vt 0.453125 0.454545
vt 0.468750 0.454545
vt 0.484375 0.454545
vt 0.500000 0.454545
vt 0.515625 0.454545
vt 0.531250 0.454545
vt 0.546875 0.454545
vt 0.562500 0.454545
vt 0.578125 0.454545
vt 0.593750 0.454545
vt 0.609375 0.454545
vt 0.625000 0.454545
vt 0.640625 0.454545
vt 0.656250 0.454545
vt 0.671875 0.454545
vt 0.687500 0.454545
vt 0.703125 0.454545
vt 0.718750 0.454545
vt 0.734375 0.454545
vt 0.750000 0.454545
vt 0.765625 0.454545
vt 0.781250 0.454545
vt 0.796875 0.454545
vt 0.812500 0.454545
vt 0.828125 0.454545
vt 0.843750 0.454545
vt 0.859375 0.454545
vt 0.875000 0.454545
vt 0.890625 0.454545
vt 0.906250 0.454545
vt 0.921875 0.454545
vt 0.937500 0.454545
vt 0.953125 0.454545
vt 0.968750 0.454545
vt 0.984375 0.454545
vt 1.000000 0.454545
vt 0.000000 0.424242
vt 0.015625 0.424242
vt 0.031250 0.424242
vt 0.046875 0.424242
vt 0.062500 0.424242
vt 0.078125 0.424242
vt 0.093750 0.424242
vt 0.109375 0.424242
vt 0.125000 0.424242
vt 0.140625 0.424242
vt 0.156250 0.424242
vt 0.171875 0.424242
vt 0.187500 0.424242
vt 0.203125 0.424242
vt 0.218750 0.424242
vt 0.234375 0.424242
vt 0.250000 0.424242
vt 0.265625 0.424242
vt 0.281250 0.424242
vt 0.296875 0.424242
vt 0.312500 0.424242
vt 0.328125 0.424242
vt 0.343750 0.424242
vt 0.359375 0.424242
vt 0.375000 0.424242
vt 0.390625 0.424242
vt 0.406250 0.424242
vt 0.421875 0.424242
vt 0.437500 0.424242
vt 0.453125 0.424242
vt 0.468750 0.424242
vt 0.484375 0.424242
vt 0.500000 0.424242
vt 0.515625 0.424242
vt 0.531250 0.424242
vt 0.546875 0.424242
vt 0.562500 0.424242
vt 0.578125 0.424242
vt 0.593750 0.424242
vt 0.609375 0.424242
vt 0.625000 0.424242
vt 0.640625 0.424242
vt 0.656250 0.424242
vt 0.671875 0.424242
vt 0.687500 0.424242
vt 0.703125 0.424242
vt 0.718750 0.424242
vt 0.734375 0.424242
vt 0.750000 0.424242
vt 0.765625 0.424242
vt 0.781250 0.424242
vt 0.796875 0.424242
vt 0.812500 0.424242
vt 0.828125 0.424242
vt 0.843750 0.424242
vt 0.859375 0.424242
vt 0.875000 0.424242
vt 0.890625 0.424242
vt 0.906250 0.424242
vt 0.921875 0.424242
vt 0.937500 0.424242
vt 0.953125 0.424242
vt 0.968750 0.424242
vt 0.984375 0.424242
vt 1.000000 0.424242
vt 0.000000 0.393939
vt 0.015625 0.393939
vt 0.031250 0.393939
vt 0.046875 0.393939
vt 0.062500 0.393939
vt 0.078125 0.393939
vt 0.093750 0.393939
vt 0.109375 0.393939
vt 0.125000 0.393939
vt 0.140625 0.393939
vt 0.156250 0.393939
vt 0.171875 0.393939
vt 0.187500 0.393939
vt 0.203125 0.393939
vt 0.218750 0.393939
vt 0.234375 0.393939
vt 0.250000 0.393939
vt 0.265625 0.393939
vt 0.281250 0.393939
vt 0.296875 0.393939
vt 0.312500 0.393939
vt 0.328125 0.393939
vt 0.343750 0.393939
vt 0.359375 0.393939
vt 0.375000 0.393939
vt 0.390625 0.393939
vt 0.406250 0.393939
vt 0.421875 0.393939
vt 0.437500 0.393939
vt 0.453125 0.393939
vt 0.468750 0.393939
vt 0.484375 0.393939
vt 0.500000 0.393939
vt 0.515625 0.393939
vt 0.531250 0.393939
vt 0.546875 0.393939
vt 0.562500 0.393939
vt 0.578125 0.393939
vt 0.593750 0.393939
vt 0.609375 0.393939
vt 0.625000 0.393939
vt 0.640625 0.393939
vt 0.656250 0.393939
vt 0.671875 0.393939
vt 0.687500 0.393939
vt 0.703125 0.393939
vt 0.718750 0.393939
vt 0.734375 0.393939
vt 0.750000 0.393939
vt 0.765625 0.393939
vt 0.781250 0.393939
vt 0.796875 0.393939
vt 0.812500 0.393939
vt 0.828125 0.393939
vt 0.843750 0.393939
vt 0.859375 0.393939
vt 0.875000 0.393939
vt 0.890625 0.393939
vt 0.906250 0.393939
vt 0.921875 0.393939
vt 0.937500 0.393939
vt 0.953125 0.393939
vt 0.968750 0.393939
vt 0.984375 0.393939
vt 1.000000 0.393939
vt 0.000000 0.363636
vt 0.015625 0.363636
vt 0.031250 0.363636
vt 0.046875 0.363636
vt 0.062500 0.363636
vt 0.078125 0.363636
vt 0.093750 0.363636
vt 0.109375 0.363636
vt 0.125000 0.363636
vt 0.140625 0.363636
vt 0.156250 0.363636
vt 0.171875 0.363636
vt 0.187500 0.363636
vt 0.203125 0.363636
vt 0.218750 0.363636
vt 0.234375 0.363636
vt 0.250000 0.363636
vt 0.265625 0.363636
vt 0.281250 0.363636
vt 0.296875 0.363636
vt 0.312500 0.363636
vt 0.328125 0.363636
vt 0.343750 0.363636
vt 0.359375 0.363636
vt 0.375000 0.363636
vt 0.390625 0.363636
vt 0.406250 0.363636
vt 0.421875 0.363636
vt 0.437500 0.363636
vt 0.453125 0.363636
vt 0.468750 0.363636
vt 0.484375 0.363636
vt 0.500000 0.363636
vt 0.515625 0.363636
vt 0.531250 0.363636
vt 0.546875 0.363636
vt 0.562500 0.363636
vt 0.578125 0.363636
vt 0.593750 0.363636
vt 0.609375 0.363636
vt 0.625000 0.363636
vt 0.640625 0.363636
vt 0.656250 0.363636
vt 0.671875 0.363636
vt 0.687500 0.363636
vt 0.703125 0.363636
vt 0.718750 0.363636
vt 0.734375 0.363636
vt 0.750000 0.363636
vt 0.765625 0.363636
vt 0.781250 0.363636
vt 0.796875 0.363636
vt 0.812500 0.363636
vt 0.828125 0.363636
vt 0.843750 0.363636
vt 0.859375 0.363636
vt 0.875000 0.363636
vt 0.890625 0.363636
vt 0.906250 0.363636
vt 0.921875 0.363636
vt 0.937500 0.363636
vt 0.953125 0.363636
vt 0.968750 0.363636
vt 0.984375 0.363636
vt 1.000000 0.363636
vt 0.000000 0.333333
vt 0.015625 0.333333
vt 0.031250 0.333333
vt 0.046875 0.333333
vt 0.062500 0.333333
vt 0.078125 0.333333
vt 0.093750 0.333333
vt 0.109375 0.333333
vt 0.125000 0.333333
vt 0.140625 0.333333
vt 0.156250 0.333333
vt 0.171875 0.333333
vt 0.187500 0.333333
vt 0.203125 0.333333
vt 0.218750 0.333333
vt 0.234375 0.333333
vt 0.250000 0.333333
vt 0.265625 0.333333
vt 0.281250 0.333333
vt 0.296875 0.333333
vt 0.312500 0.333333
vt 0.328125 0.333333
vt 0.343750 0.333333
vt 0.359375 0.333333
vt 0.375000 0.333333
vt 0.390625 0.333333
vt 0.406250 0.333333
vt 0.421875 0.333333
vt 0.437500 0.333333
vt 0.453125 0.333333
vt 0.468750 0.333333
vt 0.484375 0.333333
vt 0.500000 0.333333
vt 0.515625 0.333333
vt 0.531250 0.333333
vt 0.546875 0.333333
vt 0.562500 0.333333
vt 0.578125 0.333333
vt 0.593750 0.333333
vt 0.609375 0.333333
vt 0.625000 0.333333
vt 0.640625 0.333333
vt 0.656250 0.333333
vt 0.671875 0.333333
vt 0.687500 0.333333
vt 0.703125 0.333333
vt 0.718750 0.333333
vt 0.734375 0.333333
vt 0.750000 0.333333
vt 0.765625 0.333333
vt 0.781250 0.333333
vt 0.796875 0.333333
vt 0.812500 0.333333
vt 0.828125 0.333333
vt 0.843750 0.333333
vt 0.859375 0.333333
vt 0.875000 0.333333
vt 0.890625 0.333333
vt 0.906250 0.333333
vt 0.921875 0.333333
vt 0.937500 0.333333
vt 0.953125 0.333333
vt 0.968750 0.333333
vt 0.984375 0.333333
vt 1.000000 0.333333
vt 0.000000 0.303030
vt 0.015625 0.303030
vt 0.031250 0.303030
vt 0.046875 0.303030
vt 0.062500 0.303030
vt 0.078125 0.303030
vt 0.093750 0.303030
vt 0.109375 0.303030
vt 0.125000 0.303030
vt 0.140625 0.303030
vt 0.156250 0.303030
vt 0.171875 0.303030
vt 0.187500 0.303030
vt 0.203125 0.303030
vt 0.218750 0.303030
vt 0.234375 0.303030
vt 0.250000 0.303030
vt 0.265625 0.303030
vt 0.281250 0.303030
vt 0.296875 0.303030
vt 0.312500 0.303030
vt 0.328125 0.303030
vt 0.343750 0.303030
vt 0.359375 0.303030
vt 0.375000 0.303030
vt 0.390625 0.303030
vt 0.406250 0.303030
vt 0.421875 0.303030
vt 0.437500 0.303030
vt 0.453125 0.303030
vt 0.468750 0.303030
vt 0.484375 0.303030
vt 0.500000 0.303030
vt 0.515625 0.303030
vt 0.531250 0.303030
vt 0.546875 0.303030
vt 0.562500 0.303030
vt 0.578125 0.303030
vt 0.593750 0.303030
vt 0.609375 0.303030
vt 0.625000 0.303030
vt 0.640625 0.303030
vt 0.656250 0.303030
vt 0.671875 0.303030
vt 0.687500 0.303030
vt 0.703125 0.303030
vt 0.718750 0.303030
vt 0.734375 0.303030
vt 0.750000 0.303030
vt 0.765625 0.303030
vt 0.781250 0.303030
vt 0.796875 0.303030
vt 0.812500 0.303030
vt 0.828125 0.303030
vt 0.843750 0.303030
vt 0.859375 0.303030
vt 0.875000 0.303030
vt 0.890625 0.303030
vt 0.906250 0.303030
vt 0.921875 0.303030
vt 0.937500 0.303030
vt 0.953125 0.303030
vt 0.968750 0.303030
vt 0.984375 0.303030
vt 1.000000 0.303030
vt 0.000000 0.272727
vt 0.015625 0.272727
vt 0.031250 0.272727
vt 0.046875 0.272727
vt 0.062500 0.272727
vt 0.078125 0.272727
vt 0.093750 0.272727
vt 0.109375 0.272727
vt 0.125000 0.272727
vt 0.140625 0.272727
vt 0.156250 0.272727
vt 0.171875 0.272727
vt 0.187500 0.272727
vt 0.203125 0.272727
vt 0.218750 0.272727
vt 0.234375 0.272727
vt 0.250000 0.272727
vt 0.265625 0.272727
vt 0.281250 0.272727
vt 0.296875 0.272727
vt 0.312500 0.272727
vt 0.328125 0.272727
vt 0.343750 0.272727
vt 0.359375 0.272727
vt 0.375000 0.272727
vt 0.390625 0.272727
vt 0.406250 0.272727
vt 0.421875 0.272727
vt 0.437500 0.272727
vt 0.453125 0.272727
vt 0.468750 0.272727
vt 0.484375 0.272727
vt 0.500000 0.272727
vt 0.515625 0.272727
vt 0.531250 0.272727
vt 0.546875 0.272727
vt 0.562500 0.272727
vt 0.578125 0.272727
vt 0.593750 0.272727
vt 0.609375 0.272727
vt 0.625000 0.272727
vt 0.640625 0.272727
vt 0.656250 0.272727
vt 0.671875 0.272727
vt 0.687500 0.272727
vt 0.703125 0.272727
vt 0.718750 0.272727
vt 0.734375 0.272727
vt 0.750000 0.272727
vt 0.765625 0.272727
vt 0.781250 0.272727
vt 0.796875 0.272727
vt 0.812500 0.272727
vt 0.828125 0.272727
vt 0.843750 0.272727
vt 0.859375 0.272727
vt 0.875000 0.272727
vt 0.890625 0.272727
vt 0.906250 0.272727
vt 0.921875 0.272727
vt 0.937500 0.272727
vt 0.953125 0.272727
vt 0.968750 0.272727
vt 0.984375 0.272727
vt 1.000000 0.272727
vt 0.000000 0.242424
vt 0.015625 0.242424
vt 0.031250 0.242424
vt 0.046875 0.242424
vt 0.062500 0.242424
vt 0.078125 0.242424
vt 0.093750 0.242424
vt 0.109375 0.242424
vt 0.125000 0.242424
vt 0.140625 0.242424
vt 0.156250 0.242424
vt 0.171875 0.242424
vt 0.187500 0.242424
vt 0.203125 0.242424
vt 0.218750 0.242424
vt 0.234375 0.242424
vt 0.250000 0.242424
vt 0.265625 0.242424
vt 0.281250 0.242424
vt 0.296875 0.242424
vt 0.312500 0.242424
vt 0.328125 0.242424
vt 0.343750 0.242424
vt 0.359375 0.242424
vt 0.375000 0.242424
vt 0.390625 0.242424
vt 0.406250 0.242424
vt 0.421875 0.242424
vt 0.437500 0.242424
vt 0.453125 0.242424
vt 0.468750 0.242424
vt 0.484375 0.242424
vt 0.500000 0.242424
vt 0.515625 0.242424
vt 0.531250 0.242424
vt 0.546875 0.242424
vt 0.562500 0.242424
vt 0.578125 0.242424
vt 0.593750 0.242424
vt 0.609375 0.242424
vt 0.625000 0.242424
vt 0.640625 0.242424
vt 0.656250 0.242424
vt 0.671875 0.242424
vt 0.687500 0.242424
vt 0.703125 0.242424
vt 0.718750 0.242424
vt 0.734375 0.242424
vt 0.750000 0.242424
vt 0.765625 0.242424
vt 0.781250 0.242424
vt 0.796875 0.242424
vt 0.812500 0.242424
vt 0.828125 0.242424
vt 0.843750 0.242424
vt 0.859375 0.242424
vt 0.875000 0.242424
vt 0.890625 0.242424
vt 0.906250 0.242424
vt 0.921875 0.242424
vt 0.937500 0.242424
vt 0.953125 0.242424
vt 0.968750 0.242424
vt 0.984375 0.242424
vt 1.000000 0.242424
vt 0.000000 0.212121
vt 0.015625 0.212121
vt 0.031250 0.212121
vt 0.046875 0.212121
vt 0.062500 0.212121
vt 0.078125 0.212121
vt 0.093750 0.212121
vt 0.109375 0.212121
vt 0.125000 0.212121
vt 0.140625 0.212121
vt 0.156250 0.212121
vt 0.171875 0.212121
vt 0.187500 0.212121
vt 0.203125 0.212121
vt 0.218750 0.212121
vt 0.234375 0.212121
vt 0.250000 0.212121
vt 0.265625 0.212121
vt 0.281250 0.212121
vt 0.296875 0.212121
vt 0.312500 0.212121
vt 0.328125 0.212121
vt 0.343750 0.212121
vt 0.359375 0.212121
vt 0.375000 0.212121
vt 0.390625 0.212121
vt 0.406250 0.212121
vt 0.421875 0.212121
vt 0.437500 0.212121
vt 0.453125 0.212121
vt 0.468750 0.212121
vt 0.484375 0.212121
vt 0.500000 0.212121
vt 0.515625 0.212121
vt 0.531250 0.212121
vt 0.546875 0.212121
vt 0.562500 0.212121
vt 0.578125 0.212121
vt 0.593750 0.212121
vt 0.609375 0.212121
vt 0.625000 0.212121
vt 0.640625 0.212121
vt 0.656250 0.212121
vt 0.671875 0.212121
vt 0.687500 0.212121
vt 0.703125 0.212121
vt 0.718750 0.212121
vt 0.734375 0.212121
vt 0.750000 0.212121
vt 0.765625 0.212121
vt 0.781250 0.212121
vt 0.796875 0.212121
vt 0.812500 0.212121
vt 0.828125 0.212121
vt 0.843750 0.212121
vt 0.859375 0.212121
vt 0.875000 0.212121
vt 0.890625 0.212121
vt 0.906250 0.212121
vt 0.921875 0.212121
vt 0.937500 0.212121
vt 0.953125 0.212121
vt 0.968750 0.212121
vt 0.984375 0.212121
vt 1.000000 0.212121
vt 0.000000 0.181818
vt 0.015625 0.181818
vt 0.031250 0.181818
vt 0.046875 0.181818
vt 0.062500 0.181818
vt 0.078125 0.181818
vt 0.093750 0.181818
vt 0.109375 0.181818
vt 0.125000 0.181818
vt 0.140625 0.181818
vt 0.156250 0.181818
vt 0.171875 0.181818
vt 0.187500 0.181818
vt 0.203125 0.181818
vt 0.218750 0.181818
vt 0.234375 0.181818
vt 0.250000 0.181818
vt 0.265625 0.181818
vt 0.281250 0.181818
vt 0.296875 0.181818
vt 0.312500 0.181818
vt 0.328125 0.181818
vt 0.343750 0.181818
vt 0.359375 0.181818
vt 0.375000 0.181818
vt 0.390625 0.181818
vt 0.406250 0.181818
vt 0.421875 0.181818
vt 0.437500 0.181818
vt 0.453125 0.181818
vt 0.468750 0.181818
vt 0.484375 0.181818
vt 0.500000 0.181818
vt 0.515625 0.181818
vt 0.531250 0.181818
vt 0.546875 0.181818
vt 0.562500 0.181818
vt 0.578125 0.181818
vt 0.593750 0.181818
vt 0.609375 0.181818
vt 0.625000 0.181818
vt 0.640625 0.181818
vt 0.656250 0.181818
vt 0.671875 0.181818
vt 0.687500 0.181818
vt 0.703125 0.181818
vt 0.718750 0.181818
vt 0.734375 0.181818
vt 0.750000 0.181818
vt 0.765625 0.181818
vt 0.781250 0.181818
vt 0.796875 0.181818
vt 0.812500 0.181818
vt 0.828125 0.181818
vt 0.843750 0.181818
vt 0.859375 0.181818
vt 0.875000 0.181818
vt 0.890625 0.181818
vt 0.906250 0.181818
vt 0.921875 0.181818
vt 0.937500 0.181818
vt 0.953125 0.181818
vt 0.968750 0.181818
vt 0.984375 0.181818
vt 1.000000 0.181818
vt 0.000000 0.151515
vt 0.015625 0.151515
vt 0.031250 0.151515
vt 0.046875 0.151515
vt 0.062500 0.151515
vt 0.078125 0.151515
vt 0.093750 0.151515
vt 0.109375 0.151515
vt 0.125000 0.151515
vt 0.140625 0.151515
vt 0.156250 0.151515
vt 0.171875 0.151515
vt 0.187500 0.151515
vt 0.203125 0.151515
vt 0.218750 0.151515
vt 0.234375 0.151515
vt 0.250000 0.151515
vt 0.265625 0.151515
vt 0.281250 0.151515
vt 0.296875 0.151515
vt 0.312500 0.151515
vt 0.328125 0.151515
vt 0.343750 0.151515
vt 0.359375 0.151515
vt 0.375000 0.151515
vt 0.390625 0.151515
vt 0.406250 0.151515
vt 0.421875 0.151515
vt 0.437500 0.151515
vt 0.453125 0.151515
vt 0.468750 0.151515
vt 0.484375 0.151515
vt 0.500000 0.151515
vt 0.515625 0.151515
vt 0.531250 0.151515
vt 0.546875 0.151515
vt 0.562500 0.151515
vt 0.578125 0.151515
vt 0.593750 0.151515
vt 0.609375 0.151515
vt 0.625000 0.151515
vt 0.640625 0.151515
vt 0.656250 0.151515
vt 0.671875 0.151515
vt 0.687500 0.151515
vt 0.703125 0.151515
vt 0.718750 0.151515
vt 0.734375 0.151515
vt 0.750000 0.151515
vt 0.765625 0.151515
vt 0.781250 0.151515
vt 0.796875 0.151515
vt 0.812500 0.151515
vt 0.828125 0.151515
vt 0.843750 0.151515
vt 0.859375 0.151515
vt 0.875000 0.151515
vt 0.890625 0.151515
vt 0.906250 0.151515
vt 0.921875 0.151515
vt 0.937500 0.151515
vt 0.953125 0.151515
vt 0.968750 0.151515
vt 0.984375 0.151515
vt 1.000000 0.151515
vt 0.000000 0.121212
vt 0.015625 0.121212
vt 0.031250 0.121212
vt 0.046875 0.121212
vt 0.062500 0.121212
vt 0.078125 0.121212
vt 0.093750 0.121212
vt 0.109375 0.121212
vt 0.125000 0.121212
vt 0.140625 0.121212
vt 0.156250 0.121212
vt 0.171875 0.121212
vt 0.187500 0.121212
vt 0.203125 0.121212
vt 0.218750 0.121212
vt 0.234375 0.121212
vt 0.250000 0.121212
vt 0.265625 0.121212
vt 0.281250 0.121212
vt 0.296875 0.121212
vt 0.312500 0.121212
vt 0.328125 0.121212
vt 0.343750 0.121212
vt 0.359375 0.121212
vt 0.375000 0.121212
vt 0.390625 0.121212
vt 0.406250 0.121212
vt 0.421875 0.121212
vt 0.437500 0.121212
vt 0.453125 0.121212
vt 0.468750 0.121212
vt 0.484375 0.121212
vt 0.500000 0.121212
vt 0.515625 0.121212
vt 0.531250 0.121212
vt 0.546875 0.121212
vt 0.562500 0.121212
vt 0.578125 0.121212
vt 0.593750 0.121212
vt 0.609375 0.121212
vt 0.625000 0.121212
vt 0.640625 0.121212
vt 0.656250 0.121212
vt 0.671875 0.121212
vt 0.687500 0.121212
vt 0.703125 0.121212
vt 0.718750 0.121212
vt 0.734375 0.121212
vt 0.750000 0.121212
vt 0.765625 0.121212
vt 0.781250 0.121212
vt 0.796875 0.121212
vt 0.812500 0.121212
vt 0.828125 0.121212
vt 0.843750 0.121212
vt 0.859375 0.121212
vt 0.875000 0.121212
vt 0.890625 0.121212
vt 0.906250 0.121212
vt 0.921875 0.121212
vt 0.937500 0.121212
vt 0.953125 0.121212
vt 0.968750 0.121212
vt 0.984375 0.121212
vt 1.000000 0.121212
vt 0.000000 0.090909
vt 0.015625 0.090909
vt 0.031250 0.090909
vt 0.046875 0.090909
vt 0.062500 0.090909
vt 0.078125 0.090909
vt 0.093750 0.090909
vt 0.109375 0.090909
vt 0.125000 0.090909
vt 0.140625 0.090909
vt 0.156250 0.090909
vt 0.171875 0.090909
vt 0.187500 0.090909
vt 0.203125 0.090909
vt 0.218750 0.090909
vt 0.234375 0.090909
vt 0.250000 0.090909
vt 0.265625 0.090909
vt 0.281250 0.090909
vt 0.296875 0.090909
vt 0.312500 0.090909
vt 0.328125 0.090909
vt 0.343750 0.090909
vt 0.359375 0.090909
vt 0.375000 0.090909
vt 0.390625 0.090909
vt 0.406250 0.090909
vt 0.421875 0.090909
vt 0.437500 0.090909
vt 0.453125 0.090909
vt 0.468750 0.090909
vt 0.484375 0.090909
vt 0.500000 0.090909
vt 0.515625 0.090909
vt 0.531250 0.090909
vt 0.546875 0.090909
vt 0.562500 0.090909
vt 0.578125 0.090909
vt 0.593750 0.090909
vt 0.609375 0.090909
vt 0.625000 0.090909
vt 0.640625 0.090909
vt 0.656250 0.090909
vt 0.671875 0.090909
vt 0.687500 0.090909
vt 0.703125 0.090909
vt 0.718750 0.090909
vt 0.734375 0.090909
vt 0.750000 0.090909
vt 0.765625 0.090909
vt 0.781250 0.090909
vt 0.796875 0.090909
vt 0.812500 0.090909
vt 0.828125 0.090909
vt 0.843750 0.090909
vt 0.859375 0.090909
vt 0.875000 0.090909
vt 0.890625 0.090909
vt 0.906250 0.090909
vt 0.921875 0.090909
vt 0.937500 0.090909
vt 0.953125 0.090909
vt 0.968750 0.090909
vt 0.984375 0.090909
vt 1.000000 0.090909
vt 0.000000 0.060606
vt 0.015625 0.060606
vt 0.031250 0.060606
vt 0.046875 0.060606
vt 0.062500 0.060606
vt 0.078125 0.060606
vt 0.093750 0.060606
vt 0.109375 0.060606
vt 0.125000 0.060606
vt 0.140625 0.060606
vt 0.156250 0.060606
vt 0.171875 0.060606
vt 0.187500 0.060606
vt 0.203125 0.060606
vt 0.218750 0.060606
vt 0.234375 0.060606
vt 0.250000 0.060606
vt 0.265625 0.060606
vt 0.281250 0.060606
vt 0.296875 0.060606
vt 0.312500 0.060606
vt 0.328125 0.060606
vt 0.343750 0.060606
vt 0.359375 0.060606
vt 0.375000 0.060606
vt 0.390625 0.060606
vt 0.406250 0.060606
vt 0.421875 0.060606
vt 0.437500 0.060606
vt 0.453125 0.060606
vt 0.468750 0.060606
vt 0.484375 0.060606
vt 0.500000 0.060606
vt 0.515625 0.060606
vt 0.531250 0.060606
vt 0.546875 0.060606
vt 0.562500 0.060606
vt 0.578125 0.060606
vt 0.593750 0.060606
vt 0.609375 0.060606
vt 0.625000 0.060606
vt 0.640625 0.060606
vt 0.656250 0.060606
vt 0.671875 0.060606
vt 0.687500 0.060606
vt 0.703125 0.060606
vt 0.718750 0.060606
vt 0.734375 0.060606
vt 0.750000 0.060606
vt 0.765625 0.060606
vt 0.781250 0.060606
vt 0.796875 0.060606
vt 0.812500 0.060606
vt 0.828125 0.060606
vt 0.843750 0.060606
vt 0.859375 0.060606
vt 0.875000 0.060606
vt 0.890625 0.060606
vt 0.906250 0.060606
vt 0.921875 0.060606
vt 0.937500 0.060606
vt 0.953125 0.060606
vt 0.968750 0.060606
vt 0.984375 0.060606
vt 1.000000 0.060606
vt 0.000000 0.030303
vt 0.015625 0.030303
vt 0.031250 0.030303
vt 0.046875 0.030303
vt 0.062500 0.030303
vt 0.078125 0.030303
vt 0.093750 0.030303
vt 0.109375 0.030303
vt 0.125000 0.030303
vt 0.140625 0.030303
vt 0.156250 0.030303
vt 0.171875 0.030303
vt 0.187500 0.030303
vt 0.203125 0.030303
vt 0.218750 0.030303
vt 0.234375 0.030303
vt 0.250000 0.030303
vt 0.265625 0.030303
vt 0.281250 0.030303
vt 0.296875 0.030303
vt 0.312500 0.030303
vt 0.328125 0.030303
vt 0.343750 0.030303
vt 0.359375 0.030303
vt 0.375000 0.030303
vt 0.390625 0.030303
vt 0.406250 0.030303
vt 0.421875 0.030303
vt 0.437500 0.030303
vt 0.453125 0.030303
vt 0.468750 0.030303
vt 0.484375 0.030303
vt 0.500000 0.030303
vt 0.515625 0.030303
vt 0.531250 0.030303
vt 0.546875 0.030303
vt 0.562500 0.030303
vt 0.578125 0.030303
vt 0.593750 0.030303
vt 0.609375 0.030303
vt 0.625000 0.030303
vt 0.640625 0.030303
vt 0.656250 0.030303
vt 0.671875 0.030303
vt 0.687500 0.030303
vt 0.703125 0.030303
vt 0.718750 0.030303
vt 0.734375 0.030303
vt 0.750000 0.030303
vt 0.765625 0.030303
vt 0.781250 0.030303
vt 0.796875 0.030303
vt 0.812500 0.030303
vt 0.828125 0.030303
vt 0.843750 0.030303
vt 0.859375 0.030303
vt 0.875000 0.030303
vt 0.890625 0.030303
vt 0.906250 0.030303
vt 0.921875 0.030303
vt 0.937500 0.030303
vt 0.953125 0.030303
vt 0.968750 0.030303
vt 0.984375 0.030303
vt 1.000000 0.030303
vt 0.000000 0.000000
vt 0.015625 0.000000
vt 0.031250 0.000000
vt 0.046875 0.000000
vt 0.062500 0.000000
vt 0.078125 0.000000
vt 0.093750 0.000000
vt 0.109375 0.000000
vt 0.125000 0.000000
vt 0.140625 0.000000
vt 0.156250 0.000000
vt 0.171875 0.000000
vt 0.187500 0.000000
vt 0.203125 0.000000
vt 0.218750 0.000000
vt 0.234375 0.000000
vt 0.250000 0.000000
vt 0.265625 0.000000
vt 0.281250 0.000000
vt 0.296875 0.000000
vt 0.312500 0.000000
vt 0.328125 0.000000
vt 0.343750 0.000000
vt 0.359375 0.000000
vt 0.375000 0.000000
vt 0.390625 0.000000
vt 0.406250 0.000000
vt 0.421875 0.000000
vt 0.437500 0.000000
vt 0.453125 0.000000
vt 0.468750 0.000000
vt 0.484375 0.000000
vt 0.500000 0.000000
vt 0.515625 0.000000
vt 0.531250 0.000000
vt 0.546875 0.000000
vt 0.562500 0.000000
vt 0.578125 0.000000
vt 0.593750 0.000000
vt 0.609375 0.000000
vt 0.625000 0.000000
vt 0.640625 0.000000
vt 0.656250 0.000000
vt 0.671875 0.000000
vt 0.687500 0.000000
vt 0.703125 0.000000
vt 0.718750 0.000000
vt 0.734375 0.000000
vt 0.750000 0.000000
vt 0.765625 0.000000
vt 0.781250 0.000000
vt 0.796875 0.000000
vt 0.812500 0.000000
vt 0.828125 0.000000
vt 0.843750 0.000000
vt 0.859375 0.000000
vt 0.875000 0.000000
vt 0.890625 0.000000
vt 0.906250 0.000000
vt 0.921875 0.000000
vt 0.937500 0.000000
vt 0.953125 0.000000
vt 0.968750 0.000000
vt 0.984375 0.000000
vt 1.000000 0.000000
vn 0.000000 1.000000 -0.000015
vn 0.000000 1.000000 -0.000015
vn 0.000000 1.000000 -0.000015
vn 0.000000 1.000000 -0.000015
vn 0.000000 1.000000 -0.000015
vn 0.000000 1.000000 -0.000015
vn 0.000000 1.000000 -0.000015
vn 0.000000 1.000000 -0.000015
vn 0.000000 1.000000 -0.000015
vn 0.000000 1.000000 -0.000015
vn 0.000000 1.000000 -0.000015
vn 0.000000 1.000000 -0.000015
vn 0.000000 1.000000 -0.000015
vn 0.000000 1.000000 -0.000015
vn 0.000000 1.000000 -0.000015
vn 0.000000 1.000000 -0.000015
vn 0.000000 1.000000 -0.000015
vn 0.000000 1.000000 -0.000015
vn 0.000000 1.000000 -0.000015
vn 0.000000 1.000000 -0.000015
vn 0.000000 1.000000 -0.000015
vn 0.000000 1.000000 -0.000015
vn 0.000000 1.000000 -0.000015
vn 0.000000 1.000000 -0.000015
vn 0.000000 1.000000 -0.000015
vn 0.000000 1.000000 -0.000015
vn 0.000000 1.000000 -0.000015
vn 0.000000 1.000000 -0.000015
vn 0.000000 1.000000 -0.000015
vn 0.000000 1.000000 -0.000015
vn 0.000000 1.000000 -0.000015
vn 0.000000 1.000000 -0.000015
vn 0.000000 1.000000 -0.000015
vn 0.000000 1.000000 -0.000015
vn 0.000000 1.000000 -0.000015
vn 0.000000 1.000000 -0.000015
vn 0.000000 1.000000 -0.000015
vn 0.000000 1.000000 -0.000015
vn 0.000000 1.000000 -0.000015
vn 0.000000 1.000000 -0.000015
vn 0.000000 1.000000 -0.000015
vn 0.000000 1.000000 -0.000015
vn 0.000000 1.000000 -0.000015
vn 0.000000 1.000000 -0.000015
vn 0.000000 1.000000 -0.000015
vn 0.000000 1.000000 -0.000015
vn 0.000000 1.000000 -0.000015
vn 0.000000 1.000000 -0.000015
vn 0.000000 1.000000 -0.000015
vn 0.000000 1.000000 -0.000015
vn 0.000000 1.000000 -0.000015
vn 0.000000 1.000000 -0.000015
vn 0.000000 1.000000 -0.000015
vn 0.000000 1.000000 -0.000015
vn 0.000000 1.000000 -0.000015
vn 0.000000 1.000000 -0.000015
vn 0.000000 1.000000 -0.000015
vn 0.000000 1.000000 -0.000015
vn 0.000000 1.000000 -0.000015
vn 0.000000 1.000000 -0.000015
vn 0.000000 1.000000 -0.000015
vn 0.000000 1.000000 -0.000015
vn 0.000000 1.000000 -0.000015
vn 0.000000 1.000000 -0.000015
vn 0.000000 1.000000 -0.000015
vn -0.000017 0.995471 0.095069
vn 0.009311 0.995469 0.094633
vn 0.018534 0.995471 0.093247
vn 0.027590 0.995469 0.090998
vn 0.036374 0.995471 0.087835
vn 0.044786 0.995471 0.083861
vn 0.052793 0.995469 0.079078
vn 0.060292 0.995472 0.073492
vn 0.067190 0.995471 0.067259
vn 0.073457 0.995472 0.060327
vn 0.079009 0.995471 0.052862
vn 0.083827 0.995472 0.044821
vn 0.087801 0.995472 0.036409
vn 0.090964 0.995471 0.027624
vn 0.093213 0.995473 0.018568
vn 0.094600 0.995472 0.009344
vn 0.095036 0.995474 0.000050
vn 0.094612 0.995471 -0.009277
vn 0.093262 0.995470 -0.018500
vn 0.090976 0.995472 -0.027555
vn 0.087851 0.995471 -0.036340
vn 0.083842 0.995472 -0.044786
vn 0.079057 0.995473 -0.052756
vn 0.073508 0.995473 -0.060257
vn 0.067241 0.995472 -0.067189
vn 0.060309 0.995473 -0.073456
vn 0.052842 0.995475 -0.078971
vn 0.044837 0.995474 -0.083791
vn 0.036391 0.995473 -0.087800
vn 0.027606 0.995475 -0.090926
vn 0.018551 0.995473 -0.093212
vn 0.009327 0.995475 -0.094562
vn 0.000000 0.995474 -0.095031
vn -0.009327 0.995472 -0.094598
vn -0.018552 0.995470 -0.093248
vn -0.027607 0.995472 -0.090963
vn -0.036392 0.995470 -0.087837
vn -0.044839 0.995471 -0.083828
vn -0.052844 0.995472 -0.079008
vn -0.060311 0.995470 -0.073493
vn -0.067241 0.995472 -0.067189
vn -0.073510 0.995470 -0.060293
vn -0.079060 0.995471 -0.052792
vn -0.083845 0.995470 -0.044821
vn -0.087854 0.995469 -0.036375
vn -0.090979 0.995471 -0.027590
vn -0.093265 0.995469 -0.018535
vn -0.094615 0.995470 -0.009311
vn -0.095069 0.995471 0.000017
vn -0.094633 0.995469 0.009311
vn -0.093247 0.995471 0.018534
vn -0.090998 0.995469 0.027590
vn -0.087835 0.995471 0.036374
vn -0.083861 0.995471 0.044786
vn -0.079044 0.995470 0.052828
vn -0.073492 0.995472 0.060292
vn -0.067224 0.995471 0.067224
vn -0.060327 0.995472 0.073457
vn -0.052828 0.995470 0.079044
vn -0.044821 0.995472 0.083827
vn -0.036409 0.995472 0.087801
vn -0.027624 0.995471 0.090964
vn -0.018568 0.995473 0.093213
vn -0.009344 0.995472 0.094600
vn -0.000017 0.995471 0.095069
vn -0.000018 0.981931 0.189238
vn 0.018521 0.981920 0.188388
vn 0.036887 0.981916 0.185687
vn 0.054920 0.981920 0.181152
vn 0.072419 0.981925 0.174867
vn 0.089187 0.981924 0.166944
vn 0.105141 0.981928 0.157360
vn 0.120058 0.981927 0.146305
vn 0.133797 0.981925 0.133874
vn 0.146267 0.981928 0.120096
vn 0.157322 0.981930 0.105179
vn 0.166870 0.981930 0.089263
vn 0.174831 0.981929 0.072457
vn 0.181079 0.981930 0.054995
vn 0.185615 0.981927 0.036961
vn 0.188317 0.981932 0.018594
vn 0.189238 0.981931 0.000018
vn 0.188367 0.981924 -0.018521
vn 0.185623 0.981928 -0.036886
vn 0.181124 0.981928 -0.054880
vn 0.174846 0.981929 -0.072418
vn 0.166923 0.981928 -0.089185
vn 0.157376 0.981930 -0.105101
vn 0.146322 0.981930 -0.120017
vn 0.133848 0.981934 -0.133753
vn 0.120075 0.981931 -0.146265
vn 0.105158 0.981933 -0.157320
vn 0.089243 0.981932 -0.166867
vn 0.072437 0.981931 -0.174828
vn 0.054936 0.981935 -0.181070
vn 0.036941 0.981936 -0.185570
vn 0.018576 0.981933 -0.188314
vn 0.000000 0.981932 -0.189235
vn -0.018576 0.981925 -0.188356
vn -0.036942 0.981928 -0.185612
vn -0.054938 0.981927 -0.181112
vn -0.072439 0.981923 -0.174870
vn -0.089245 0.981925 -0.166910
vn -0.105162 0.981926 -0.157363
vn -0.120079 0.981924 -0.146308
vn -0.133852 0.981928 -0.133795
vn -0.146327 0.981924 -0.120059
vn -0.157381 0.981925 -0.105142
vn -0.166928 0.981923 -0.089226
vn -0.174852 0.981925 -0.072458
vn -0.181130 0.981924 -0.054919
vn -0.185630 0.981926 -0.036924
vn -0.188373 0.981922 -0.018558
vn -0.189258 0.981927 -0.000018
vn -0.188353 0.981926 0.018558
vn -0.185651 0.981922 0.036924
vn -0.181115 0.981925 0.054957
vn -0.174867 0.981925 0.072419
vn -0.166907 0.981927 0.089225
vn -0.157360 0.981928 0.105141
vn -0.146305 0.981927 0.120058
vn -0.133836 0.981925 0.133836
vn -0.120096 0.981928 0.146267
vn -0.105179 0.981930 0.157322
vn -0.089225 0.981927 0.166907
vn -0.072457 0.981929 0.174831
vn -0.054957 0.981925 0.181115
vn -0.036924 0.981922 0.185651
vn -0.018558 0.981926 0.188353
vn -0.000018 0.981931 0.189238
vn -0.000019 0.959492 0.281736
vn 0.027599 0.959480 0.280423
vn 0.054932 0.959485 0.276353
vn 0.081752 0.959479 0.269659
vn 0.107793 0.959482 0.260336
vn 0.132801 0.959480 0.248519
vn 0.156489 0.959479 0.234332
vn 0.178713 0.959488 0.217820
vn 0.199191 0.959486 0.199274
vn 0.217779 0.959489 0.178754
vn 0.234251 0.959485 0.156573
vn 0.248440 0.959489 0.132884
vn 0.260258 0.959494 0.107875
vn 0.269583 0.959494 0.081833
vn 0.276316 0.959493 0.054972
vn 0.280351 0.959498 0.027677
vn 0.281736 0.959492 0.000019
vn 0.280390 0.959491 -0.027559
vn 0.276329 0.959492 -0.054931
vn 0.269626 0.959492 -0.081708
vn 0.260303 0.959496 -0.107747
vn 0.248487 0.959495 -0.132754
vn 0.234260 0.959498 -0.156482
vn 0.217796 0.959493 -0.178710
vn 0.199244 0.959503 -0.199140
vn 0.178731 0.959494 -0.217775
vn 0.156545 0.959502 -0.234199
vn 0.132816 0.959502 -0.248427
vn 0.107850 0.959511 -0.260206
vn 0.081809 0.959510 -0.269531
vn 0.054991 0.959504 -0.276274
vn 0.027618 0.959505 -0.280336
vn 0.000000 0.959494 -0.281730
vn -0.027619 0.959491 -0.280382
vn -0.054992 0.959491 -0.276321
vn -0.081812 0.959497 -0.269578
vn -0.107853 0.959498 -0.260254
vn -0.132820 0.959489 -0.248475
vn -0.156550 0.959490 -0.234247
vn -0.178736 0.959482 -0.217823
vn -0.199250 0.959491 -0.199188
vn -0.217803 0.959483 -0.178757
vn -0.234268 0.959488 -0.156529
vn -0.248495 0.959486 -0.132799
vn -0.260312 0.959489 -0.107792
vn -0.269635 0.959486 -0.081751
vn -0.276339 0.959487 -0.054973
vn -0.280400 0.959486 -0.027599
vn -0.281758 0.959485 -0.000019
vn -0.280387 0.959489 0.027638
vn -0.276353 0.959485 0.054932
vn -0.269621 0.959487 0.081792
vn -0.260297 0.959488 0.107834
vn -0.248479 0.959485 0.132843
vn -0.234292 0.959482 0.156531
vn -0.217820 0.959488 0.178713
vn -0.199232 0.959486 0.199232
vn -0.178755 0.959489 0.217779
vn -0.156531 0.959482 0.234292
vn -0.132843 0.959485 0.248479
vn -0.107834 0.959488 0.260297
vn -0.081792 0.959487 0.269621
vn -0.054972 0.959493 0.276316
vn -0.027638 0.959489 0.280387
vn -0.000019 0.959492 0.281736
vn -0.000020 0.928371 0.371654
vn 0.036394 0.928340 0.369947
vn 0.072485 0.928342 0.364591
vn 0.107875 0.928355 0.355697
vn 0.142208 0.928351 0.343425
vn 0.175188 0.928357 0.327814
vn 0.206468 0.928348 0.309097
vn 0.235762 0.928365 0.287322
vn 0.262801 0.928358 0.262846
vn 0.287278 0.928367 0.235807
vn 0.309011 0.928356 0.206559
vn 0.327772 0.928364 0.175233
vn 0.343345 0.928367 0.142296
vn 0.355658 0.928365 0.107919
vn 0.364516 0.928365 0.072570
vn 0.369875 0.928365 0.036476
vn 0.371654 0.928371 0.000020
vn 0.369873 0.928369 -0.036393
vn 0.364515 0.928372 -0.072482
vn 0.355671 0.928365 -0.107874
vn 0.343388 0.928373 -0.142158
vn 0.327787 0.928367 -0.175186
vn 0.309061 0.928372 -0.206415
vn 0.287296 0.928374 -0.235759
vn 0.262812 0.928383 -0.262745
vn 0.235781 0.928375 -0.287274
vn 0.206482 0.928378 -0.308997
vn 0.175208 0.928370 -0.327767
vn 0.142269 0.928393 -0.343287
vn 0.107893 0.928389 -0.355601
vn 0.072546 0.928389 -0.364459
vn 0.036454 0.928388 -0.369820
vn 0.000000 0.928374 -0.371647
vn -0.036455 0.928369 -0.369869
vn -0.072548 0.928369 -0.364510
vn -0.107896 0.928370 -0.355652
vn -0.142272 0.928373 -0.343339
vn -0.175213 0.928351 -0.327819
vn -0.206488 0.928359 -0.309049
vn -0.235788 0.928357 -0.287326
vn -0.262820 0.928366 -0.262798
vn -0.287305 0.928358 -0.235811
vn -0.309070 0.928357 -0.206466
vn -0.327798 0.928354 -0.175235
vn -0.343400 0.928361 -0.142206
vn -0.355684 0.928355 -0.107920
vn -0.364528 0.928364 -0.072526
vn -0.369887 0.928362 -0.036435
vn -0.371678 0.928362 -0.000020
vn -0.369911 0.928352 0.036435
vn -0.364553 0.928354 0.072527
vn -0.355697 0.928355 0.107875
vn -0.343385 0.928359 0.142252
vn -0.327814 0.928357 0.175188
vn -0.309054 0.928352 0.206514
vn -0.287322 0.928365 0.235762
vn -0.262846 0.928358 0.262801
vn -0.235807 0.928367 0.287278
vn -0.206514 0.928352 0.309054
vn -0.175233 0.928364 0.327772
vn -0.142252 0.928359 0.343385
vn -0.107919 0.928365 0.355658
vn -0.072527 0.928354 0.364553
vn -0.036435 0.928352 0.369911
vn -0.000020 0.928371 0.371654
vn -0.000021 0.888829 0.458238
vn 0.044894 0.888824 0.456044
vn 0.089382 0.888830 0.449436
vn 0.133011 0.888825 0.438518
vn 0.175347 0.888812 0.423399
vn 0.216004 0.888813 0.404170
vn 0.254546 0.888828 0.381039
vn 0.290701 0.888813 0.354266
vn 0.323979 0.888827 0.324073
vn 0.354220 0.888816 0.290748
vn 0.380995 0.888833 0.254594
vn 0.404127 0.888821 0.216052
vn 0.423317 0.888832 0.175442
vn 0.438480 0.888837 0.133057
vn 0.449400 0.888844 0.089427
vn 0.456009 0.888840 0.044937
vn 0.458206 0.888846 0.000062
vn 0.456018 0.888837 -0.044894
vn 0.449446 0.888829 -0.089336
vn 0.438530 0.888826 -0.132963
vn 0.423358 0.888842 -0.175295
vn 0.404129 0.888845 -0.215949
vn 0.381012 0.888841 -0.254543
vn 0.354228 0.888847 -0.290642
vn 0.324046 0.888839 -0.323975
vn 0.290714 0.888851 -0.354160
vn 0.254615 0.888849 -0.380945
vn 0.216020 0.888857 -0.404066
vn 0.175365 0.888857 -0.423297
vn 0.133033 0.888844 -0.438472
vn 0.089403 0.888850 -0.449392
vn 0.044915 0.888845 -0.456001
vn 0.000000 0.888859 -0.458181
vn -0.044916 0.888819 -0.456052
vn -0.089405 0.888823 -0.449444
vn -0.133035 0.888818 -0.438526
vn -0.175369 0.888830 -0.423351
vn -0.216025 0.888830 -0.404121
vn -0.254621 0.888823 -0.381001
vn -0.290721 0.888827 -0.354215
vn -0.324054 0.888815 -0.324031
vn -0.354238 0.888825 -0.290697
vn -0.381023 0.888821 -0.254597
vn -0.404142 0.888827 -0.216001
vn -0.423371 0.888826 -0.175346
vn -0.438545 0.888812 -0.133012
vn -0.449462 0.888816 -0.089383
vn -0.456035 0.888827 -0.044938
vn -0.458238 0.888829 0.000021
vn -0.456044 0.888824 0.044894
vn -0.449436 0.888830 0.089382
vn -0.438518 0.888825 0.133011
vn -0.423358 0.888822 0.175395
vn -0.404169 0.888813 0.216004
vn -0.381039 0.888828 0.254546
vn -0.354266 0.888813 0.290701
vn -0.324026 0.888827 0.324026
vn -0.290749 0.888816 0.354220
vn -0.254594 0.888833 0.380995
vn -0.216052 0.888821 0.404127
vn -0.175395 0.888822 0.423358
vn -0.133057 0.888837 0.438480
vn -0.089427 0.888844 0.449400
vn -0.044937 0.888840 0.456009
vn -0.000021 0.888829 0.458238
vn -0.000021 0.841253 0.540641
vn 0.052955 0.841221 0.538092
vn 0.105451 0.841242 0.530275
vn 0.156907 0.841242 0.517390
vn 0.206845 0.841240 0.499530
vn 0.254821 0.841220 0.476881
vn 0.300359 0.841253 0.449531
vn 0.342978 0.841223 0.417984
vn 0.382283 0.841238 0.382332
vn 0.417889 0.841229 0.343078
vn 0.449486 0.841259 0.300410
vn 0.476795 0.841238 0.254923
vn 0.499449 0.841264 0.206945
vn 0.517353 0.841256 0.156956
vn 0.530240 0.841258 0.105498
vn 0.538027 0.841257 0.053044
vn 0.540641 0.841253 0.000021
vn 0.538048 0.841252 -0.052909
vn 0.530249 0.841259 -0.105450
vn 0.517363 0.841258 -0.156906
vn 0.499502 0.841257 -0.206843
vn 0.476796 0.841270 -0.254815
vn 0.449548 0.841263 -0.300305
vn 0.417944 0.841267 -0.342917
vn 0.382295 0.841283 -0.382221
vn 0.342992 0.841272 -0.417874
vn 0.300381 0.841272 -0.449480
vn 0.254891 0.841283 -0.476732
vn 0.206918 0.841275 -0.499442
vn 0.156980 0.841280 -0.517307
vn 0.105474 0.841267 -0.530232
vn 0.053021 0.841297 -0.537967
vn 0.000000 0.841259 -0.540632
vn -0.053022 0.841264 -0.538018
vn -0.105475 0.841233 -0.530284
vn -0.156982 0.841246 -0.517361
vn -0.206921 0.841241 -0.499497
vn -0.254895 0.841250 -0.476788
vn -0.300387 0.841240 -0.449537
vn -0.342999 0.841240 -0.417931
vn -0.382303 0.841253 -0.382279
vn -0.417955 0.841239 -0.342974
vn -0.449559 0.841237 -0.300362
vn -0.476810 0.841245 -0.254870
vn -0.499517 0.841235 -0.206896
vn -0.517380 0.841239 -0.156958
vn -0.530267 0.841242 -0.105499
vn -0.538067 0.841237 -0.052954
vn -0.540666 0.841237 -0.000021
vn -0.538060 0.841239 0.053000
vn -0.530275 0.841242 0.105451
vn -0.517390 0.841242 0.156908
vn -0.499490 0.841252 0.206895
vn -0.476838 0.841229 0.254872
vn -0.449531 0.841253 0.300359
vn -0.417936 0.841226 0.343028
vn -0.382332 0.841238 0.382283
vn -0.343028 0.841226 0.417936
vn -0.300410 0.841259 0.449486
vn -0.254872 0.841229 0.476838
vn -0.206895 0.841252 0.499490
vn -0.156956 0.841256 0.517352
vn -0.105498 0.841258 0.530240
vn -0.052999 0.841239 0.538060
vn -0.000021 0.841253 0.540641
vn -0.000021 0.786057 0.618154
vn 0.060560 0.786031 0.615214
vn 0.120576 0.786043 0.606298
vn 0.179402 0.786008 0.591614
vn 0.236546 0.786046 0.571119
vn 0.291396 0.786044 0.545182
vn 0.343390 0.786013 0.514069
vn 0.392114 0.786021 0.477930
vn 0.437089 0.786042 0.437140
vn 0.477833 0.786028 0.392218
vn 0.513978 0.786026 0.343496
vn 0.545139 0.786054 0.291449
vn 0.571080 0.786059 0.236598
vn 0.591542 0.786038 0.179503
vn 0.606266 0.786061 0.120625
vn 0.615184 0.786050 0.060606
vn 0.618154 0.786057 0.000021
vn 0.615189 0.786050 -0.060560
vn 0.606305 0.786045 -0.120527
vn 0.591535 0.786068 -0.179399
vn 0.571132 0.786054 -0.236492
vn 0.545197 0.786054 -0.291341
vn 0.513984 0.786072 -0.343383
vn 0.477843 0.786079 -0.392104
vn 0.437111 0.786060 -0.437085
vn 0.392183 0.786084 -0.477771
vn 0.343463 0.786082 -0.513915
vn 0.291421 0.786069 -0.545133
vn 0.236571 0.786073 -0.571073
vn 0.179476 0.786091 -0.591481
vn 0.120600 0.786072 -0.606256
vn 0.060629 0.786079 -0.615145
vn 0.000000 0.786066 -0.618143
vn -0.060629 0.786041 -0.615194
vn -0.120601 0.786032 -0.606308
vn -0.179477 0.786051 -0.591534
vn -0.236573 0.786032 -0.571127
vn -0.291424 0.786029 -0.545189
vn -0.343467 0.786043 -0.513972
vn -0.392189 0.786046 -0.477829
vn -0.437119 0.786023 -0.437144
vn -0.477853 0.786044 -0.392163
vn -0.513995 0.786039 -0.343441
vn -0.545210 0.786024 -0.291398
vn -0.571147 0.786026 -0.236547
vn -0.591552 0.786043 -0.179452
vn -0.606324 0.786023 -0.120577
vn -0.615209 0.786031 -0.060606
vn -0.618177 0.786039 -0.000022
vn -0.615214 0.786031 0.060560
vn -0.606298 0.786043 0.120576
vn -0.591578 0.786023 0.179453
vn -0.571119 0.786046 0.236546
vn -0.545182 0.786044 0.291396
vn -0.514024 0.786019 0.343443
vn -0.477882 0.786025 0.392166
vn -0.437140 0.786042 0.437089
vn -0.392166 0.786025 0.477882
vn -0.343443 0.786019 0.514024
vn -0.291449 0.786054 0.545139
vn -0.236598 0.786059 0.571080
vn -0.179453 0.786023 0.591578
vn -0.120625 0.786061 0.606266
vn -0.060606 0.786050 0.615184
vn -0.000021 0.786057 0.618154
vn -0.000022 0.723734 0.690079
vn 0.067595 0.723698 0.686799
vn 0.134625 0.723726 0.676829
vn 0.200302 0.723723 0.660381
vn 0.264060 0.723727 0.637567
vn 0.325249 0.723722 0.608637
vn 0.383376 0.723688 0.573846
vn 0.437735 0.723731 0.533481
vn 0.487918 0.723720 0.488021
vn 0.533432 0.723734 0.437789
vn 0.573754 0.723702 0.383486
vn 0.608595 0.723733 0.325304
vn 0.637529 0.723740 0.264114
vn 0.660347 0.723740 0.200355
vn 0.676799 0.723744 0.134676
vn 0.686747 0.723738 0.067689
vn 0.690079 0.723734 0.000022
vn 0.686776 0.723720 -0.067595
vn 0.676834 0.723730 -0.134575
vn 0.660390 0.723731 -0.200249
vn 0.637579 0.723737 -0.264004
vn 0.608610 0.723746 -0.325248
vn 0.573808 0.723749 -0.383317
vn 0.533452 0.723753 -0.437733
vn 0.487993 0.723742 -0.487915
vn 0.437814 0.723758 -0.533379
vn 0.383399 0.723760 -0.573740
vn 0.325331 0.723761 -0.608547
vn 0.264086 0.723757 -0.637522
vn 0.200328 0.723755 -0.660339
vn 0.134650 0.723758 -0.676789
vn 0.067665 0.723750 -0.686737
vn 0.000000 0.723744 -0.690068
vn -0.067666 0.723706 -0.686783
vn -0.134651 0.723713 -0.676838
vn -0.200329 0.723709 -0.660389
vn -0.264087 0.723710 -0.637574
vn -0.325333 0.723715 -0.608601
vn -0.383402 0.723714 -0.573795
vn -0.437818 0.723714 -0.533436
vn -0.487999 0.723699 -0.487973
vn -0.533460 0.723712 -0.437791
vn -0.573818 0.723710 -0.383375
vn -0.608622 0.723710 -0.325305
vn -0.637593 0.723704 -0.264060
vn -0.660406 0.723700 -0.200303
vn -0.676853 0.723703 -0.134626
vn -0.686796 0.723696 -0.067642
vn -0.690101 0.723713 -0.000022
vn -0.686773 0.723718 0.067642
vn -0.676829 0.723726 0.134626
vn -0.660381 0.723724 0.200302
vn -0.637567 0.723727 0.264060
vn -0.608637 0.723722 0.325249
vn -0.573800 0.723695 0.383431
vn -0.533481 0.723731 0.437735
vn -0.487970 0.723720 0.487970
vn -0.437789 0.723734 0.533432
vn -0.383431 0.723695 0.573800
vn -0.325304 0.723733 0.608595
vn -0.264114 0.723740 0.637529
vn -0.200355 0.723740 0.660348
vn -0.134676 0.723744 0.676799
vn -0.067642 0.723718 0.686773
vn -0.000022 0.723734 0.690079
vn -0.000022 0.654850 0.755759
vn 0.074057 0.654805 0.752161
vn 0.147414 0.654826 0.741264
vn 0.219352 0.654839 0.723236
vn 0.289159 0.654825 0.698277
vn 0.356205 0.654838 0.666562
vn 0.419831 0.654812 0.628461
vn 0.479429 0.654859 0.584215
vn 0.534365 0.654825 0.534470
vn 0.584166 0.654863 0.479484
vn 0.628370 0.654826 0.419944
vn 0.666481 0.654859 0.356318
vn 0.698206 0.654852 0.289272
vn 0.723205 0.654855 0.219406
vn 0.741237 0.654845 0.147466
vn 0.752117 0.654845 0.074152
vn 0.755759 0.654850 0.000022
vn 0.752120 0.654857 -0.074010
vn 0.741224 0.654883 -0.147364
vn 0.723213 0.654865 -0.219353
vn 0.698253 0.654850 -0.289160
vn 0.666537 0.654864 -0.356205
vn 0.628381 0.654889 -0.419831
vn 0.584237 0.654880 -0.479373
vn 0.534439 0.654898 -0.534307
vn 0.479456 0.654886 -0.584163
vn 0.419915 0.654899 -0.628314
vn 0.356290 0.654880 -0.666476
vn 0.289244 0.654871 -0.698200
vn 0.219434 0.654889 -0.723166
vn 0.147441 0.654910 -0.741184
vn 0.074081 0.654887 -0.752087
vn 0.000000 0.654862 -0.755748
vn -0.074081 0.654839 -0.752129
vn -0.147440 0.654860 -0.741228
vn -0.219433 0.654838 -0.723213
vn -0.289243 0.654819 -0.698248
vn -0.356290 0.654828 -0.666527
vn -0.419916 0.654848 -0.628366
vn -0.479458 0.654836 -0.584218
vn -0.534442 0.654849 -0.534363
vn -0.584243 0.654834 -0.479430
vn -0.628389 0.654845 -0.419888
vn -0.666547 0.654823 -0.356261
vn -0.698266 0.654812 -0.289215
vn -0.723228 0.654830 -0.219406
vn -0.741241 0.654851 -0.147415
vn -0.752140 0.654829 -0.074057
vn -0.755779 0.654827 -0.000021
vn -0.752139 0.654825 0.074104
vn -0.741237 0.654845 0.147466
vn -0.723236 0.654839 0.219352
vn -0.698242 0.654838 0.289215
vn -0.666522 0.654849 0.356261
vn -0.628415 0.654819 0.419888
vn -0.584215 0.654859 0.479429
vn -0.534417 0.654825 0.534417
vn -0.479484 0.654863 0.584166
vn -0.419888 0.654819 0.628415
vn -0.356261 0.654849 0.666522
vn -0.289215 0.654838 0.698242
vn -0.219406 0.654855 0.723205
vn -0.147465 0.654845 0.741237
vn -0.074104 0.654825 0.752139
vn -0.000022 0.654850 0.755759
vn -0.000021 0.580058 0.814575
vn 0.079814 0.580016 0.810686
vn 0.158890 0.580017 0.798958
vn 0.236447 0.580025 0.779528
vn 0.311704 0.580027 0.752602
vn 0.383978 0.580011 0.718435
vn 0.452499 0.580033 0.677353
vn 0.516748 0.580028 0.629714
vn 0.575973 0.580043 0.576026
vn 0.629665 0.580031 0.516804
vn 0.677264 0.580046 0.452614
vn 0.718396 0.580020 0.384036
vn 0.752568 0.580039 0.311761
vn 0.779500 0.580040 0.236502
vn 0.798912 0.580052 0.158994
vn 0.810649 0.580054 0.079909
vn 0.814575 0.580058 0.000021
vn 0.810649 0.580073 -0.079768
vn 0.798923 0.580079 -0.158841
vn 0.779494 0.580091 -0.236395
vn 0.752580 0.580054 -0.311706
vn 0.718404 0.580084 -0.383924
vn 0.677328 0.580060 -0.452500
vn 0.629686 0.580106 -0.516694
vn 0.575999 0.580069 -0.575973
vn 0.516778 0.580111 -0.629613
vn 0.452586 0.580070 -0.677262
vn 0.384011 0.580099 -0.718346
vn 0.311734 0.580061 -0.752563
vn 0.236478 0.580114 -0.779452
vn 0.158919 0.580105 -0.798888
vn 0.079887 0.580121 -0.810603
vn 0.000000 0.580072 -0.814565
vn -0.079886 0.580070 -0.810640
vn -0.158917 0.580052 -0.798927
vn -0.236476 0.580060 -0.779493
vn -0.311731 0.580005 -0.752607
vn -0.384008 0.580043 -0.718392
vn -0.452584 0.580015 -0.677311
vn -0.516777 0.580057 -0.629664
vn -0.575999 0.580017 -0.576026
vn -0.629688 0.580055 -0.516749
vn -0.677333 0.580012 -0.452555
vn -0.718412 0.580038 -0.383979
vn -0.752590 0.580012 -0.311760
vn -0.779507 0.580052 -0.236448
vn -0.798939 0.580044 -0.158891
vn -0.810667 0.580042 -0.079815
vn -0.814592 0.580034 -0.000021
vn -0.810667 0.580035 0.079862
vn -0.798935 0.580035 0.158942
vn -0.779528 0.580025 0.236447
vn -0.752602 0.580027 0.311704
vn -0.718435 0.580011 0.383978
vn -0.677308 0.580039 0.452557
vn -0.629714 0.580028 0.516748
vn -0.576026 0.580043 0.575973
vn -0.516804 0.580031 0.629665
vn -0.452557 0.580039 0.677308
vn -0.384036 0.580020 0.718396
vn -0.311761 0.580039 0.752568
vn -0.236502 0.580040 0.779500
vn -0.158942 0.580035 0.798935
vn -0.079862 0.580035 0.810667
vn -0.000021 0.580058 0.814575
vn -0.000021 0.499997 0.866027
vn 0.084881 0.499994 0.861859
vn 0.168916 0.499984 0.849401
vn 0.251354 0.499984 0.828757
vn 0.331374 0.499962 0.800143
vn 0.408234 0.499979 0.763784
vn 0.481089 0.499987 0.720115
vn 0.549395 0.499981 0.669466
vn 0.612336 0.499959 0.612442
vn 0.669417 0.499984 0.549451
vn 0.720072 0.499993 0.481147
vn 0.763747 0.499988 0.408293
vn 0.800081 0.499985 0.331489
vn 0.828732 0.499997 0.251409
vn 0.849382 0.500000 0.168968
vn 0.861845 0.500011 0.084928
vn 0.866027 0.499997 0.000021
vn 0.861859 0.500003 -0.084835
vn 0.849385 0.500012 -0.168918
vn 0.828739 0.500012 -0.251356
vn 0.800118 0.500036 -0.331324
vn 0.763801 0.499999 -0.408179
vn 0.720093 0.500016 -0.481092
vn 0.669491 0.500007 -0.549341
vn 0.612421 0.500043 -0.612289
vn 0.549425 0.500011 -0.669418
vn 0.481179 0.500025 -0.720029
vn 0.408266 0.500012 -0.763745
vn 0.331468 0.500065 -0.800040
vn 0.251439 0.500032 -0.828701
vn 0.168995 0.500035 -0.849356
vn 0.084906 0.500028 -0.861837
vn 0.000000 0.500013 -0.866018
vn -0.084904 0.499976 -0.861867
vn -0.168993 0.499981 -0.849388
vn -0.251435 0.499976 -0.828737
vn -0.331463 0.500008 -0.800078
vn -0.408261 0.499955 -0.763786
vn -0.481173 0.499968 -0.720073
vn -0.549420 0.499954 -0.669465
vn -0.612417 0.499987 -0.612338
vn -0.669489 0.499953 -0.549392
vn -0.720094 0.499964 -0.481144
vn -0.763804 0.499950 -0.408232
vn -0.800124 0.499990 -0.331377
vn -0.828749 0.499969 -0.251407
vn -0.849398 0.499973 -0.168967
vn -0.861875 0.499968 -0.084881
vn -0.866041 0.499973 -0.000021
vn -0.861859 0.499994 0.084881
vn -0.849401 0.499984 0.168917
vn -0.828757 0.499983 0.251354
vn -0.800112 0.499974 0.331432
vn -0.763784 0.499979 0.408234
vn -0.720115 0.499987 0.481089
vn -0.669466 0.499981 0.549395
vn -0.612389 0.499959 0.612389
vn -0.549451 0.499984 0.669417
vn -0.481147 0.499993 0.720072
vn -0.408293 0.499988 0.763747
vn -0.331432 0.499974 0.800112
vn -0.251409 0.499997 0.828732
vn -0.168968 0.500000 0.849382
vn -0.084928 0.500011 0.861845
vn -0.000021 0.499997 0.866027
vn -0.000020 0.415402 0.909638
vn 0.089123 0.415369 0.905276
vn 0.177447 0.415373 0.892176
vn 0.263998 0.415354 0.870509
vn 0.348091 0.415394 0.840405
vn 0.428770 0.415404 0.802244
vn 0.505337 0.415360 0.756380
vn 0.577060 0.415401 0.703167
vn 0.643155 0.415414 0.643259
vn 0.703120 0.415404 0.577115
vn 0.756297 0.415371 0.505452
vn 0.802209 0.415412 0.428828
vn 0.840377 0.415404 0.348148
vn 0.870465 0.415377 0.264108
vn 0.892160 0.415386 0.177498
vn 0.905254 0.415398 0.089215
vn 0.909638 0.415402 0.000020
vn 0.905252 0.415432 -0.089080
vn 0.892153 0.415441 -0.177402
vn 0.870466 0.415438 -0.264006
vn 0.840418 0.415412 -0.348037
vn 0.802227 0.415433 -0.428774
vn 0.756365 0.415443 -0.505292
vn 0.703194 0.415427 -0.577008
vn 0.643237 0.415442 -0.643159
vn 0.577092 0.415431 -0.703123
vn 0.505379 0.415451 -0.756302
vn 0.428803 0.415437 -0.802209
vn 0.348123 0.415427 -0.840375
vn 0.264089 0.415456 -0.870433
vn 0.177478 0.415461 -0.892129
vn 0.089195 0.415469 -0.905224
vn 0.000000 0.415419 -0.909630
vn -0.089193 0.415417 -0.905248
vn -0.177475 0.415407 -0.892155
vn -0.264083 0.415400 -0.870462
vn -0.348116 0.415370 -0.840407
vn -0.428795 0.415379 -0.802244
vn -0.505370 0.415392 -0.756340
vn -0.577083 0.415373 -0.703164
vn -0.643229 0.415385 -0.643204
vn -0.703188 0.415372 -0.577055
vn -0.756361 0.415390 -0.505341
vn -0.802226 0.415383 -0.428824
vn -0.840421 0.415365 -0.348087
vn -0.870473 0.415394 -0.264056
vn -0.892163 0.415400 -0.177449
vn -0.905264 0.415395 -0.089124
vn -0.909649 0.415377 -0.000020
vn -0.905265 0.415384 0.089169
vn -0.892176 0.415373 0.177447
vn -0.870487 0.415366 0.264053
vn -0.840405 0.415394 0.348091
vn -0.802244 0.415404 0.428770
vn -0.756339 0.415366 0.505394
vn -0.703167 0.415401 0.577059
vn -0.643207 0.415414 0.643207
vn -0.577115 0.415404 0.703120
vn -0.505394 0.415366 0.756339
vn -0.428828 0.415412 0.802209
vn -0.348148 0.415404 0.840377
vn -0.264053 0.415366 0.870487
vn -0.177498 0.415386 0.892159
vn -0.089169 0.415384 0.905265
vn -0.000020 0.415402 0.909638
vn -0.000019 0.327050 0.945007
vn 0.092580 0.327009 0.940475
vn 0.184321 0.327011 0.926871
vn 0.274299 0.327050 0.904322
vn 0.361574 0.327020 0.873111
vn 0.445416 0.327011 0.833467
vn 0.524995 0.327063 0.785755
vn 0.599485 0.327063 0.730512
vn 0.668166 0.327065 0.668268
vn 0.730466 0.327065 0.599539
vn 0.785715 0.327067 0.525051
vn 0.833401 0.327023 0.445531
vn 0.873058 0.327036 0.361687
vn 0.904302 0.327060 0.274353
vn 0.926844 0.327032 0.184421
vn 0.940459 0.327032 0.092670
vn 0.945003 0.327062 0.000058
vn 0.940449 0.327084 -0.092584
vn 0.926842 0.327090 -0.184328
vn 0.904311 0.327078 -0.274303
vn 0.873073 0.327105 -0.361588
vn 0.833425 0.327097 -0.445433
vn 0.785779 0.327087 -0.524944
vn 0.730540 0.327089 -0.599436
vn 0.668248 0.327093 -0.668172
vn 0.599518 0.327093 -0.730472
vn 0.525029 0.327094 -0.785719
vn 0.445519 0.327106 -0.833375
vn 0.361673 0.327117 -0.873034
vn 0.274330 0.327082 -0.904301
vn 0.184403 0.327106 -0.926821
vn 0.092651 0.327101 -0.940436
vn 0.000000 0.327114 -0.944985
vn -0.092649 0.327051 -0.940454
vn -0.184398 0.327053 -0.926841
vn -0.274323 0.327028 -0.904323
vn -0.361663 0.327060 -0.873058
vn -0.445508 0.327049 -0.833404
vn -0.525017 0.327036 -0.785751
vn -0.599506 0.327035 -0.730507
vn -0.668237 0.327036 -0.668212
vn -0.730530 0.327034 -0.599479
vn -0.785771 0.327034 -0.524989
vn -0.833420 0.327046 -0.445479
vn -0.873072 0.327056 -0.361635
vn -0.904313 0.327032 -0.274350
vn -0.926848 0.327048 -0.184373
vn -0.940458 0.327046 -0.092626
vn -0.945007 0.327050 0.000019
vn -0.940467 0.327021 0.092625
vn -0.926857 0.327022 0.184371
vn -0.904322 0.327050 0.274299
vn -0.873084 0.327028 0.361630
vn -0.833434 0.327017 0.445474
vn -0.785755 0.327063 0.524994
vn -0.730512 0.327063 0.599485
vn -0.668217 0.327065 0.668217
vn -0.599539 0.327065 0.730466
vn -0.525051 0.327067 0.785715
vn -0.445474 0.327017 0.833434
vn -0.361630 0.327028 0.873084
vn -0.274353 0.327060 0.904302
vn -0.184371 0.327022 0.926857
vn -0.092625 0.327021 0.940467
vn -0.000019 0.327050 0.945007
vn -0.000018 0.235727 0.971819
vn 0.095215 0.235730 0.967143
vn 0.189578 0.235726 0.953149
vn 0.282095 0.235746 0.929971
vn 0.371835 0.235708 0.897876
vn 0.458087 0.235729 0.857081
vn 0.539876 0.235732 0.808062
vn 0.616456 0.235743 0.751271
vn 0.687154 0.235734 0.687203
vn 0.751183 0.235746 0.616561
vn 0.808024 0.235735 0.539931
vn 0.857050 0.235733 0.458143
vn 0.897827 0.235719 0.371945
vn 0.929954 0.235753 0.282148
vn 0.953138 0.235734 0.189626
vn 0.967131 0.235746 0.095301
vn 0.971817 0.235736 0.000055
vn 0.967137 0.235753 -0.095216
vn 0.953141 0.235793 -0.189538
vn 0.929981 0.235765 -0.282047
vn 0.897848 0.235787 -0.371852
vn 0.857079 0.235806 -0.458051
vn 0.808049 0.235760 -0.539884
vn 0.751256 0.235771 -0.616463
vn 0.687187 0.235761 -0.687162
vn 0.616543 0.235773 -0.751190
vn 0.539911 0.235761 -0.808030
vn 0.458135 0.235812 -0.857033
vn 0.371934 0.235796 -0.897811
vn 0.282126 0.235775 -0.929954
vn 0.189611 0.235804 -0.953123
vn 0.095281 0.235765 -0.967128
vn 0.000000 0.235788 -0.971804
vn -0.095278 0.235719 -0.967140
vn -0.189605 0.235755 -0.953137
vn -0.282117 0.235724 -0.929970
vn -0.371923 0.235743 -0.897830
vn -0.458121 0.235758 -0.857055
vn -0.539896 0.235706 -0.808056
vn -0.616527 0.235718 -0.751220
vn -0.687171 0.235707 -0.687196
vn -0.751242 0.235717 -0.616501
vn -0.808037 0.235708 -0.539924
vn -0.857070 0.235756 -0.458093
vn -0.897842 0.235740 -0.371896
vn -0.929979 0.235720 -0.282091
vn -0.953143 0.235751 -0.189581
vn -0.967143 0.235714 -0.095256
vn -0.971819 0.235727 0.000018
vn -0.967137 0.235738 0.095258
vn -0.953149 0.235726 0.189578
vn -0.929971 0.235746 0.282095
vn -0.897851 0.235713 0.371890
vn -0.857081 0.235729 0.458087
vn -0.808062 0.235732 0.539876
vn -0.751227 0.235745 0.616508
vn -0.687203 0.235734 0.687154
vn -0.616508 0.235745 0.751227
vn -0.539931 0.235735 0.808024
vn -0.458143 0.235733 0.857050
vn -0.371890 0.235713 0.897851
vn -0.282148 0.235753 0.929954
vn -0.189626 0.235734 0.953138
vn -0.095258 0.235738 0.967137
vn -0.000018 0.235727 0.971819
vn -0.000017 0.142297 0.989824
vn 0.096980 0.142303 0.985061
vn 0.193070 0.142287 0.970813
vn 0.287293 0.142291 0.947215
vn 0.378753 0.142271 0.914497
vn 0.466585 0.142293 0.872956
vn 0.549881 0.142308 0.823030
vn 0.627895 0.142278 0.765183
vn 0.699888 0.142293 0.699935
vn 0.765099 0.142280 0.627996
vn 0.822994 0.142310 0.549935
vn 0.872926 0.142296 0.466639
vn 0.914453 0.142277 0.378859
vn 0.947183 0.142299 0.287393
vn 0.970794 0.142295 0.193162
vn 0.985052 0.142312 0.097061
vn 0.989823 0.142302 0.000052
vn 0.985058 0.142324 -0.096981
vn 0.970811 0.142349 -0.193034
vn 0.947210 0.142315 -0.287298
vn 0.914500 0.142340 -0.378720
vn 0.872947 0.142318 -0.466593
vn 0.823020 0.142334 -0.549890
vn 0.765188 0.142354 -0.627871
vn 0.699921 0.142319 -0.699897
vn 0.627999 0.142356 -0.765083
vn 0.549970 0.142336 -0.822966
vn 0.466619 0.142319 -0.872933
vn 0.378799 0.142345 -0.914467
vn 0.287373 0.142321 -0.947186
vn 0.193149 0.142360 -0.970787
vn 0.097042 0.142331 -0.985051
vn 0.000000 0.142352 -0.989816
vn -0.097039 0.142289 -0.985057
vn -0.193142 0.142315 -0.970795
vn -0.287363 0.142274 -0.947196
vn -0.378786 0.142297 -0.914479
vn -0.466604 0.142269 -0.872949
vn -0.549952 0.142286 -0.822987
vn -0.627980 0.142305 -0.765108
vn -0.699902 0.142268 -0.699926
vn -0.765171 0.142304 -0.627904
vn -0.823005 0.142285 -0.549926
vn -0.872935 0.142271 -0.466631
vn -0.914491 0.142295 -0.378760
vn -0.947204 0.142272 -0.287338
vn -0.970809 0.142309 -0.193074
vn -0.985059 0.142287 -0.097019
vn -0.989824 0.142297 0.000017
vn -0.985056 0.142308 0.097020
vn -0.970803 0.142291 0.193116
vn -0.947199 0.142295 0.287343
vn -0.914475 0.142274 0.378806
vn -0.872956 0.142293 0.466585
vn -0.823030 0.142308 0.549881
vn -0.765141 0.142279 0.627946
vn -0.699935 0.142293 0.699888
vn -0.627946 0.142279 0.765141
vn -0.549935 0.142310 0.822994
vn -0.466639 0.142296 0.872926
vn -0.378806 0.142274 0.914475
vn -0.287343 0.142295 0.947199
vn -0.193116 0.142291 0.970803
vn -0.097020 0.142308 0.985056
vn -0.000017 0.142297 0.989824
vn -0.000016 0.047568 0.998868
vn 0.097874 0.047555 0.994062
vn 0.194854 0.047571 0.979678
vn 0.289928 0.047542 0.955867
vn 0.382234 0.047576 0.922840
vn 0.470841 0.047552 0.880935
vn 0.554905 0.047559 0.830553
vn 0.633668 0.047570 0.772142
vn 0.706284 0.047570 0.706329
vn 0.772102 0.047570 0.633716
vn 0.830486 0.047561 0.555006
vn 0.880908 0.047553 0.470892
vn 0.922819 0.047577 0.382284
vn 0.955838 0.047544 0.290022
vn 0.979669 0.047573 0.194897
vn 0.994054 0.047558 0.097950
vn 0.998868 0.047568 0.000016
vn 0.994063 0.047608 -0.097841
vn 0.979676 0.047591 -0.194857
vn 0.955874 0.047602 -0.289896
vn 0.922857 0.047596 -0.382191
vn 0.880946 0.047617 -0.470816
vn 0.830546 0.047582 -0.554914
vn 0.772171 0.047593 -0.633629
vn 0.706317 0.047593 -0.706294
vn 0.633702 0.047593 -0.772112
vn 0.554990 0.047583 -0.830495
vn 0.470892 0.047619 -0.880905
vn 0.382266 0.047598 -0.922826
vn 0.289967 0.047604 -0.955852
vn 0.194879 0.047591 -0.979672
vn 0.097936 0.047612 -0.994053
vn 0.000000 0.047584 -0.998867
vn -0.097933 0.047575 -0.994055
vn -0.194872 0.047553 -0.979675
vn -0.289956 0.047563 -0.955857
vn -0.382252 0.047554 -0.922834
vn -0.470875 0.047574 -0.880916
vn -0.554971 0.047538 -0.830510
vn -0.633681 0.047547 -0.772132
vn -0.706296 0.047547 -0.706318
vn -0.772151 0.047547 -0.633657
vn -0.830527 0.047537 -0.554946
vn -0.880930 0.047574 -0.470850
vn -0.922844 0.047554 -0.382227
vn -0.955864 0.047562 -0.289933
vn -0.979671 0.047553 -0.194894
vn -0.994061 0.047573 -0.097876
vn -0.998869 0.047552 -0.000016
vn -0.994058 0.047556 0.097912
vn -0.979678 0.047571 0.194854
vn -0.955853 0.047543 0.289975
vn -0.922840 0.047576 0.382234
vn -0.880935 0.047552 0.470842
vn -0.830519 0.047560 0.554955
vn -0.772142 0.047570 0.633668
vn -0.706329 0.047570 0.706284
vn -0.633716 0.047570 0.772102
vn -0.554955 0.047560 0.830520
vn -0.470892 0.047553 0.880908
vn -0.382284 0.047577 0.922819
vn -0.289975 0.047543 0.955853
vn -0.194897 0.047573 0.979669
vn -0.097912 0.047556 0.994058
vn -0.000016 0.047568 0.998868
vn -0.000016 -0.047602 0.998866
vn 0.097878 -0.047591 0.994060
vn 0.194861 -0.047610 0.979675
vn 0.289938 -0.047583 0.955862
vn 0.382248 -0.047618 0.922832
vn 0.470858 -0.047596 0.880924
vn 0.554924 -0.047605 0.830538
vn 0.633688 -0.047616 0.772122
vn 0.706305 -0.047616 0.706305
vn 0.772122 -0.047616 0.633688
vn 0.830504 -0.047606 0.554974
vn 0.880924 -0.047596 0.470858
vn 0.922832 -0.047618 0.382248
vn 0.955848 -0.047584 0.289985
vn 0.979675 -0.047610 0.194861
vn 0.994056 -0.047593 0.097915
vn 0.998867 -0.047585 -0.000016
vn 0.994059 -0.047609 -0.097879
vn 0.979668 -0.047592 -0.194900
vn 0.955859 -0.047604 -0.289943
vn 0.922836 -0.047597 -0.382241
vn 0.880918 -0.047618 -0.470867
vn 0.830512 -0.047583 -0.554965
vn 0.772132 -0.047593 -0.633678
vn 0.706272 -0.047593 -0.706339
vn 0.633654 -0.047593 -0.772152
vn 0.554940 -0.047582 -0.830529
vn 0.470841 -0.047618 -0.880932
vn 0.382216 -0.047597 -0.922846
vn 0.289920 -0.047603 -0.955866
vn 0.194836 -0.047590 -0.979681
vn 0.097898 -0.047610 -0.994057
vn 0.000000 -0.047584 -0.998867
vn -0.097895 -0.047574 -0.994059
vn -0.194829 -0.047551 -0.979684
vn -0.289909 -0.047562 -0.955872
vn -0.382202 -0.047553 -0.922854
vn -0.470824 -0.047574 -0.880943
vn -0.554920 -0.047537 -0.830544
vn -0.633633 -0.047547 -0.772171
vn -0.706251 -0.047547 -0.706363
vn -0.772112 -0.047547 -0.633706
vn -0.830493 -0.047538 -0.554996
vn -0.880902 -0.047575 -0.470901
vn -0.922823 -0.047555 -0.382277
vn -0.955850 -0.047564 -0.289980
vn -0.979662 -0.047555 -0.194937
vn -0.994057 -0.047575 -0.097914
vn -0.998869 -0.047553 -0.000048
vn -0.994060 -0.047591 0.097878
vn -0.979683 -0.047609 0.194818
vn -0.955862 -0.047583 0.289938
vn -0.922853 -0.047617 0.382198
vn -0.880951 -0.047595 0.470807
vn -0.830538 -0.047605 0.554924
vn -0.772162 -0.047616 0.633640
vn -0.706349 -0.047616 0.706260
vn -0.633736 -0.047616 0.772082
vn -0.554974 -0.047606 0.830504
vn -0.470909 -0.047597 0.880897
vn -0.382298 -0.047620 0.922811
vn -0.289985 -0.047584 0.955847
vn -0.194904 -0.047612 0.979666
vn -0.097915 -0.047593 0.994056
vn -0.000016 -0.047602 0.998866
vn -0.000017 -0.142336 0.989819
vn 0.096983 -0.142345 0.985054
vn 0.193077 -0.142331 0.970805
vn 0.287302 -0.142338 0.947205
vn 0.378766 -0.142319 0.914484
vn 0.466600 -0.142343 0.872939
vn 0.549899 -0.142359 0.823010
vn 0.627913 -0.142329 0.765159
vn 0.699906 -0.142344 0.699906
vn 0.765117 -0.142330 0.627964
vn 0.823010 -0.142359 0.549899
vn 0.872939 -0.142343 0.466600
vn 0.914462 -0.142323 0.378819
vn 0.947189 -0.142342 0.287352
vn 0.970796 -0.142336 0.193123
vn 0.985050 -0.142350 0.097023
vn 0.989819 -0.142336 0.000017
vn 0.985053 -0.142329 -0.097022
vn 0.970802 -0.142353 -0.193080
vn 0.947194 -0.142319 -0.287348
vn 0.914478 -0.142344 -0.378772
vn 0.872918 -0.142321 -0.466646
vn 0.822984 -0.142336 -0.549943
vn 0.765146 -0.142355 -0.627922
vn 0.699874 -0.142319 -0.699944
vn 0.627948 -0.142355 -0.765125
vn 0.549917 -0.142335 -0.823002
vn 0.466565 -0.142317 -0.872962
vn 0.378746 -0.142342 -0.914489
vn 0.287323 -0.142317 -0.947202
vn 0.193103 -0.142356 -0.970797
vn 0.097002 -0.142326 -0.985055
vn 0.000000 -0.142352 -0.989816
vn -0.096998 -0.142284 -0.985062
vn -0.193097 -0.142311 -0.970804
vn -0.287313 -0.142270 -0.947212
vn -0.378733 -0.142293 -0.914502
vn -0.466550 -0.142267 -0.872978
vn -0.549899 -0.142284 -0.823022
vn -0.627929 -0.142304 -0.765150
vn -0.699855 -0.142268 -0.699973
vn -0.765129 -0.142305 -0.627955
vn -0.822969 -0.142287 -0.549979
vn -0.872905 -0.142273 -0.466685
vn -0.914468 -0.142298 -0.378812
vn -0.947188 -0.142276 -0.287388
vn -0.970800 -0.142313 -0.193119
vn -0.985055 -0.142292 -0.097059
vn -0.989821 -0.142316 -0.000017
vn -0.985054 -0.142345 0.096983
vn -0.970805 -0.142331 0.193077
vn -0.947205 -0.142338 0.287302
vn -0.914484 -0.142319 0.378766
vn -0.872968 -0.142340 0.466546
vn -0.823046 -0.142357 0.549846
vn -0.765159 -0.142329 0.627913
vn -0.699954 -0.142344 0.699859
vn -0.627964 -0.142330 0.765116
vn -0.549952 -0.142361 0.822974
vn -0.466654 -0.142346 0.872910
vn -0.378819 -0.142323 0.914462
vn -0.287352 -0.142342 0.947189
vn -0.193123 -0.142336 0.970796
vn -0.097023 -0.142350 0.985050
vn -0.000017 -0.142336 0.989819
vn -0.000018 -0.235770 0.971809
vn 0.095218 -0.235776 0.967131
vn 0.189584 -0.235776 0.953136
vn 0.282104 -0.235797 0.929955
vn 0.371846 -0.235761 0.897857
vn 0.458100 -0.235783 0.857059
vn 0.539891 -0.235787 0.808036
vn 0.616471 -0.235798 0.751241
vn 0.687170 -0.235788 0.687169
vn 0.751197 -0.235800 0.616524
vn 0.808036 -0.235787 0.539891
vn 0.857059 -0.235783 0.458100
vn 0.897833 -0.235766 0.371901
vn 0.929955 -0.235797 0.282104
vn 0.953136 -0.235776 0.189584
vn 0.967125 -0.235784 0.095261
vn 0.971809 -0.235770 0.000018
vn 0.967131 -0.235761 -0.095259
vn 0.953129 -0.235800 -0.189587
vn 0.929963 -0.235772 -0.282100
vn 0.897823 -0.235793 -0.371907
vn 0.857048 -0.235810 -0.458107
vn 0.808011 -0.235763 -0.539939
vn 0.751212 -0.235772 -0.616516
vn 0.687137 -0.235761 -0.687211
vn 0.616490 -0.235771 -0.751234
vn 0.539856 -0.235758 -0.808068
vn 0.458079 -0.235808 -0.857064
vn 0.371879 -0.235790 -0.897836
vn 0.282073 -0.235768 -0.929972
vn 0.189563 -0.235796 -0.953135
vn 0.095238 -0.235757 -0.967134
vn 0.000000 -0.235788 -0.971804
vn -0.095235 -0.235710 -0.967146
vn -0.189557 -0.235747 -0.953148
vn -0.282065 -0.235717 -0.929988
vn -0.371868 -0.235737 -0.897854
vn -0.458065 -0.235754 -0.857086
vn -0.539841 -0.235703 -0.808094
vn -0.616474 -0.235717 -0.751264
vn -0.687122 -0.235707 -0.687245
vn -0.751198 -0.235719 -0.616554
vn -0.807999 -0.235711 -0.539979
vn -0.857039 -0.235760 -0.458149
vn -0.897818 -0.235746 -0.371950
vn -0.929961 -0.235727 -0.282143
vn -0.953131 -0.235759 -0.189629
vn -0.967136 -0.235723 -0.095299
vn -0.971814 -0.235749 -0.000018
vn -0.967131 -0.235776 0.095218
vn -0.953147 -0.235768 0.189536
vn -0.929973 -0.235791 0.282052
vn -0.897857 -0.235761 0.371846
vn -0.857091 -0.235779 0.458044
vn -0.808074 -0.235784 0.539836
vn -0.751241 -0.235798 0.616471
vn -0.687219 -0.235788 0.687120
vn -0.616524 -0.235800 0.751197
vn -0.539946 -0.235790 0.807998
vn -0.458156 -0.235787 0.857028
vn -0.371901 -0.235766 0.897833
vn -0.282156 -0.235804 0.929938
vn -0.189632 -0.235783 0.953124
vn -0.095261 -0.235784 0.967125
vn -0.000018 -0.235770 0.971809
vn -0.000019 -0.327097 0.944991
vn 0.092583 -0.327059 0.940458
vn 0.184326 -0.327063 0.926851
vn 0.274307 -0.327105 0.904300
vn 0.361583 -0.327076 0.873086
vn 0.445427 -0.327068 0.833439
vn 0.525007 -0.327120 0.785723
vn 0.599497 -0.327120 0.730476
vn 0.668178 -0.327121 0.668229
vn 0.730476 -0.327120 0.599497
vn 0.785723 -0.327120 0.525007
vn 0.833406 -0.327074 0.445485
vn 0.873059 -0.327084 0.361640
vn 0.904300 -0.327105 0.274307
vn 0.926838 -0.327074 0.184376
vn 0.940449 -0.327070 0.092627
vn 0.944991 -0.327097 0.000019
vn 0.940441 -0.327095 -0.092629
vn 0.926828 -0.327100 -0.184378
vn 0.904291 -0.327087 -0.274357
vn 0.873047 -0.327113 -0.361644
vn 0.833392 -0.327103 -0.445490
vn 0.785739 -0.327091 -0.525000
vn 0.730494 -0.327091 -0.599491
vn 0.668198 -0.327093 -0.668223
vn 0.599463 -0.327090 -0.730517
vn 0.524972 -0.327089 -0.785759
vn 0.445461 -0.327100 -0.833409
vn 0.361616 -0.327109 -0.873060
vn 0.274276 -0.327073 -0.904321
vn 0.184353 -0.327095 -0.926835
vn 0.092606 -0.327090 -0.940445
vn 0.000000 -0.327114 -0.944985
vn -0.092604 -0.327040 -0.940462
vn -0.184348 -0.327042 -0.926854
vn -0.274269 -0.327018 -0.904343
vn -0.361607 -0.327052 -0.873085
vn -0.445450 -0.327043 -0.833437
vn -0.524960 -0.327032 -0.785791
vn -0.599451 -0.327033 -0.730553
vn -0.668186 -0.327036 -0.668262
vn -0.730484 -0.327036 -0.599533
vn -0.785731 -0.327038 -0.525045
vn -0.833387 -0.327052 -0.445537
vn -0.873045 -0.327064 -0.361692
vn -0.904293 -0.327042 -0.274404
vn -0.926834 -0.327058 -0.184423
vn -0.940450 -0.327057 -0.092671
vn -0.944999 -0.327073 -0.000019
vn -0.940458 -0.327059 0.092583
vn -0.926851 -0.327063 0.184326
vn -0.904320 -0.327095 0.274253
vn -0.873086 -0.327076 0.361583
vn -0.833439 -0.327068 0.445427
vn -0.785763 -0.327116 0.524950
vn -0.730522 -0.327118 0.599442
vn -0.668229 -0.327121 0.668178
vn -0.599551 -0.327122 0.730431
vn -0.525063 -0.327124 0.785683
vn -0.445485 -0.327074 0.833406
vn -0.361640 -0.327084 0.873059
vn -0.274361 -0.327114 0.904280
vn -0.184376 -0.327074 0.926838
vn -0.092627 -0.327070 0.940449
vn -0.000019 -0.327097 0.944991
vn -0.000020 -0.415451 0.909616
vn 0.089125 -0.415421 0.905253
vn 0.177451 -0.415427 0.892150
vn 0.264004 -0.415410 0.870481
vn 0.348098 -0.415451 0.840374
vn 0.428778 -0.415463 0.802210
vn 0.505346 -0.415419 0.756342
vn 0.577068 -0.415459 0.703126
vn 0.643163 -0.415471 0.643215
vn 0.703126 -0.415459 0.577068
vn 0.756301 -0.415424 0.505403
vn 0.802209 -0.415463 0.428778
vn 0.840374 -0.415451 0.348098
vn 0.870458 -0.415422 0.264058
vn 0.892150 -0.415427 0.177451
vn 0.905241 -0.415436 0.089171
vn 0.909627 -0.415426 -0.000020
vn 0.905241 -0.415447 -0.089126
vn 0.892137 -0.415454 -0.177453
vn 0.870444 -0.415450 -0.264061
vn 0.840390 -0.415422 -0.348094
vn 0.802192 -0.415441 -0.428832
vn 0.756323 -0.415448 -0.505350
vn 0.703147 -0.415430 -0.577064
vn 0.643185 -0.415442 -0.643211
vn 0.577036 -0.415429 -0.703170
vn 0.505321 -0.415445 -0.756344
vn 0.428745 -0.415430 -0.802245
vn 0.348066 -0.415417 -0.840404
vn 0.264034 -0.415444 -0.870455
vn 0.177427 -0.415448 -0.892145
vn 0.089149 -0.415454 -0.905235
vn 0.000000 -0.415419 -0.909630
vn -0.089147 -0.415402 -0.905259
vn -0.177424 -0.415393 -0.892171
vn -0.264028 -0.415388 -0.870484
vn -0.348058 -0.415360 -0.840435
vn -0.428736 -0.415371 -0.802279
vn -0.505312 -0.415387 -0.756382
vn -0.577027 -0.415371 -0.703212
vn -0.643178 -0.415385 -0.643255
vn -0.703141 -0.415375 -0.577111
vn -0.756320 -0.415395 -0.505399
vn -0.802191 -0.415391 -0.428882
vn -0.840392 -0.415375 -0.348144
vn -0.870450 -0.415406 -0.264110
vn -0.892146 -0.415414 -0.177500
vn -0.905253 -0.415410 -0.089170
vn -0.909642 -0.415393 -0.000061
vn -0.905252 -0.415421 0.089125
vn -0.892166 -0.415414 0.177400
vn -0.870481 -0.415410 0.264003
vn -0.840403 -0.415441 0.348041
vn -0.802245 -0.415455 0.428720
vn -0.756342 -0.415419 0.505346
vn -0.703173 -0.415456 0.577012
vn -0.643215 -0.415471 0.643163
vn -0.577124 -0.415462 0.703079
vn -0.505403 -0.415424 0.756301
vn -0.428836 -0.415471 0.802174
vn -0.348155 -0.415461 0.840345
vn -0.264058 -0.415422 0.870458
vn -0.177502 -0.415441 0.892133
vn -0.089171 -0.415436 0.905241
vn -0.000020 -0.415451 0.909616
vn -0.000021 -0.500047 0.865998
vn 0.084883 -0.500046 0.861829
vn 0.168919 -0.500039 0.849369
vn 0.251358 -0.500040 0.828722
vn 0.331379 -0.500019 0.800105
vn 0.408240 -0.500037 0.763743
vn 0.481095 -0.500045 0.720072
vn 0.549399 -0.500038 0.669419
vn 0.612340 -0.500015 0.612393
vn 0.669419 -0.500038 0.549399
vn 0.720072 -0.500045 0.481095
vn 0.763743 -0.500037 0.408240
vn 0.800074 -0.500031 0.331437
vn 0.828722 -0.500040 0.251358
vn 0.849369 -0.500039 0.168919
vn 0.861829 -0.500046 0.084883
vn 0.866013 -0.500022 -0.000021
vn 0.861844 -0.500020 -0.084882
vn 0.849366 -0.500027 -0.168970
vn 0.828714 -0.500025 -0.251411
vn 0.800086 -0.500048 -0.331382
vn 0.763764 -0.500008 -0.408237
vn 0.720050 -0.500022 -0.481150
vn 0.669442 -0.500010 -0.549397
vn 0.612368 -0.500043 -0.612342
vn 0.549369 -0.500008 -0.669466
vn 0.481121 -0.500019 -0.720072
vn 0.408208 -0.500003 -0.763782
vn 0.331411 -0.500054 -0.800071
vn 0.251384 -0.500019 -0.828727
vn 0.168944 -0.500020 -0.849375
vn 0.084858 -0.500011 -0.861851
vn 0.000000 -0.500013 -0.866018
vn -0.084857 -0.499959 -0.861882
vn -0.168941 -0.499965 -0.849408
vn -0.251380 -0.499962 -0.828762
vn -0.331406 -0.499996 -0.800109
vn -0.408202 -0.499946 -0.763823
vn -0.481115 -0.499961 -0.720116
vn -0.549364 -0.499951 -0.669513
vn -0.612365 -0.499987 -0.612391
vn -0.669441 -0.499956 -0.549448
vn -0.720051 -0.499971 -0.481202
vn -0.763767 -0.499959 -0.408290
vn -0.800093 -0.500002 -0.331434
vn -0.828724 -0.499983 -0.251462
vn -0.849379 -0.499989 -0.169019
vn -0.861860 -0.499985 -0.084928
vn -0.866031 -0.499991 -0.000063
vn -0.861844 -0.500029 0.084836
vn -0.849388 -0.500023 0.168868
vn -0.828747 -0.500026 0.251303
vn -0.800105 -0.500019 0.331379
vn -0.763780 -0.500028 0.408181
vn -0.720115 -0.500039 0.481037
vn -0.669467 -0.500035 0.549344
vn -0.612393 -0.500015 0.612340
vn -0.549455 -0.500041 0.669371
vn -0.481153 -0.500051 0.720029
vn -0.408298 -0.500046 0.763706
vn -0.331437 -0.500031 0.800074
vn -0.251413 -0.500053 0.828696
vn -0.168971 -0.500055 0.849349
vn -0.084930 -0.500063 0.861814
vn -0.000021 -0.500047 0.865998
vn -0.000021 -0.580106 0.814541
vn 0.079815 -0.580067 0.810649
vn 0.158892 -0.580070 0.798919
vn 0.236449 -0.580079 0.779487
vn 0.311707 -0.580082 0.752558
vn 0.383981 -0.580066 0.718389
vn 0.452501 -0.580088 0.677304
vn 0.516749 -0.580082 0.629663
vn 0.575973 -0.580096 0.575973
vn 0.629663 -0.580082 0.516749
vn 0.677260 -0.580095 0.452559
vn 0.718389 -0.580066 0.383981
vn 0.752558 -0.580082 0.311707
vn 0.779487 -0.580079 0.236449
vn 0.798896 -0.580088 0.158944
vn 0.810631 -0.580086 0.079862
vn 0.814558 -0.580082 -0.000021
vn 0.810631 -0.580092 -0.079816
vn 0.798900 -0.580096 -0.158893
vn 0.779466 -0.580106 -0.236451
vn 0.752546 -0.580067 -0.311763
vn 0.718365 -0.580094 -0.383982
vn 0.677284 -0.580067 -0.452558
vn 0.629637 -0.580109 -0.516750
vn 0.575946 -0.580069 -0.576026
vn 0.516722 -0.580107 -0.629662
vn 0.452529 -0.580064 -0.677306
vn 0.383953 -0.580089 -0.718385
vn 0.311677 -0.580048 -0.752597
vn 0.236423 -0.580099 -0.779480
vn 0.158867 -0.580088 -0.798911
vn 0.079839 -0.580102 -0.810622
vn 0.000000 -0.580072 -0.814565
vn -0.079838 -0.580051 -0.810658
vn -0.158865 -0.580035 -0.798950
vn -0.236421 -0.580044 -0.779521
vn -0.311674 -0.579993 -0.752641
vn -0.383951 -0.580033 -0.718431
vn -0.452527 -0.580009 -0.677355
vn -0.516721 -0.580053 -0.629713
vn -0.575946 -0.580017 -0.576079
vn -0.629639 -0.580058 -0.516805
vn -0.677289 -0.580019 -0.452613
vn -0.718373 -0.580048 -0.384037
vn -0.752557 -0.580025 -0.311817
vn -0.779479 -0.580067 -0.236503
vn -0.798916 -0.580061 -0.158943
vn -0.810649 -0.580061 -0.079862
vn -0.814578 -0.580054 -0.000064
vn -0.810649 -0.580067 0.079815
vn -0.798919 -0.580070 0.158892
vn -0.779515 -0.580064 0.236394
vn -0.752592 -0.580069 0.311650
vn -0.718427 -0.580056 0.383923
vn -0.677304 -0.580088 0.452501
vn -0.629711 -0.580078 0.516694
vn -0.576026 -0.580096 0.575920
vn -0.516805 -0.580085 0.629614
vn -0.452559 -0.580095 0.677260
vn -0.384039 -0.580076 0.718350
vn -0.311764 -0.580095 0.752525
vn -0.236504 -0.580095 0.779459
vn -0.158944 -0.580088 0.798896
vn -0.079863 -0.580086 0.810631
vn -0.000021 -0.580106 0.814541
vn -0.000022 -0.654896 0.755719
vn 0.074057 -0.654853 0.752119
vn 0.147415 -0.654876 0.741219
vn 0.219353 -0.654890 0.723190
vn 0.289160 -0.654876 0.698229
vn 0.356205 -0.654890 0.666511
vn 0.419831 -0.654863 0.628408
vn 0.479428 -0.654909 0.584160
vn 0.534362 -0.654874 0.534414
vn 0.584161 -0.654909 0.479427
vn 0.628363 -0.654870 0.419887
vn 0.666471 -0.654900 0.356262
vn 0.698193 -0.654890 0.289216
vn 0.723190 -0.654890 0.219353
vn 0.741219 -0.654876 0.147415
vn 0.752097 -0.654873 0.074105
vn 0.755739 -0.654873 -0.000022
vn 0.752098 -0.654877 -0.074057
vn 0.741197 -0.654901 -0.147415
vn 0.723182 -0.654881 -0.219407
vn 0.698217 -0.654864 -0.289216
vn 0.666496 -0.654874 -0.356262
vn 0.628336 -0.654896 -0.419887
vn 0.584188 -0.654884 -0.479428
vn 0.534386 -0.654898 -0.534360
vn 0.479401 -0.654882 -0.584212
vn 0.419859 -0.654892 -0.628359
vn 0.356233 -0.654869 -0.666517
vn 0.289188 -0.654857 -0.698235
vn 0.219380 -0.654873 -0.723197
vn 0.147389 -0.654892 -0.741211
vn 0.074034 -0.654867 -0.752109
vn 0.000000 -0.654862 -0.755748
vn -0.074033 -0.654819 -0.752151
vn -0.147389 -0.654842 -0.741255
vn -0.219379 -0.654822 -0.723244
vn -0.289187 -0.654806 -0.698284
vn -0.356233 -0.654818 -0.666567
vn -0.419859 -0.654841 -0.628412
vn -0.479403 -0.654832 -0.584267
vn -0.534390 -0.654849 -0.534416
vn -0.584193 -0.654838 -0.479485
vn -0.628344 -0.654852 -0.419944
vn -0.666506 -0.654833 -0.356318
vn -0.698230 -0.654826 -0.289271
vn -0.723197 -0.654846 -0.219460
vn -0.741215 -0.654869 -0.147466
vn -0.752118 -0.654849 -0.074104
vn -0.755760 -0.654849 -0.000065
vn -0.752119 -0.654853 0.074057
vn -0.741219 -0.654876 0.147415
vn -0.723221 -0.654874 0.219299
vn -0.698229 -0.654876 0.289160
vn -0.666512 -0.654890 0.356205
vn -0.628408 -0.654863 0.419831
vn -0.584210 -0.654905 0.479372
vn -0.534414 -0.654874 0.534362
vn -0.479483 -0.654913 0.584111
vn -0.419887 -0.654870 0.628363
vn -0.356262 -0.654900 0.666471
vn -0.289216 -0.654890 0.698193
vn -0.219407 -0.654906 0.723159
vn -0.147466 -0.654894 0.741193
vn -0.074105 -0.654873 0.752097
vn -0.000022 -0.654896 0.755719
vn -0.000022 -0.723776 0.690035
vn 0.067595 -0.723742 0.686753
vn 0.134625 -0.723771 0.676780
vn 0.200302 -0.723770 0.660331
vn 0.264058 -0.723773 0.637515
vn 0.325247 -0.723769 0.608583
vn 0.383373 -0.723733 0.573790
vn 0.437731 -0.723775 0.533424
vn 0.487912 -0.723763 0.487964
vn 0.533424 -0.723775 0.437731
vn 0.573745 -0.723740 0.383428
vn 0.608583 -0.723769 0.325247
vn 0.637515 -0.723773 0.264058
vn 0.660331 -0.723770 0.200302
vn 0.676780 -0.723771 0.134625
vn 0.686727 -0.723762 0.067642
vn 0.690057 -0.723755 -0.000021
vn 0.686750 -0.723740 -0.067642
vn 0.676804 -0.723749 -0.134625
vn 0.660356 -0.723747 -0.200302
vn 0.637541 -0.723750 -0.264059
vn 0.608568 -0.723756 -0.325303
vn 0.573762 -0.723756 -0.383372
vn 0.533403 -0.723757 -0.437787
vn 0.487941 -0.723742 -0.487967
vn 0.437760 -0.723755 -0.533428
vn 0.383344 -0.723753 -0.573785
vn 0.325276 -0.723751 -0.608589
vn 0.264032 -0.723743 -0.637560
vn 0.200276 -0.723738 -0.660373
vn 0.134600 -0.723739 -0.676819
vn 0.067618 -0.723730 -0.686763
vn 0.000000 -0.723744 -0.690068
vn -0.067619 -0.723686 -0.686809
vn -0.134600 -0.723694 -0.676868
vn -0.200276 -0.723692 -0.660423
vn -0.264033 -0.723697 -0.637612
vn -0.325277 -0.723704 -0.608643
vn -0.383347 -0.723707 -0.573841
vn -0.437764 -0.723710 -0.533485
vn -0.487947 -0.723699 -0.488025
vn -0.533411 -0.723716 -0.437845
vn -0.573772 -0.723717 -0.383430
vn -0.608580 -0.723720 -0.325360
vn -0.637556 -0.723717 -0.264115
vn -0.660373 -0.723717 -0.200355
vn -0.676823 -0.723722 -0.134676
vn -0.686770 -0.723716 -0.067689
vn -0.690078 -0.723734 -0.000065
vn -0.686753 -0.723742 0.067595
vn -0.676810 -0.723753 0.134575
vn -0.660364 -0.723754 0.200249
vn -0.637553 -0.723760 0.264004
vn -0.608625 -0.723758 0.325192
vn -0.573790 -0.723733 0.383373
vn -0.533473 -0.723772 0.437677
vn -0.487964 -0.723763 0.487912
vn -0.437785 -0.723779 0.533375
vn -0.383428 -0.723740 0.573745
vn -0.325302 -0.723779 0.608541
vn -0.264113 -0.723787 0.637477
vn -0.200354 -0.723786 0.660297
vn -0.134675 -0.723790 0.676750
vn -0.067642 -0.723762 0.686727
vn -0.000022 -0.723776 0.690035
vn -0.000021 -0.786095 0.618106
vn 0.060559 -0.786070 0.615164
vn 0.120575 -0.786083 0.606247
vn 0.179400 -0.786048 0.591561
vn 0.236543 -0.786087 0.571065
vn 0.291393 -0.786084 0.545126
vn 0.343385 -0.786052 0.514012
vn 0.392107 -0.786060 0.477872
vn 0.437082 -0.786078 0.437082
vn 0.477824 -0.786063 0.392160
vn 0.513966 -0.786059 0.343438
vn 0.545126 -0.786084 0.291393
vn 0.571065 -0.786087 0.236543
vn 0.591525 -0.786063 0.179451
vn 0.606247 -0.786083 0.120575
vn 0.615164 -0.786070 0.060559
vn 0.618130 -0.786076 -0.000021
vn 0.615160 -0.786070 -0.060606
vn 0.606273 -0.786063 -0.120576
vn 0.591499 -0.786083 -0.179450
vn 0.571092 -0.786066 -0.236545
vn 0.545154 -0.786064 -0.291394
vn 0.513938 -0.786079 -0.343436
vn 0.477795 -0.786082 -0.392157
vn 0.437060 -0.786060 -0.437136
vn 0.392130 -0.786081 -0.477819
vn 0.343410 -0.786075 -0.513961
vn 0.291368 -0.786059 -0.545175
vn 0.236518 -0.786060 -0.571112
vn 0.179425 -0.786076 -0.591517
vn 0.120551 -0.786054 -0.606289
vn 0.060583 -0.786060 -0.615174
vn 0.000000 -0.786066 -0.618143
vn -0.060583 -0.786021 -0.615224
vn -0.120552 -0.786014 -0.606340
vn -0.179426 -0.786035 -0.591570
vn -0.236521 -0.786020 -0.571167
vn -0.291371 -0.786019 -0.545232
vn -0.343414 -0.786036 -0.514018
vn -0.392137 -0.786042 -0.477877
vn -0.437068 -0.786023 -0.437195
vn -0.477804 -0.786047 -0.392215
vn -0.513949 -0.786046 -0.343494
vn -0.545168 -0.786034 -0.291451
vn -0.571108 -0.786039 -0.236600
vn -0.591516 -0.786058 -0.179503
vn -0.606291 -0.786041 -0.120626
vn -0.615180 -0.786050 -0.060652
vn -0.618151 -0.786060 -0.000064
vn -0.615194 -0.786050 0.060513
vn -0.606280 -0.786065 0.120526
vn -0.591561 -0.786048 0.179400
vn -0.571104 -0.786074 0.236491
vn -0.545169 -0.786074 0.291339
vn -0.514012 -0.786052 0.343385
vn -0.477872 -0.786060 0.392107
vn -0.437132 -0.786078 0.437031
vn -0.392160 -0.786063 0.477824
vn -0.343438 -0.786059 0.513967
vn -0.291446 -0.786094 0.545083
vn -0.236596 -0.786099 0.571026
vn -0.179451 -0.786063 0.591525
vn -0.120624 -0.786100 0.606215
vn -0.060606 -0.786089 0.615135
vn -0.000021 -0.786095 0.618106
vn -0.000021 -0.841285 0.540592
vn 0.052954 -0.841254 0.538041
vn 0.105450 -0.841275 0.530223
vn 0.156905 -0.841275 0.517336
vn 0.206841 -0.841274 0.499475
vn 0.254817 -0.841253 0.476824
vn 0.300353 -0.841286 0.449474
vn 0.342970 -0.841254 0.417926
vn 0.382274 -0.841268 0.382275
vn 0.417878 -0.841258 0.343021
vn 0.449474 -0.841286 0.300353
vn 0.476782 -0.841262 0.254867
vn 0.499434 -0.841286 0.206891
vn 0.517336 -0.841275 0.156905
vn 0.530223 -0.841275 0.105450
vn 0.538009 -0.841271 0.052999
vn 0.540617 -0.841269 -0.000021
vn 0.538016 -0.841270 -0.052954
vn 0.530214 -0.841275 -0.105497
vn 0.517326 -0.841272 -0.156955
vn 0.499462 -0.841269 -0.206893
vn 0.476754 -0.841279 -0.254865
vn 0.449502 -0.841269 -0.300356
vn 0.417897 -0.841270 -0.342967
vn 0.382246 -0.841283 -0.382270
vn 0.342942 -0.841269 -0.417921
vn 0.300331 -0.841266 -0.449525
vn 0.254840 -0.841274 -0.476775
vn 0.206868 -0.841263 -0.499482
vn 0.156931 -0.841265 -0.517344
vn 0.105427 -0.841251 -0.530266
vn 0.052976 -0.841279 -0.538000
vn 0.000000 -0.841259 -0.540632
vn -0.052977 -0.841246 -0.538050
vn -0.105428 -0.841217 -0.530319
vn -0.156933 -0.841232 -0.517398
vn -0.206871 -0.841229 -0.499537
vn -0.254844 -0.841241 -0.476831
vn -0.300336 -0.841234 -0.449582
vn -0.342949 -0.841237 -0.417978
vn -0.382254 -0.841253 -0.382328
vn -0.417907 -0.841242 -0.343024
vn -0.449514 -0.841243 -0.300413
vn -0.476767 -0.841254 -0.254920
vn -0.499477 -0.841247 -0.206946
vn -0.517342 -0.841253 -0.157006
vn -0.530232 -0.841258 -0.105546
vn -0.538034 -0.841255 -0.052999
vn -0.540636 -0.841257 -0.000063
vn -0.538041 -0.841254 0.052954
vn -0.530258 -0.841259 0.105402
vn -0.517374 -0.841261 0.156856
vn -0.499475 -0.841274 0.206841
vn -0.476824 -0.841253 0.254817
vn -0.449519 -0.841279 0.300303
vn -0.417926 -0.841255 0.342971
vn -0.382323 -0.841268 0.382225
vn -0.343021 -0.841258 0.417879
vn -0.300404 -0.841292 0.449428
vn -0.254867 -0.841262 0.476782
vn -0.206891 -0.841286 0.499434
vn -0.156954 -0.841289 0.517298
vn -0.105497 -0.841291 0.530188
vn -0.052999 -0.841271 0.538009
vn -0.000021 -0.841285 0.540592
vn -0.000021 -0.888855 0.458189
vn 0.044893 -0.888850 0.455993
vn 0.089380 -0.888856 0.449384
vn 0.133008 -0.888852 0.438465
vn 0.175344 -0.888839 0.423344
vn 0.215999 -0.888840 0.404114
vn 0.254540 -0.888854 0.380984
vn 0.290694 -0.888838 0.354210
vn 0.323971 -0.888851 0.324018
vn 0.354210 -0.888838 0.290694
vn 0.380984 -0.888854 0.254540
vn 0.404114 -0.888840 0.215999
vn 0.423303 -0.888849 0.175391
vn 0.438465 -0.888852 0.133008
vn 0.449384 -0.888856 0.089380
vn 0.455993 -0.888850 0.044893
vn 0.458189 -0.888855 0.000020
vn 0.455984 -0.888853 -0.044937
vn 0.449410 -0.888843 -0.089381
vn 0.438492 -0.888838 -0.133009
vn 0.423317 -0.888852 -0.175342
vn 0.404087 -0.888853 -0.215997
vn 0.380967 -0.888846 -0.254591
vn 0.354183 -0.888850 -0.290690
vn 0.323999 -0.888839 -0.324022
vn 0.290666 -0.888849 -0.354206
vn 0.254567 -0.888844 -0.380989
vn 0.215973 -0.888849 -0.404108
vn 0.175318 -0.888847 -0.423337
vn 0.132986 -0.888832 -0.438511
vn 0.089358 -0.888836 -0.449428
vn 0.044872 -0.888830 -0.456036
vn 0.000000 -0.888859 -0.458181
vn -0.044873 -0.888803 -0.456086
vn -0.089360 -0.888809 -0.449481
vn -0.132989 -0.888806 -0.438564
vn -0.175322 -0.888820 -0.423392
vn -0.215977 -0.888823 -0.404163
vn -0.254573 -0.888818 -0.381045
vn -0.290673 -0.888824 -0.354261
vn -0.324007 -0.888815 -0.324078
vn -0.354192 -0.888828 -0.290745
vn -0.380979 -0.888826 -0.254645
vn -0.404099 -0.888834 -0.216049
vn -0.423331 -0.888836 -0.175393
vn -0.438507 -0.888824 -0.133058
vn -0.449426 -0.888830 -0.089428
vn -0.456000 -0.888842 -0.044981
vn -0.458214 -0.888842 -0.000021
vn -0.456027 -0.888835 0.044850
vn -0.449420 -0.888842 0.089335
vn -0.438504 -0.888840 0.132962
vn -0.423344 -0.888839 0.175344
vn -0.404157 -0.888832 0.215951
vn -0.381028 -0.888848 0.254492
vn -0.354256 -0.888835 0.290646
vn -0.324018 -0.888851 0.323971
vn -0.290741 -0.888840 0.354165
vn -0.254588 -0.888859 0.380939
vn -0.216047 -0.888847 0.404072
vn -0.175391 -0.888849 0.423303
vn -0.133054 -0.888864 0.438427
vn -0.089425 -0.888870 0.449347
vn -0.044936 -0.888866 0.455959
vn -0.000021 -0.888855 0.458189
vn -0.000020 -0.928390 0.371606
vn 0.036393 -0.928359 0.369898
vn 0.072483 -0.928362 0.364540
vn 0.107873 -0.928375 0.355646
vn 0.142204 -0.928371 0.343374
vn 0.175183 -0.928377 0.327761
vn 0.206463 -0.928367 0.309044
vn 0.235756 -0.928383 0.287270
vn 0.262793 -0.928374 0.262793
vn 0.287270 -0.928383 0.235756
vn 0.309002 -0.928371 0.206508
vn 0.327761 -0.928377 0.175183
vn 0.343333 -0.928379 0.142248
vn 0.355646 -0.928375 0.107873
vn 0.364503 -0.928374 0.072526
vn 0.369862 -0.928372 0.036434
vn 0.371630 -0.928381 -0.000020
vn 0.369838 -0.928382 -0.036434
vn 0.364478 -0.928384 -0.072525
vn 0.355633 -0.928375 -0.107917
vn 0.343348 -0.928381 -0.142202
vn 0.327746 -0.928373 -0.175230
vn 0.309018 -0.928376 -0.206460
vn 0.287252 -0.928376 -0.235804
vn 0.262767 -0.928383 -0.262790
vn 0.235737 -0.928373 -0.287318
vn 0.206437 -0.928374 -0.309039
vn 0.175163 -0.928364 -0.327808
vn 0.142224 -0.928385 -0.343328
vn 0.107849 -0.928380 -0.355640
vn 0.072504 -0.928378 -0.364497
vn 0.036413 -0.928375 -0.369855
vn 0.000000 -0.928374 -0.371647
vn -0.036414 -0.928356 -0.369905
vn -0.072505 -0.928358 -0.364547
vn -0.107852 -0.928360 -0.355691
vn -0.142228 -0.928365 -0.343379
vn -0.175168 -0.928345 -0.327861
vn -0.206443 -0.928355 -0.309092
vn -0.235743 -0.928355 -0.287370
vn -0.262775 -0.928366 -0.262842
vn -0.287261 -0.928361 -0.235855
vn -0.309028 -0.928362 -0.206511
vn -0.327757 -0.928360 -0.175280
vn -0.343359 -0.928369 -0.142250
vn -0.355645 -0.928364 -0.107964
vn -0.364491 -0.928375 -0.072569
vn -0.369851 -0.928375 -0.036476
vn -0.371644 -0.928375 -0.000060
vn -0.369898 -0.928359 0.036393
vn -0.364540 -0.928362 0.072483
vn -0.355685 -0.928365 0.107829
vn -0.343374 -0.928371 0.142204
vn -0.327803 -0.928371 0.175138
vn -0.309044 -0.928367 0.206463
vn -0.287313 -0.928381 0.235711
vn -0.262838 -0.928374 0.262749
vn -0.235800 -0.928385 0.287226
vn -0.206508 -0.928371 0.309002
vn -0.175228 -0.928383 0.327720
vn -0.142248 -0.928379 0.343333
vn -0.107916 -0.928384 0.355607
vn -0.072526 -0.928374 0.364503
vn -0.036434 -0.928372 0.369862
vn -0.000020 -0.928390 0.371606
vn -0.000019 -0.959505 0.281691
vn 0.027599 -0.959493 0.280377
vn 0.054930 -0.959499 0.276306
vn 0.081750 -0.959493 0.269612
vn 0.107790 -0.959495 0.260288
vn 0.132798 -0.959493 0.248471
vn 0.156485 -0.959491 0.234284
vn 0.178707 -0.959499 0.217772
vn 0.199185 -0.959497 0.199226
vn 0.217772 -0.959499 0.178707
vn 0.234244 -0.959494 0.156526
vn 0.248431 -0.959498 0.132839
vn 0.260249 -0.959501 0.107831
vn 0.269574 -0.959500 0.081790
vn 0.276306 -0.959499 0.054930
vn 0.280341 -0.959503 0.027638
vn 0.281713 -0.959499 -0.000019
vn 0.280354 -0.959500 -0.027598
vn 0.276293 -0.959500 -0.054971
vn 0.269588 -0.959500 -0.081748
vn 0.260264 -0.959502 -0.107788
vn 0.248447 -0.959500 -0.132795
vn 0.234219 -0.959501 -0.156524
vn 0.217755 -0.959495 -0.178752
vn 0.199202 -0.959503 -0.199182
vn 0.178689 -0.959493 -0.217816
vn 0.156503 -0.959499 -0.234240
vn 0.132775 -0.959497 -0.248467
vn 0.107809 -0.959505 -0.260245
vn 0.081769 -0.959503 -0.269569
vn 0.054951 -0.959496 -0.276311
vn 0.027579 -0.959495 -0.280372
vn 0.000000 -0.959494 -0.281730
vn -0.027580 -0.959482 -0.280418
vn -0.054953 -0.959482 -0.276358
vn -0.081771 -0.959490 -0.269616
vn -0.107812 -0.959492 -0.260293
vn -0.132779 -0.959484 -0.248515
vn -0.156508 -0.959486 -0.234288
vn -0.178695 -0.959481 -0.217864
vn -0.199209 -0.959491 -0.199229
vn -0.217762 -0.959485 -0.178799
vn -0.234227 -0.959491 -0.156570
vn -0.248455 -0.959491 -0.132841
vn -0.260273 -0.959495 -0.107833
vn -0.269597 -0.959493 -0.081791
vn -0.276302 -0.959495 -0.055012
vn -0.280364 -0.959496 -0.027638
vn -0.281723 -0.959496 -0.000057
vn -0.280377 -0.959493 0.027599
vn -0.276343 -0.959490 0.054890
vn -0.269612 -0.959493 0.081750
vn -0.260288 -0.959495 0.107790
vn -0.248471 -0.959493 0.132798
vn -0.234284 -0.959491 0.156485
vn -0.217813 -0.959498 0.178666
vn -0.199226 -0.959497 0.199185
vn -0.178749 -0.959501 0.217731
vn -0.156526 -0.959494 0.234244
vn -0.132839 -0.959498 0.248431
vn -0.107831 -0.959501 0.260249
vn -0.081790 -0.959500 0.269574
vn -0.054970 -0.959507 0.276269
vn -0.027638 -0.959503 0.280341
vn -0.000019 -0.959505 0.281691
vn -0.000018 -0.981939 0.189197
vn 0.018521 -0.981928 0.188346
vn 0.036886 -0.981924 0.185644
vn 0.054918 -0.981929 0.181109
vn 0.072417 -0.981933 0.174825
vn 0.089184 -0.981932 0.166901
vn 0.105138 -0.981936 0.157317
vn 0.120054 -0.981934 0.146262
vn 0.133793 -0.981931 0.133831
vn 0.146262 -0.981934 0.120054
vn 0.157317 -0.981936 0.105138
vn 0.166864 -0.981935 0.089222
vn 0.174825 -0.981933 0.072417
vn 0.181073 -0.981933 0.054956
vn 0.185609 -0.981930 0.036923
vn 0.188311 -0.981934 0.018557
vn 0.189217 -0.981935 -0.000018
vn 0.188332 -0.981930 -0.018557
vn 0.185588 -0.981934 -0.036923
vn 0.181088 -0.981932 -0.054917
vn 0.174809 -0.981933 -0.072456
vn 0.166886 -0.981931 -0.089223
vn 0.157338 -0.981932 -0.105139
vn 0.146284 -0.981931 -0.120056
vn 0.133810 -0.981934 -0.133791
vn 0.120037 -0.981930 -0.146303
vn 0.105120 -0.981931 -0.157357
vn 0.089204 -0.981930 -0.166904
vn 0.072399 -0.981927 -0.174865
vn 0.054899 -0.981930 -0.181106
vn 0.036904 -0.981931 -0.185605
vn 0.018539 -0.981927 -0.188349
vn 0.000000 -0.981932 -0.189235
vn -0.018540 -0.981919 -0.188391
vn -0.036905 -0.981923 -0.185647
vn -0.054900 -0.981922 -0.181148
vn -0.072401 -0.981919 -0.174907
vn -0.089207 -0.981922 -0.166947
vn -0.105123 -0.981924 -0.157400
vn -0.120040 -0.981923 -0.146346
vn -0.133814 -0.981928 -0.133833
vn -0.146289 -0.981925 -0.120098
vn -0.157344 -0.981927 -0.105181
vn -0.166891 -0.981926 -0.089264
vn -0.174815 -0.981929 -0.072496
vn -0.181094 -0.981929 -0.054956
vn -0.185594 -0.981931 -0.036961
vn -0.188338 -0.981928 -0.018594
vn -0.189224 -0.981934 -0.000054
vn -0.188346 -0.981928 0.018521
vn -0.185644 -0.981924 0.036886
vn -0.181109 -0.981929 0.054918
vn -0.174861 -0.981929 0.072379
vn -0.166901 -0.981932 0.089184
vn -0.157355 -0.981934 0.105099
vn -0.146300 -0.981933 0.120015
vn -0.133831 -0.981931 0.133793
vn -0.120092 -0.981935 0.146224
vn -0.105176 -0.981938 0.157279
vn -0.089222 -0.981935 0.166864
vn -0.072455 -0.981937 0.174788
vn -0.054956 -0.981933 0.181073
vn -0.036923 -0.981930 0.185609
vn -0.018557 -0.981934 0.188311
vn -0.000018 -0.981939 0.189197
vn -0.000017 -0.995474 0.095033
vn 0.009310 -0.995472 0.094597
vn 0.018534 -0.995474 0.093210
vn 0.027589 -0.995472 0.090961
vn 0.036373 -0.995474 0.087798
vn 0.044785 -0.995474 0.083824
vn 0.052792 -0.995472 0.079041
vn 0.060291 -0.995475 0.073455
vn 0.067188 -0.995473 0.067222
vn 0.073455 -0.995475 0.060291
vn 0.079007 -0.995473 0.052826
vn 0.083824 -0.995474 0.044785
vn 0.087798 -0.995474 0.036373
vn 0.090961 -0.995472 0.027589
vn 0.093210 -0.995474 0.018534
vn 0.094597 -0.995472 0.009310
vn 0.095033 -0.995474 0.000017
vn 0.094579 -0.995474 -0.009310
vn 0.093228 -0.995472 -0.018534
vn 0.090943 -0.995474 -0.027589
vn 0.087817 -0.995472 -0.036374
vn 0.083808 -0.995473 -0.044820
vn 0.079023 -0.995474 -0.052791
vn 0.073473 -0.995473 -0.060291
vn 0.067204 -0.995475 -0.067187
vn 0.060274 -0.995473 -0.073490
vn 0.052808 -0.995475 -0.079006
vn 0.044803 -0.995473 -0.083825
vn 0.036357 -0.995471 -0.087834
vn 0.027572 -0.995473 -0.090960
vn 0.018517 -0.995471 -0.093245
vn 0.009293 -0.995472 -0.094595
vn 0.000000 -0.995474 -0.095031
vn -0.009294 -0.995469 -0.094632
vn -0.018518 -0.995468 -0.093282
vn -0.027573 -0.995469 -0.090996
vn -0.036358 -0.995468 -0.087871
vn -0.044804 -0.995470 -0.083862
vn -0.052810 -0.995471 -0.079043
vn -0.060276 -0.995470 -0.073527
vn -0.067206 -0.995472 -0.067223
vn -0.073476 -0.995471 -0.060328
vn -0.079025 -0.995472 -0.052827
vn -0.083811 -0.995472 -0.044856
vn -0.087820 -0.995471 -0.036409
vn -0.090946 -0.995473 -0.027624
vn -0.093231 -0.995471 -0.018569
vn -0.094582 -0.995473 -0.009344
vn -0.095051 -0.995472 -0.000017
vn -0.094630 -0.995469 0.009277
vn -0.093244 -0.995471 0.018500
vn -0.090995 -0.995470 0.027555
vn -0.087832 -0.995472 0.036339
vn -0.083858 -0.995472 0.044751
vn -0.079041 -0.995472 0.052792
vn -0.073489 -0.995474 0.060256
vn -0.067222 -0.995473 0.067188
vn -0.060325 -0.995475 0.073420
vn -0.052826 -0.995473 0.079007
vn -0.044819 -0.995475 0.083790
vn -0.036408 -0.995476 0.087764
vn -0.027623 -0.995474 0.090927
vn -0.018568 -0.995476 0.093177
vn -0.009344 -0.995475 0.094563
vn -0.000017 -0.995474 0.095033
vn 0.000000 -1.000000 -0.000015
vn 0.000000 -1.000000 -0.000015
vn 0.000000 -1.000000 -0.000015
vn 0.000000 -1.000000 -0.000015
vn 0.000000 -1.000000 -0.000015
vn 0.000000 -1.000000 -0.000015
vn 0.000000 -1.000000 -0.000015
vn 0.000000 -1.000000 -0.000015
vn 0.000000 -1.000000 -0.000015
vn 0.000000 -1.000000 -0.000015
vn 0.000000 -1.000000 -0.000015
vn 0.000000 -1.000000 -0.000015
vn 0.000000 -1.000000 -0.000015
vn 0.000000 -1.000000 -0.000015
vn 0.000000 -1.000000 -0.000015
vn 0.000000 -1.000000 -0.000015
vn 0.000000 -1.000000 -0.000015
vn 0.000000 -1.000000 -0.000015
vn 0.000000 -1.000000 -0.000015
vn 0.000000 -1.000000 -0.000015
vn 0.000000 -1.000000 -0.000015
vn 0.000000 -1.000000 -0.000015
vn 0.000000 -1.000000 -0.000015
vn 0.000000 -1.000000 -0.000015
vn 0.000000 -1.000000 -0.000015
vn 0.000000 -1.000000 -0.000015
vn 0.000000 -1.000000 -0.000015
vn 0.000000 -1.000000 -0.000015
vn 0.000000 -1.000000 -0.000015
vn 0.000000 -1.000000 -0.000015
vn 0.000000 -1.000000 -0.000015
vn 0.000000 -1.000000 -0.000015
vn 0.000000 -1.000000 -0.000015
vn 0.000000 -1.000000 -0.000015
vn 0.000000 -1.000000 -0.000015
vn 0.000000 -1.000000 -0.000015
vn 0.000000 -1.000000 -0.000015
vn 0.000000 -1.000000 -0.000015
vn 0.000000 -1.000000 -0.000015
vn 0.000000 -1.000000 -0.000015
vn 0.000000 -1.000000 -0.000015
vn 0.000000 -1.000000 -0.000015
vn 0.000000 -1.000000 -0.000015
vn 0.000000 -1.000000 -0.000015
vn 0.000000 -1.000000 -0.000015
vn 0.000000 -1.000000 -0.000015
vn 0.000000 -1.000000 -0.000015
vn 0.000000 -1.000000 -0.000015
vn 0.000000 -1.000000 -0.000015
vn 0.000000 -1.000000 -0.000015
vn 0.000000 -1.000000 -0.000015
vn 0.000000 -1.000000 -0.000015
vn 0.000000 -1.000000 -0.000015
vn 0.000000 -1.000000 -0.000015
vn 0.000000 -1.000000 -0.000015
vn 0.000000 -1.000000 -0.000015
vn 0.000000 -1.000000 -0.000015
vn 0.000000 -1.000000 -0.000015
vn 0.000000 -1.000000 -0.000015
vn 0.000000 -1.000000 -0.000015
vn 0.000000 -1.000000 -0.000015
vn 0.000000 -1.000000 -0.000015
vn 0.000000 -1.000000 -0.000015
vn 0.000000 -1.000000 -0.000015
vn 0.000000 -1.000000 -0.000015
usemtl item_collectible_mat
f 1/1/1 2/2/2 66/66/66
f 2/2/2 67/67/67 66/66/66
f 2/2/2 3/3/3 67/67/67
f 3/3/3 68/68/68 67/67/67
f 3/3/3 4/4/4 68/68/68
f 4/4/4 69/69/69 68/68/68
f 4/4/4 5/5/5 69/69/69
f 5/5/5 70/70/70 69/69/69
f 5/5/5 6/6/6 70/70/70
f 6/6/6 71/71/71 70/70/70
f 6/6/6 7/7/7 71/71/71
f 7/7/7 72/72/72 71/71/71
f 7/7/7 8/8/8 72/72/72
f 8/8/8 73/73/73 72/72/72
f 8/8/8 9/9/9 73/73/73
f 9/9/9 74/74/74 73/73/73
f 9/9/9 10/10/10 74/74/74
f 10/10/10 75/75/75 74/74/74
f 10/10/10 11/11/11 75/75/75
f 11/11/11 76/76/76 75/75/75
f 11/11/11 12/12/12 76/76/76
f 12/12/12 77/77/77 76/76/76
f 12/12/12 13/13/13 77/77/77
f 13/13/13 78/78/78 77/77/77
f 13/13/13 14/14/14 78/78/78
f 14/14/14 79/79/79 78/78/78
f 14/14/14 15/15/15 79/79/79
f 15/15/15 80/80/80 79/79/79
f 15/15/15 16/16/16 80/80/80
f 16/16/16 81/81/81 80/80/80
f 16/16/16 17/17/17 81/81/81
f 17/17/17 82/82/82 81/81/81
f 17/17/17 18/18/18 82/82/82
f 18/18/18 83/83/83 82/82/82
f 18/18/18 19/19/19 83/83/83
f 19/19/19 84/84/84 83/83/83
f 19/19/19 20/20/20 84/84/84
f 20/20/20 85/85/85 84/84/84
f 20/20/20 21/21/21 85/85/85
f 21/21/21 86/86/86 85/85/85
f 21/21/21 22/22/22 86/86/86
f 22/22/22 87/87/87 86/86/86
f 22/22/22 23/23/23 87/87/87
f 23/23/23 88/88/88 87/87/87
f 23/23/23 24/24/24 88/88/88
f 24/24/24 89/89/89 88/88/88
f 24/24/24 25/25/25 89/89/89
f 25/25/25 90/90/90 89/89/89
f 25/25/25 26/26/26 90/90/90
f 26/26/26 91/91/91 90/90/90
f 26/26/26 27/27/27 91/91/91
f 27/27/27 92/92/92 91/91/91
f 27/27/27 28/28/28 92/92/92
f 28/28/28 93/93/93 92/92/92
f 28/28/28 29/29/29 93/93/93
f 29/29/29 94/94/94 93/93/93
f 29/29/29 30/30/30 94/94/94
f 30/30/30 95/95/95 94/94/94
f 30/30/30 31/31/31 95/95/95
f 31/31/31 96/96/96 95/95/95
f 31/31/31 32/32/32 96/96/96
f 32/32/32 97/97/97 96/96/96
f 32/32/32 33/33/33 97/97/97
f 33/33/33 98/98/98 97/97/97
f 33/33/33 34/34/34 98/98/98
f 34/34/34 99/99/99 98/98/98
f 34/34/34 35/35/35 99/99/99
f 35/35/35 100/100/100 99/99/99
f 35/35/35 36/36/36 100/100/100
f 36/36/36 101/101/101 100/100/100
f 36/36/36 37/37/37 101/101/101
f 37/37/37 102/102/102 101/101/101
f 37/37/37 38/38/38 102/102/102
f 38/38/38 103/103/103 102/102/102
f 38/38/38 39/39/39 103/103/103
f 39/39/39 104/104/104 103/103/103
f 39/39/39 40/40/40 104/104/104
f 40/40/40 105/105/105 104/104/104
f 40/40/40 41/41/41 105/105/105
f 41/41/41 106/106/106 105/105/105
f 41/41/41 42/42/42 106/106/106
f 42/42/42 107/107/107 106/106/106
f 42/42/42 43/43/43 107/107/107
f 43/43/43 108/108/108 107/107/107
f 43/43/43 44/44/44 108/108/108
f 44/44/44 109/109/109 108/108/108
f 44/44/44 45/45/45 109/109/109
f 45/45/45 110/110/110 109/109/109
f 45/45/45 46/46/46 110/110/110
f 46/46/46 111/111/111 110/110/110
f 46/46/46 47/47/47 111/111/111
f 47/47/47 112/112/112 111/111/111
f 47/47/47 48/48/48 112/112/112
f 48/48/48 113/113/113 112/112/112
f 48/48/48 49/49/49 113/113/113
f 49/49/49 114/114/114 113/113/113
f 49/49/49 50/50/50 114/114/114
f 50/50/50 115/115/115 114/114/114
f 50/50/50 51/51/51 115/115/115
f 51/51/51 116/116/116 115/115/115
f 51/51/51 52/52/52 116/116/116
f 52/52/52 117/117/117 116/116/116
f 52/52/52 53/53/53 117/117/117
f 53/53/53 118/118/118 117/117/117
f 53/53/53 54/54/54 118/118/118
f 54/54/54 119/119/119 118/118/118
f 54/54/54 55/55/55 119/119/119
f 55/55/55 120/120/120 119/119/119
f 55/55/55 56/56/56 120/120/120
f 56/56/56 121/121/121 120/120/120
f 56/56/56 57/57/57 121/121/121
f 57/57/57 122/122/122 121/121/121
f 57/57/57 58/58/58 122/122/122
f 58/58/58 123/123/123 122/122/122
f 58/58/58 59/59/59 123/123/123
f 59/59/59 124/124/124 123/123/123
f 59/59/59 60/60/60 124/124/124
f 60/60/60 125/125/125 124/124/124
f 60/60/60 61/61/61 125/125/125
f 61/61/61 126/126/126 125/125/125
f 61/61/61 62/62/62 126/126/126
f 62/62/62 127/127/127 126/126/126
f 62/62/62 63/63/63 127/127/127
f 63/63/63 128/128/128 127/127/127
f 63/63/63 64/64/64 128/128/128
f 64/64/64 129/129/129 128/128/128
f 64/64/64 65/65/65 129/129/129
f 65/65/65 130/130/130 129/129/129
f 66/66/66 67/67/67 131/131/131
f 67/67/67 132/132/132 131/131/131
f 67/67/67 68/68/68 132/132/132
f 68/68/68 133/133/133 132/132/132
f 68/68/68 69/69/69 133/133/133
f 69/69/69 134/134/134 133/133/133
f 69/69/69 70/70/70 134/134/134
f 70/70/70 135/135/135 134/134/134
f 70/70/70 71/71/71 135/135/135
f 71/71/71 136/136/136 135/135/135
f 71/71/71 72/72/72 136/136/136
f 72/72/72 137/137/137 136/136/136
f 72/72/72 73/73/73 137/137/137
f 73/73/73 138/138/138 137/137/137
f 73/73/73 74/74/74 138/138/138
f 74/74/74 139/139/139 138/138/138
f 74/74/74 75/75/75 139/139/139
f 75/75/75 140/140/140 139/139/139
f 75/75/75 76/76/76 140/140/140
f 76/76/76 141/141/141 140/140/140
f 76/76/76 77/77/77 141/141/141
f 77/77/77 142/142/142 141/141/141
f 77/77/77 78/78/78 142/142/142
f 78/78/78 143/143/143 142/142/142
f 78/78/78 79/79/79 143/143/143
f 79/79/79 144/144/144 143/143/143
f 79/79/79 80/80/80 144/144/144
f 80/80/80 145/145/145 144/144/144
f 80/80/80 81/81/81 145/145/145
f 81/81/81 146/146/146 145/145/145
f 81/81/81 82/82/82 146/146/146
f 82/82/82 147/147/147 146/146/146
f 82/82/82 83/83/83 147/147/147
f 83/83/83 148/148/148 147/147/147
f 83/83/83 84/84/84 148/148/148
f 84/84/84 149/149/149 148/148/148
f 84/84/84 85/85/85 149/149/149
f 85/85/85 150/150/150 149/149/149
f 85/85/85 86/86/86 150/150/150
f 86/86/86 151/151/151 150/150/150
f 86/86/86 87/87/87 151/151/151
f 87/87/87 152/152/152 151/151/151
f 87/87/87 88/88/88 152/152/152
f 88/88/88 153/153/153 152/152/152
f 88/88/88 89/89/89 153/153/153
f 89/89/89 154/154/154 153/153/153
f 89/89/89 90/90/90 154/154/154
f 90/90/90 155/155/155 154/154/154
f 90/90/90 91/91/91 155/155/155
f 91/91/91 156/156/156 155/155/155
f 91/91/91 92/92/92 156/156/156
f 92/92/92 157/157/157 156/156/156
f 92/92/92 93/93/93 157/157/157
f 93/93/93 158/158/158 157/157/157
f 93/93/93 94/94/94 158/158/158
f 94/94/94 159/159/159 158/158/158
f 94/94/94 95/95/95 159/159/159
f 95/95/95 160/160/160 159/159/159
f 95/95/95 96/96/96 160/160/160
f 96/96/96 161/161/161 160/160/160
f 96/96/96 97/97/97 161/161/161
f 97/97/97 162/162/162 161/161/161
f 97/97/97 98/98/98 162/162/162
f 98/98/98 163/163/163 162/162/162
f 98/98/98 99/99/99 163/163/163
f 99/99/99 164/164/164 163/163/163
f 99/99/99 100/100/100 164/164/164
f 100/100/100 165/165/165 164/164/164
f 100/100/100 101/101/101 165/165/165
f 101/101/101 166/166/166 165/165/165
f 101/101/101 102/102/102 166/166/166
f 102/102/102 167/167/167 166/166/166
f 102/102/102 103/103/103 167/167/167
f 103/103/103 168/168/168 167/167/167
f 103/103/103 104/104/104 168/168/168
f 104/104/104 169/169/169 168/168/168
f 104/104/104 105/105/105 169/169/169
f 105/105/105 170/170/170 169/169/169
f 105/105/105 106/106/106 170/170/170
f 106/106/106 171/171/171 170/170/170
f 106/106/106 107/107/107 171/171/171
f 107/107/107 172/172/172 171/171/171
f 107/107/107 108/108/108 172/172/172
f 108/108/108 173/173/173 172/172/172
f 108/108/108 109/109/109 173/173/173
f 109/109/109 174/174/174 173/173/173
f 109/109/109 110/110/110 174/174/174
f 110/110/110 175/175/175 174/174/174
f 110/110/110 111/111/111 175/175/175
f 111/111/111 176/176/176 175/175/175
f 111/111/111 112/112/112 176/176/176
f 112/112/112 177/177/177 176/176/176
f 112/112/112 113/113/113 177/177/177
f 113/113/113 178/178/178 177/177/177
f 113/113/113 114/114/114 178/178/178
f 114/114/114 179/179/179 178/178/178
f 114/114/114 115/115/115 179/179/179
f 115/115/115 180/180/180 179/179/179
f 115/115/115 116/116/116 180/180/180
f 116/116/116 181/181/181 180/180/180
f 116/116/116 117/117/117 181/181/181
f 117/117/117 182/182/182 181/181/181
f 117/117/117 118/118/118 182/182/182
f 118/118/118 183/183/183 182/182/182
f 118/118/118 119/119/119 183/183/183
f 119/119/119 184/184/184 183/183/183
f 119/119/119 120/120/120 184/184/184
f 120/120/120 185/185/185 184/184/184
f 120/120/120 121/121/121 185/185/185
f 121/121/121 186/186/186 185/185/185
f 121/121/121 122/122/122 186/186/186
f 122/122/122 187/187/187 186/186/186
f 122/122/122 123/123/123 187/187/187
f 123/123/123 188/188/188 187/187/187
f 123/123/123 124/124/124 188/188/188
f 124/124/124 189/189/189 188/188/188
f 124/124/124 125/125/125 189/189/189
f 125/125/125 190/190/190 189/189/189
f 125/125/125 126/126/126 190/190/190
f 126/126/126 191/191/191 190/190/190
f 126/126/126 127/127/127 191/191/191
f 127/127/127 192/192/192 191/191/191
f 127/127/127 128/128/128 192/192/192
f 128/128/128 193/193/193 192/192/192
f 128/128/128 129/129/129 193/193/193
f 129/129/129 194/194/194 193/193/193
f 129/129/129 130/130/130 194/194/194
f 130/130/130 195/195/195 194/194/194
f 131/131/131 132/132/132 196/196/196
f 132/132/132 197/197/197 196/196/196
f 132/132/132 133/133/133 197/197/197
f 133/133/133 198/198/198 197/197/197
f 133/133/133 134/134/134 198/198/198
f 134/134/134 199/199/199 198/198/198
f 134/134/134 135/135/135 199/199/199
f 135/135/135 200/200/200 199/199/199
f 135/135/135 136/136/136 200/200/200
f 136/136/136 201/201/201 200/200/200
f 136/136/136 137/137/137 201/201/201
f 137/137/137 202/202/202 201/201/201
f 137/137/137 138/138/138 202/202/202
f 138/138/138 203/203/203 202/202/202
f 138/138/138 139/139/139 203/203/203
f 139/139/139 204/204/204 203/203/203
f 139/139/139 140/140/140 204/204/204
f 140/140/140 205/205/205 204/204/204
f 140/140/140 141/141/141 205/205/205
f 141/141/141 206/206/206 205/205/205
f 141/141/141 142/142/142 206/206/206
f 142/142/142 207/207/207 206/206/206
f 142/142/142 143/143/143 207/207/207
f 143/143/143 208/208/208 207/207/207
f 143/143/143 144/144/144 208/208/208
f 144/144/144 209/209/209 208/208/208
f 144/144/144 145/145/145 209/209/209
f 145/145/145 210/210/210 209/209/209
f 145/145/145 146/146/146 210/210/210
f 146/146/146 211/211/211 210/210/210
f 146/146/146 147/147/147 211/211/211
f 147/147/147 212/212/212 211/211/211
f 147/147/147 148/148/148 212/212/212
f 148/148/148 213/213/213 212/212/212
f 148/148/148 149/149/149 213/213/213
f 149/149/149 214/214/214 213/213/213
f 149/149/149 150/150/150 214/214/214
f 150/150/150 215/215/215 214/214/214
f 150/150/150 151/151/151 215/215/215
f 151/151/151 216/216/216 215/215/215
f 151/151/151 152/152/152 216/216/216
f 152/152/152 217/217/217 216/216/216
f 152/152/152 153/153/153 217/217/217
f 153/153/153 218/218/218 217/217/217
f 153/153/153 154/154/154 218/218/218
f 154/154/154 219/219/219 218/218/218
f 154/154/154 155/155/155 219/219/219
f 155/155/155 220/220/220 219/219/219
f 155/155/155 156/156/156 220/220/220
f 156/156/156 221/221/221 220/220/220
f 156/156/156 157/157/157 221/221/221
f 157/157/157 222/222/222 221/221/221
f 157/157/157 158/158/158 222/222/222
f 158/158/158 223/223/223 222/222/222
f 158/158/158 159/159/159 223/223/223
f 159/159/159 224/224/224 223/223/223
f 159/159/159 160/160/160 224/224/224
f 160/160/160 225/225/225 224/224/224
f 160/160/160 161/161/161 225/225/225
f 161/161/161 226/226/226 225/225/225
f 161/161/161 162/162/162 226/226/226
f 162/162/162 227/227/227 226/226/226
f 162/162/162 163/163/163 227/227/227
f 163/163/163 228/228/228 227/227/227
f 163/163/163 164/164/164 228/228/228
f 164/164/164 229/229/229 228/228/228
f 164/164/164 165/165/165 229/229/229
f 165/165/165 230/230/230 229/229/229
f 165/165/165 166/166/166 230/230/230
f 166/166/166 231/231/231 230/230/230
f 166/166/166 167/167/167 231/231/231
f 167/167/167 232/232/232 231/231/231
f 167/167/167 168/168/168 232/232/232
f 168/168/168 233/233/233 232/232/232
f 168/168/168 169/169/169 233/233/233
f 169/169/169 234/234/234 233/233/233
f 169/169/169 170/170/170 234/234/234
f 170/170/170 235/235/235 234/234/234
f 170/170/170 171/171/171 235/235/235
f 171/171/171 236/236/236 235/235/235
f 171/171/171 172/172/172 236/236/236
f 172/172/172 237/237/237 236/236/236
f 172/172/172 173/173/173 237/237/237
f 173/173/173 238/238/238 237/237/237
f 173/173/173 174/174/174 238/238/238
f 174/174/174 239/239/239 238/238/238
f 174/174/174 175/175/175 239/239/239
f 175/175/175 240/240/240 239/239/239
f 175/175/175 176/176/176 240/240/240
f 176/176/176 241/241/241 240/240/240
f 176/176/176 177/177/177 241/241/241
f 177/177/177 242/242/242 241/241/241
f 177/177/177 178/178/178 242/242/242
f 178/178/178 243/243/243 242/242/242
f 178/178/178 179/179/179 243/243/243
f 179/179/179 244/244/244 243/243/243
f 179/179/179 180/180/180 244/244/244
f 180/180/180 245/245/245 244/244/244
f 180/180/180 181/181/181 245/245/245
f 181/181/181 246/246/246 245/245/245
f 181/181/181 182/182/182 246/246/246
f 182/182/182 247/247/247 246/246/246
f 182/182/182 183/183/183 247/247/247
f 183/183/183 248/248/248 247/247/247
f 183/183/183 184/184/184 248/248/248
f 184/184/184 249/249/249 248/248/248
f 184/184/184 185/185/185 249/249/249
f 185/185/185 250/250/250 249/249/249
f 185/185/185 186/186/186 250/250/250
f 186/186/186 251/251/251 250/250/250
f 186/186/186 187/187/187 251/251/251
f 187/187/187 252/252/252 251/251/251
f 187/187/187 188/188/188 252/252/252
f 188/188/188 253/253/253 252/252/252
f 188/188/188 189/189/189 253/253/253
f 189/189/189 254/254/254 253/253/253
f 189/189/189 190/190/190 254/254/254
f 190/190/190 255/255/255 254/254/254
f 190/190/190 191/191/191 255/255/255
f 191/191/191 256/256/256 255/255/255
f 191/191/191 192/192/192 256/256/256
f 192/192/192 257/257/257 256/256/256
f 192/192/192 193/193/193 257/257/257
f 193/193/193 258/258/258 257/257/257
f 193/193/193 194/194/194 258/258/258
f 194/194/194 259/259/259 258/258/258
f 194/194/194 195/195/195 259/259/259
f 195/195/195 260/260/260 259/259/259
f 196/196/196 197/197/197 261/261/261
f 197/197/197 262/262/262 261/261/261
f 197/197/197 198/198/198 262/262/262
f 198/198/198 263/263/263 262/262/262
f 198/198/198 199/199/199 263/263/263
f 199/199/199 264/264/264 263/263/263
f 199/199/199 200/200/200 264/264/264
f 200/200/200 265/265/265 264/264/264
f 200/200/200 201/201/201 265/265/265
f 201/201/201 266/266/266 265/265/265
f 201/201/201 202/202/202 266/266/266
f 202/202/202 267/267/267 266/266/266
f 202/202/202 203/203/203 267/267/267
f 203/203/203 268/268/268 267/267/267
f 203/203/203 204/204/204 268/268/268
f 204/204/204 269/269/269 268/268/268
f 204/204/204 205/205/205 269/269/269
f 205/205/205 270/270/270 269/269/269
f 205/205/205 206/206/206 270/270/270
f 206/206/206 271/271/271 270/270/270
f 206/206/206 207/207/207 271/271/271
f 207/207/207 272/272/272 271/271/271
f 207/207/207 208/208/208 272/272/272
f 208/208/208 273/273/273 272/272/272
f 208/208/208 209/209/209 273/273/273
f 209/209/209 274/274/274 273/273/273
f 209/209/209 210/210/210 274/274/274
f 210/210/210 275/275/275 274/274/274
f 210/210/210 211/211/211 275/275/275
f 211/211/211 276/276/276 275/275/275
f 211/211/211 212/212/212 276/276/276
f 212/212/212 277/277/277 276/276/276
f 212/212/212 213/213/213 277/277/277
f 213/213/213 278/278/278 277/277/277
f 213/213/213 214/214/214 278/278/278
f 214/214/214 279/279/279 278/278/278
f 214/214/214 215/215/215 279/279/279
f 215/215/215 280/280/280 279/279/279
f 215/215/215 216/216/216 280/280/280
f 216/216/216 281/281/281 280/280/280
f 216/216/216 217/217/217 281/281/281
f 217/217/217 282/282/282 281/281/281
f 217/217/217 218/218/218 282/282/282
f 218/218/218 283/283/283 282/282/282
f 218/218/218 219/219/219 283/283/283
f 219/219/219 284/284/284 283/283/283
f 219/219/219 220/220/220 284/284/284
f 220/220/220 285/285/285 284/284/284
f 220/220/220 221/221/221 285/285/285
f 221/221/221 286/286/286 285/285/285
f 221/221/221 222/222/222 286/286/286
f 222/222/222 287/287/287 286/286/286
f 222/222/222 223/223/223 287/287/287
f 223/223/223 288/288/288 287/287/287
f 223/223/223 224/224/224 288/288/288
f 224/224/224 289/289/289 288/288/288
f 224/224/224 225/225/225 289/289/289
f 225/225/225 290/290/290 289/289/289
f 225/225/225 226/226/226 290/290/290
f 226/226/226 291/291/291 290/290/290
f 226/226/226 227/227/227 291/291/291
f 227/227/227 292/292/292 291/291/291
f 227/227/227 228/228/228 292/292/292
f 228/228/228 293/293/293 292/292/292
f 228/228/228 229/229/229 293/293/293
f 229/229/229 294/294/294 293/293/293
f 229/229/229 230/230/230 294/294/294
f 230/230/230 295/295/295 294/294/294
f 230/230/230 231/231/231 295/295/295
f 231/231/231 296/296/296 295/295/295
f 231/231/231 232/232/232 296/296/296
f 232/232/232 297/297/297 296/296/296
f 232/232/232 233/233/233 297/297/297
f 233/233/233 298/298/298 297/297/297
f 233/233/233 234/234/234 298/298/298
f 234/234/234 299/299/299 298/298/298
f 234/234/234 235/235/235 299/299/299
f 235/235/235 300/300/300 299/299/299
f 235/235/235 236/236/236 300/300/300
f 236/236/236 301/301/301 300/300/300
f 236/236/236 237/237/237 301/301/301
f 237/237/237 302/302/302 301/301/301
f 237/237/237 238/238/238 302/302/302
f 238/238/238 303/303/303 302/302/302
f 238/238/238 239/239/239 303/303/303
f 239/239/239 304/304/304 303/303/303
f 239/239/239 240/240/240 304/304/304
f 240/240/240 305/305/305 304/304/304
f 240/240/240 241/241/241 305/305/305
f 241/241/241 306/306/306 305/305/305
f 241/241/241 242/242/242 306/306/306
f 242/242/242 307/307/307 306/306/306
f 242/242/242 243/243/243 307/307/307
f 243/243/243 308/308/308 307/307/307
f 243/243/243 244/244/244 308/308/308
f 244/244/244 309/309/309 308/308/308
f 244/244/244 245/245/245 309/309/309
f 245/245/245 310/310/310 309/309/309
f 245/245/245 246/246/246 310/310/310
f 246/246/246 311/311/311 310/310/310
f 246/246/246 247/247/247 311/311/311
f 247/247/247 312/312/312 311/311/311
f 247/247/247 248/248/248 312/312/312
f 248/248/248 313/313/313 312/312/312
f 248/248/248 249/249/249 313/313/313
f 249/249/249 314/314/314 313/313/313
f 249/249/249 250/250/250 314/314/314
f 250/250/250 315/315/315 314/314/314
f 250/250/250 251/251/251 315/315/315
f 251/251/251 316/316/316 315/315/315
f 251/251/251 252/252/252 316/316/316
f 252/252/252 317/317/317 316/316/316
f 252/252/252 253/253/253 317/317/317
f 253/253/253 318/318/318 317/317/317
f 253/253/253 254/254/254 318/318/318
f 254/254/254 319/319/319 318/318/318
f 254/254/254 255/255/255 319/319/319
f 255/255/255 320/320/320 319/319/319
f 255/255/255 256/256/256 320/320/320
f 256/256/256 321/321/321 320/320/320
f 256/256/256 257/257/257 321/321/321
f 257/257/257 322/322/322 321/321/321
f 257/257/257 258/258/258 322/322/322
f 258/258/258 323/323/323 322/322/322
f 258/258/258 259/259/259 323/323/323
f 259/259/259 324/324/324 323/323/323
f 259/259/259 260/260/260 324/324/324
f 260/260/260 325/325/325 324/324/324
f 261/261/261 262/262/262 326/326/326
f 262/262/262 327/327/327 326/326/326
f 262/262/262 263/263/263 327/327/327
f 263/263/263 328/328/328 327/327/327
f 263/263/263 264/264/264 328/328/328
f 264/264/264 329/329/329 328/328/328
f 264/264/264 265/265/265 329/329/329
f 265/265/265 330/330/330 329/329/329
f 265/265/265 266/266/266 330/330/330
f 266/266/266 331/331/331 330/330/330
f 266/266/266 267/267/267 331/331/331
f 267/267/267 332/332/332 331/331/331
f 267/267/267 268/268/268 332/332/332
f 268/268/268 333/333/333 332/332/332
f 268/268/268 269/269/269 333/333/333
f 269/269/269 334/334/334 333/333/333
f 269/269/269 270/270/270 334/334/334
f 270/270/270 335/335/335 334/334/334
f 270/270/270 271/271/271 335/335/335
f 271/271/271 336/336/336 335/335/335
f 271/271/271 272/272/272 336/336/336
f 272/272/272 337/337/337 336/336/336
f 272/272/272 273/273/273 337/337/337
f 273/273/273 338/338/338 337/337/337
f 273/273/273 274/274/274 338/338/338
f 274/274/274 339/339/339 338/338/338
f 274/274/274 275/275/275 339/339/339
f 275/275/275 340/340/340 339/339/339
f 275/275/275 276/276/276 340/340/340
f 276/276/276 341/341/341 340/340/340
f 276/276/276 277/277/277 341/341/341
f 277/277/277 342/342/342 341/341/341
f 277/277/277 278/278/278 342/342/342
f 278/278/278 343/343/343 342/342/342
f 278/278/278 279/279/279 343/343/343
f 279/279/279 344/344/344 343/343/343
f 279/279/279 280/280/280 344/344/344
f 280/280/280 345/345/345 344/344/344
f 280/280/280 281/281/281 345/345/345
f 281/281/281 346/346/346 345/345/345
f 281/281/281 282/282/282 346/346/346
f 282/282/282 347/347/347 346/346/346
f 282/282/282 283/283/283 347/347/347
f 283/283/283 348/348/348 347/347/347
f 283/283/283 284/284/284 348/348/348
f 284/284/284 349/349/349 348/348/348
f 284/284/284 285/285/285 349/349/349
f 285/285/285 350/350/350 349/349/349
f 285/285/285 286/286/286 350/350/350
f 286/286/286 351/351/351 350/350/350
f 286/286/286 287/287/287 351/351/351
f 287/287/287 352/352/352 351/351/351
f 287/287/287 288/288/288 352/352/352
f 288/288/288 353/353/353 352/352/352
f 288/288/288 289/289/289 353/353/353
f 289/289/289 354/354/354 353/353/353
f 289/289/289 290/290/290 354/354/354
f 290/290/290 355/355/355 354/354/354
f 290/290/290 291/291/291 355/355/355
f 291/291/291 356/356/356 355/355/355
f 291/291/291 292/292/292 356/356/356
f 292/292/292 357/357/357 356/356/356
f 292/292/292 293/293/293 357/357/357
f 293/293/293 358/358/358 357/357/357
f 293/293/293 294/294/294 358/358/358
f 294/294/294 359/359/359 358/358/358
f 294/294/294 295/295/295 359/359/359
f 295/295/295 360/360/360 359/359/359
f 295/295/295 296/296/296 360/360/360
f 296/296/296 361/361/361 360/360/360
f 296/296/296 297/297/297 361/361/361
f 297/297/297 362/362/362 361/361/361
f 297/297/297 298/298/298 362/362/362
f 298/298/298 363/363/363 362/362/362
f 298/298/298 299/299/299 363/363/363
f 299/299/299 364/364/364 363/363/363
f 299/299/299 300/300/300 364/364/364
f 300/300/300 365/365/365 364/364/364
f 300/300/300 301/301/301 365/365/365
f 301/301/301 366/366/366 365/365/365
f 301/301/301 302/302/302 366/366/366
f 302/302/302 367/367/367 366/366/366
f 302/302/302 303/303/303 367/367/367
f 303/303/303 368/368/368 367/367/367
f 303/303/303 304/304/304 368/368/368
f 304/304/304 369/369/369 368/368/368
f 304/304/304 305/305/305 369/369/369
f 305/305/305 370/370/370 369/369/369
f 305/305/305 306/306/306 370/370/370
f 306/306/306 371/371/371 370/370/370
f 306/306/306 307/307/307 371/371/371
f 307/307/307 372/372/372 371/371/371
f 307/307/307 308/308/308 372/372/372
f 308/308/308 373/373/373 372/372/372
f 308/308/308 309/309/309 373/373/373
f 309/309/309 374/374/374 373/373/373
f 309/309/309 310/310/310 374/374/374
f 310/310/310 375/375/375 374/374/374
f 310/310/310 311/311/311 375/375/375
f 311/311/311 376/376/376 375/375/375
f 311/311/311 312/312/312 376/376/376
f 312/312/312 377/377/377 376/376/376
f 312/312/312 313/313/313 377/377/377
f 313/313/313 378/378/378 377/377/377
f 313/313/313 314/314/314 378/378/378
f 314/314/314 379/379/379 378/378/378
f 314/314/314 315/315/315 379/379/379
f 315/315/315 380/380/380 379/379/379
f 315/315/315 316/316/316 380/380/380
f 316/316/316 381/381/381 380/380/380
f 316/316/316 317/317/317 381/381/381
f 317/317/317 382/382/382 381/381/381
f 317/317/317 318/318/318 382/382/382
f 318/318/318 383/383/383 382/382/382
f 318/318/318 319/319/319 383/383/383
f 319/319/319 384/384/384 383/383/383
f 319/319/319 320/320/320 384/384/384
f 320/320/320 385/385/385 384/384/384
f 320/320/320 321/321/321 385/385/385
f 321/321/321 386/386/386 385/385/385
f 321/321/321 322/322/322 386/386/386
f 322/322/322 387/387/387 386/386/386
f 322/322/322 323/323/323 387/387/387
f 323/323/323 388/388/388 387/387/387
f 323/323/323 324/324/324 388/388/388
f 324/324/324 389/389/389 388/388/388
f 324/324/324 325/325/325 389/389/389
f 325/325/325 390/390/390 389/389/389
f 326/326/326 327/327/327 391/391/391
f 327/327/327 392/392/392 391/391/391
f 327/327/327 328/328/328 392/392/392
f 328/328/328 393/393/393 392/392/392
f 328/328/328 329/329/329 393/393/393
f 329/329/329 394/394/394 393/393/393
f 329/329/329 330/330/330 394/394/394
f 330/330/330 395/395/395 394/394/394
f 330/330/330 331/331/331 395/395/395
f 331/331/331 396/396/396 395/395/395
f 331/331/331 332/332/332 396/396/396
f 332/332/332 397/397/397 396/396/396
f 332/332/332 333/333/333 397/397/397
f 333/333/333 398/398/398 397/397/397
f 333/333/333 334/334/334 398/398/398
f 334/334/334 399/399/399 398/398/398
f 334/334/334 335/335/335 399/399/399
f 335/335/335 400/400/400 399/399/399
f 335/335/335 336/336/336 400/400/400
f 336/336/336 401/401/401 400/400/400
f 336/336/336 337/337/337 401/401/401
f 337/337/337 402/402/402 401/401/401
f 337/337/337 338/338/338 402/402/402
f 338/338/338 403/403/403 402/402/402
f 338/338/338 339/339/339 403/403/403
f 339/339/339 404/404/404 403/403/403
f 339/339/339 340/340/340 404/404/404
f 340/340/340 405/405/405 404/404/404
f 340/340/340 341/341/341 405/405/405
f 341/341/341 406/406/406 405/405/405
f 341/341/341 342/342/342 406/406/406
f 342/342/342 407/407/407 406/406/406
f 342/342/342 343/343/343 407/407/407
f 343/343/343 408/408/408 407/407/407
f 343/343/343 344/344/344 408/408/408
f 344/344/344 409/409/409 408/408/408
f 344/344/344 345/345/345 409/409/409
f 345/345/345 410/410/410 409/409/409
f 345/345/345 346/346/346 410/410/410
f 346/346/346 411/411/411 410/410/410
f 346/346/346 347/347/347 411/411/411
f 347/347/347 412/412/412 411/411/411
f 347/347/347 348/348/348 412/412/412
f 348/348/348 413/413/413 412/412/412
f 348/348/348 349/349/349 413/413/413
f 349/349/349 414/414/414 413/413/413
f 349/349/349 350/350/350 414/414/414
f 350/350/350 415/415/415 414/414/414
f 350/350/350 351/351/351 415/415/415
f 351/351/351 416/416/416 415/415/415
f 351/351/351 352/352/352 416/416/416
f 352/352/352 417/417/417 416/416/416
f 352/352/352 353/353/353 417/417/417
f 353/353/353 418/418/418 417/417/417
f 353/353/353 354/354/354 418/418/418
f 354/354/354 419/419/419 418/418/418
f 354/354/354 355/355/355 419/419/419
f 355/355/355 420/420/420 419/419/419
f 355/355/355 356/356/356 420/420/420
f 356/356/356 421/421/421 420/420/420
f 356/356/356 357/357/357 421/421/421
f 357/357/357 422/422/422 421/421/421
f 357/357/357 358/358/358 422/422/422
f 358/358/358 423/423/423 422/422/422
f 358/358/358 359/359/359 423/423/423
f 359/359/359 424/424/424 423/423/423
f 359/359/359 360/360/360 424/424/424
f 360/360/360 425/425/425 424/424/424
f 360/360/360 361/361/361 425/425/425
f 361/361/361 426/426/426 425/425/425
f 361/361/361 362/362/362 426/426/426
f 362/362/362 427/427/427 426/426/426
f 362/362/362 363/363/363 427/427/427
f 363/363/363 428/428/428 427/427/427
f 363/363/363 364/364/364 428/428/428
f 364/364/364 429/429/429 428/428/428
f 364/364/364 365/365/365 429/429/429
f 365/365/365 430/430/430 429/429/429
f 365/365/365 366/366/366 430/430/430
f 366/366/366 431/431/431 430/430/430
f 366/366/366 367/367/367 431/431/431
f 367/367/367 432/432/432 431/431/431
f 367/367/367 368/368/368 432/432/432
f 368/368/368 433/433/433 432/432/432
f 368/368/368 369/369/369 433/433/433
f 369/369/369 434/434/434 433/433/433
f 369/369/369 370/370/370 434/434/434
f 370/370/370 435/435/435 434/434/434
f 370/370/370 371/371/371 435/435/435
f 371/371/371 436/436/436 435/435/435
f 371/371/371 372/372/372 436/436/436
f 372/372/372 437/437/437 436/436/436
f 372/372/372 373/373/373 437/437/437
f 373/373/373 438/438/438 437/437/437
f 373/373/373 374/374/374 438/438/438
f 374/374/374 439/439/439 438/438/438
f 374/374/374 375/375/375 439/439/439
f 375/375/375 440/440/440 439/439/439
f 375/375/375 376/376/376 440/440/440
f 376/376/376 441/441/441 440/440/440
f 376/376/376 377/377/377 441/441/441
f 377/377/377 442/442/442 441/441/441
f 377/377/377 378/378/378 442/442/442
f 378/378/378 443/443/443 442/442/442
f 378/378/378 379/379/379 443/443/443
f 379/379/379 444/444/444 443/443/443
f 379/379/379 380/380/380 444/444/444
f 380/380/380 445/445/445 444/444/444
f 380/380/380 381/381/381 445/445/445
f 381/381/381 446/446/446 445/445/445
f 381/381/381 382/382/382 446/446/446
f 382/382/382 447/447/447 446/446/446
f 382/382/382 383/383/383 447/447/447
f 383/383/383 448/448/448 447/447/447
f 383/383/383 384/384/384 448/448/448
f 384/384/384 449/449/449 448/448/448
f 384/384/384 385/385/385 449/449/449
f 385/385/385 450/450/450 449/449/449
f 385/385/385 386/386/386 450/450/450
f 386/386/386 451/451/451 450/450/450
f 386/386/386 387/387/387 451/451/451
f 387/387/387 452/452/452 451/451/451
f 387/387/387 388/388/388 452/452/452
f 388/388/388 453/453/453 452/452/452
f 388/388/388 389/389/389 453/453/453
f 389/389/389 454/454/454 453/453/453
f 389/389/389 390/390/390 454/454/454
f 390/390/390 455/455/455 454/454/454
f 391/391/391 392/392/392 456/456/456
f 392/392/392 457/457/457 456/456/456
f 392/392/392 393/393/393 457/457/457
f 393/393/393 458/458/458 457/457/457
f 393/393/393 394/394/394 458/458/458
f 394/394/394 459/459/459 458/458/458
f 394/394/394 395/395/395 459/459/459
f 395/395/395 460/460/460 459/459/459
f 395/395/395 396/396/396 460/460/460
f 396/396/396 461/461/461 460/460/460
f 396/396/396 397/397/397 461/461/461
f 397/397/397 462/462/462 461/461/461
f 397/397/397 398/398/398 462/462/462
f 398/398/398 463/463/463 462/462/462
f 398/398/398 399/399/399 463/463/463
f 399/399/399 464/464/464 463/463/463
f 399/399/399 400/400/400 464/464/464
f 400/400/400 465/465/465 464/464/464
f 400/400/400 401/401/401 465/465/465
f 401/401/401 466/466/466 465/465/465
f 401/401/401 402/402/402 466/466/466
f 402/402/402 467/467/467 466/466/466
f 402/402/402 403/403/403 467/467/467
f 403/403/403 468/468/468 467/467/467
f 403/403/403 404/404/404 468/468/468
f 404/404/404 469/469/469 468/468/468
f 404/404/404 405/405/405 469/469/469
f 405/405/405 470/470/470 469/469/469
f 405/405/405 406/406/406 470/470/470
f 406/406/406 471/471/471 470/470/470
f 406/406/406 407/407/407 471/471/471
f 407/407/407 472/472/472 471/471/471
f 407/407/407 408/408/408 472/472/472
f 408/408/408 473/473/473 472/472/472
f 408/408/408 409/409/409 473/473/473
f 409/409/409 474/474/474 473/473/473
f 409/409/409 410/410/410 474/474/474
f 410/410/410 475/475/475 474/474/474
f 410/410/410 411/411/411 475/475/475
f 411/411/411 476/476/476 475/475/475
f 411/411/411 412/412/412 476/476/476
f 412/412/412 477/477/477 476/476/476
f 412/412/412 413/413/413 477/477/477
f 413/413/413 478/478/478 477/477/477
f 413/413/413 414/414/414 478/478/478
f 414/414/414 479/479/479 478/478/478
f 414/414/414 415/415/415 479/479/479
f 415/415/415 480/480/480 479/479/479
f 415/415/415 416/416/416 480/480/480
f 416/416/416 481/481/481 480/480/480
f 416/416/416 417/417/417 481/481/481
f 417/417/417 482/482/482 481/481/481
f 417/417/417 418/418/418 482/482/482
f 418/418/418 483/483/483 482/482/482
f 418/418/418 419/419/419 483/483/483
f 419/419/419 484/484/484 483/483/483
f 419/419/419 420/420/420 484/484/484
f 420/420/420 485/485/485 484/484/484
f 420/420/420 421/421/421 485/485/485
f 421/421/421 486/486/486 485/485/485
f 421/421/421 422/422/422 486/486/486
f 422/422/422 487/487/487 486/486/486
f 422/422/422 423/423/423 487/487/487
f 423/423/423 488/488/488 487/487/487
f 423/423/423 424/424/424 488/488/488
f 424/424/424 489/489/489 488/488/488
f 424/424/424 425/425/425 489/489/489
f 425/425/425 490/490/490 489/489/489
f 425/425/425 426/426/426 490/490/490
f 426/426/426 491/491/491 490/490/490
f 426/426/426 427/427/427 491/491/491
f 427/427/427 492/492/492 491/491/491
f 427/427/427 428/428/428 492/492/492
f 428/428/428 493/493/493 492/492/492
f 428/428/428 429/429/429 493/493/493
f 429/429/429 494/494/494 493/493/493
f 429/429/429 430/430/430 494/494/494
f 430/430/430 495/495/495 494/494/494
f 430/430/430 431/431/431 495/495/495
f 431/431/431 496/496/496 495/495/495
f 431/431/431 432/432/432 496/496/496
f 432/432/432 497/497/497 496/496/496
f 432/432/432 433/433/433 497/497/497
f 433/433/433 498/498/498 497/497/497
f 433/433/433 434/434/434 498/498/498
f 434/434/434 499/499/499 498/498/498
f 434/434/434 435/435/435 499/499/499
f 435/435/435 500/500/500 499/499/499
f 435/435/435 436/436/436 500/500/500
f 436/436/436 501/501/501 500/500/500
f 436/436/436 437/437/437 501/501/501
f 437/437/437 502/502/502 501/501/501
f 437/437/437 438/438/438 502/502/502
f 438/438/438 503/503/503 502/502/502
f 438/438/438 439/439/439 503/503/503
f 439/439/439 504/504/504 503/503/503
f 439/439/439 440/440/440 504/504/504
f 440/440/440 505/505/505 504/504/504
f 440/440/440 441/441/441 505/505/505
f 441/441/441 506/506/506 505/505/505
f 441/441/441 442/442/442 506/506/506
f 442/442/442 507/507/507 506/506/506
f 442/442/442 443/443/443 507/507/507
f 443/443/443 508/508/508 507/507/507
f 443/443/443 444/444/444 508/508/508
f 444/444/444 509/509/509 508/508/508
f 444/444/444 445/445/445 509/509/509
f 445/445/445 510/510/510 509/509/509
f 445/445/445 446/446/446 510/510/510
f 446/446/446 511/511/511 510/510/510
f 446/446/446 447/447/447 511/511/511
f 447/447/447 512/512/512 511/511/511
f 447/447/447 448/448/448 512/512/512
f 448/448/448 513/513/513 512/512/512
f 448/448/448 449/449/449 513/513/513
f 449/449/449 514/514/514 513/513/513
f 449/449/449 450/450/450 514/514/514
f 450/450/450 515/515/515 514/514/514
f 450/450/450 451/451/451 515/515/515
f 451/451/451 516/516/516 515/515/515
f 451/451/451 452/452/452 516/516/516
f 452/452/452 517/517/517 516/516/516
f 452/452/452 453/453/453 517/517/517
f 453/453/453 518/518/518 517/517/517
f 453/453/453 454/454/454 518/518/518
f 454/454/454 519/519/519 518/518/518
f 454/454/454 455/455/455 519/519/519
f 455/455/455 520/520/520 519/519/519
f 456/456/456 457/457/457 521/521/521
f 457/457/457 522/522/522 521/521/521
f 457/457/457 458/458/458 522/522/522
f 458/458/458 523/523/523 522/522/522
f 458/458/458 459/459/459 523/523/523
f 459/459/459 524/524/524 523/523/523
f 459/459/459 460/460/460 524/524/524
f 460/460/460 525/525/525 524/524/524
f 460/460/460 461/461/461 525/525/525
f 461/461/461 526/526/526 525/525/525
f 461/461/461 462/462/462 526/526/526
f 462/462/462 527/527/527 526/526/526
f 462/462/462 463/463/463 527/527/527
f 463/463/463 528/528/528 527/527/527
f 463/463/463 464/464/464 528/528/528
f 464/464/464 529/529/529 528/528/528
f 464/464/464 465/465/465 529/529/529
f 465/465/465 530/530/530 529/529/529
f 465/465/465 466/466/466 530/530/530
f 466/466/466 531/531/531 530/530/530
f 466/466/466 467/467/467 531/531/531
f 467/467/467 532/532/532 531/531/531
f 467/467/467 468/468/468 532/532/532
f 468/468/468 533/533/533 532/532/532
f 468/468/468 469/469/469 533/533/533
f 469/469/469 534/534/534 533/533/533
f 469/469/469 470/470/470 534/534/534
f 470/470/470 535/535/535 534/534/534
f 470/470/470 471/471/471 535/535/535
f 471/471/471 536/536/536 535/535/535
f 471/471/471 472/472/472 536/536/536
f 472/472/472 537/537/537 536/536/536
f 472/472/472 473/473/473 537/537/537
f 473/473/473 538/538/538 537/537/537
f 473/473/473 474/474/474 538/538/538
f 474/474/474 539/539/539 538/538/538
f 474/474/474 475/475/475 539/539/539
f 475/475/475 540/540/540 539/539/539
f 475/475/475 476/476/476 540/540/540
f 476/476/476 541/541/541 540/540/540
f 476/476/476 477/477/477 541/541/541
f 477/477/477 542/542/542 541/541/541
f 477/477/477 478/478/478 542/542/542
f 478/478/478 543/543/543 542/542/542
f 478/478/478 479/479/479 543/543/543
f 479/479/479 544/544/544 543/543/543
f 479/479/479 480/480/480 544/544/544
f 480/480/480 545/545/545 544/544/544
f 480/480/480 481/481/481 545/545/545
f 481/481/481 546/546/546 545/545/545
f 481/481/481 482/482/482 546/546/546
f 482/482/482 547/547/547 546/546/546
f 482/482/482 483/483/483 547/547/547
f 483/483/483 548/548/548 547/547/547
f 483/483/483 484/484/484 548/548/548
f 484/484/484 549/549/549 548/548/548
f 484/484/484 485/485/485 549/549/549
f 485/485/485 550/550/550 549/549/549
f 485/485/485 486/486/486 550/550/550
f 486/486/486 551/551/551 550/550/550
f 486/486/486 487/487/487 551/551/551
f 487/487/487 552/552/552 551/551/551
f 487/487/487 488/488/488 552/552/552
f 488/488/488 553/553/553 552/552/552
f 488/488/488 489/489/489 553/553/553
f 489/489/489 554/554/554 553/553/553
f 489/489/489 490/490/490 554/554/554
f 490/490/490 555/555/555 554/554/554
f 490/490/490 491/491/491 555/555/555
f 491/491/491 556/556/556 555/555/555
f 491/491/491 492/492/492 556/556/556
f 492/492/492 557/557/557 556/556/556
f 492/492/492 493/493/493 557/557/557
f 493/493/493 558/558/558 557/557/557
f 493/493/493 494/494/494 558/558/558
f 494/494/494 559/559/559 558/558/558
f 494/494/494 495/495/495 559/559/559
f 495/495/495 560/560/560 559/559/559
f 495/495/495 496/496/496 560/560/560
f 496/496/496 561/561/561 560/560/560
f 496/496/496 497/497/497 561/561/561
f 497/497/497 562/562/562 561/561/561
f 497/497/497 498/498/498 562/562/562
f 498/498/498 563/563/563 562/562/562
f 498/498/498 499/499/499 563/563/563
f 499/499/499 564/564/564 563/563/563
f 499/499/499 500/500/500 564/564/564
f 500/500/500 565/565/565 564/564/564
f 500/500/500 501/501/501 565/565/565
f 501/501/501 566/566/566 565/565/565
f 501/501/501 502/502/502 566/566/566
f 502/502/502 567/567/567 566/566/566
f 502/502/502 503/503/503 567/567/567
f 503/503/503 568/568/568 567/567/567
f 503/503/503 504/504/504 568/568/568
f 504/504/504 569/569/569 568/568/568
f 504/504/504 505/505/505 569/569/569
f 505/505/505 570/570/570 569/569/569
f 505/505/505 506/506/506 570/570/570
f 506/506/506 571/571/571 570/570/570
f 506/506/506 507/507/507 571/571/571
f 507/507/507 572/572/572 571/571/571
f 507/507/507 508/508/508 572/572/572
f 508/508/508 573/573/573 572/572/572
f 508/508/508 509/509/509 573/573/573
f 509/509/509 574/574/574 573/573/573
f 509/509/509 510/510/510 574/574/574
f 510/510/510 575/575/575 574/574/574
f 510/510/510 511/511/511 575/575/575
f 511/511/511 576/576/576 575/575/575
f 511/511/511 512/512/512 576/576/576
f 512/512/512 577/577/577 576/576/576
f 512/512/512 513/513/513 577/577/577
f 513/513/513 578/578/578 577/577/577
f 513/513/513 514/514/514 578/578/578
f 514/514/514 579/579/579 578/578/578
f 514/514/514 515/515/515 579/579/579
f 515/515/515 580/580/580 579/579/579
f 515/515/515 516/516/516 580/580/580
f 516/516/516 581/581/581 580/580/580
f 516/516/516 517/517/517 581/581/581
f 517/517/517 582/582/582 581/581/581
f 517/517/517 518/518/518 582/582/582
f 518/518/518 583/583/583 582/582/582
f 518/518/518 519/519/519 583/583/583
f 519/519/519 584/584/584 583/583/583
f 519/519/519 520/520/520 584/584/584
f 520/520/520 585/585/585 584/584/584
f 521/521/521 522/522/522 586/586/586
f 522/522/522 587/587/587 586/586/586
f 522/522/522 523/523/523 587/587/587
f 523/523/523 588/588/588 587/587/587
f 523/523/523 524/524/524 588/588/588
f 524/524/524 589/589/589 588/588/588
f 524/524/524 525/525/525 589/589/589
f 525/525/525 590/590/590 589/589/589
f 525/525/525 526/526/526 590/590/590
f 526/526/526 591/591/591 590/590/590
f 526/526/526 527/527/527 591/591/591
f 527/527/527 592/592/592 591/591/591
f 527/527/527 528/528/528 592/592/592
f 528/528/528 593/593/593 592/592/592
f 528/528/528 529/529/529 593/593/593
f 529/529/529 594/594/594 593/593/593
f 529/529/529 530/530/530 594/594/594
f 530/530/530 595/595/595 594/594/594
f 530/530/530 531/531/531 595/595/595
f 531/531/531 596/596/596 595/595/595
f 531/531/531 532/532/532 596/596/596
f 532/532/532 597/597/597 596/596/596
f 532/532/532 533/533/533 597/597/597
f 533/533/533 598/598/598 597/597/597
f 533/533/533 534/534/534 598/598/598
f 534/534/534 599/599/599 598/598/598
f 534/534/534 535/535/535 599/599/599
f 535/535/535 600/600/600 599/599/599
f 535/535/535 536/536/536 600/600/600
f 536/536/536 601/601/601 600/600/600
f 536/536/536 537/537/537 601/601/601
f 537/537/537 602/602/602 601/601/601
f 537/537/537 538/538/538 602/602/602
f 538/538/538 603/603/603 602/602/602
f 538/538/538 539/539/539 603/603/603
f 539/539/539 604/604/604 603/603/603
f 539/539/539 540/540/540 604/604/604
f 540/540/540 605/605/605 604/604/604
f 540/540/540 541/541/541 605/605/605
f 541/541/541 606/606/606 605/605/605
f 541/541/541 542/542/542 606/606/606
f 542/542/542 607/607/607 606/606/606
f 542/542/542 543/543/543 607/607/607
f 543/543/543 608/608/608 607/607/607
f 543/543/543 544/544/544 608/608/608
f 544/544/544 609/609/609 608/608/608
f 544/544/544 545/545/545 609/609/609
f 545/545/545 610/610/610 609/609/609
f 545/545/545 546/546/546 610/610/610
f 546/546/546 611/611/611 610/610/610
f 546/546/546 547/547/547 611/611/611
f 547/547/547 612/612/612 611/611/611
f 547/547/547 548/548/548 612/612/612
f 548/548/548 613/613/613 612/612/612
f 548/548/548 549/549/549 613/613/613
f 549/549/549 614/614/614 613/613/613
f 549/549/549 550/550/550 614/614/614
f 550/550/550 615/615/615 614/614/614
f 550/550/550 551/551/551 615/615/615
f 551/551/551 616/616/616 615/615/615
f 551/551/551 552/552/552 616/616/616
f 552/552/552 617/617/617 616/616/616
f 552/552/552 553/553/553 617/617/617
f 553/553/553 618/618/618 617/617/617
f 553/553/553 554/554/554 618/618/618
f 554/554/554 619/619/619 618/618/618
f 554/554/554 555/555/555 619/619/619
f 555/555/555 620/620/620 619/619/619
f 555/555/555 556/556/556 620/620/620
f 556/556/556 621/621/621 620/620/620
f 556/556/556 557/557/557 621/621/621
f 557/557/557 622/622/622 621/621/621
f 557/557/557 558/558/558 622/622/622
f 558/558/558 623/623/623 622/622/622
f 558/558/558 559/559/559 623/623/623
f 559/559/559 624/624/624 623/623/623
f 559/559/559 560/560/560 624/624/624
f 560/560/560 625/625/625 624/624/624
f 560/560/560 561/561/561 625/625/625
f 561/561/561 626/626/626 625/625/625
f 561/561/561 562/562/562 626/626/626
f 562/562/562 627/627/627 626/626/626
f 562/562/562 563/563/563 627/627/627
f 563/563/563 628/628/628 627/627/627
f 563/563/563 564/564/564 628/628/628
f 564/564/564 629/629/629 628/628/628
f 564/564/564 565/565/565 629/629/629
f 565/565/565 630/630/630 629/629/629
f 565/565/565 566/566/566 630/630/630
f 566/566/566 631/631/631 630/630/630
f 566/566/566 567/567/567 631/631/631
f 567/567/567 632/632/632 631/631/631
f 567/567/567 568/568/568 632/632/632
f 568/568/568 633/633/633 632/632/632
f 568/568/568 569/569/569 633/633/633
f 569/569/569 634/634/634 633/633/633
f 569/569/569 570/570/570 634/634/634
f 570/570/570 635/635/635 634/634/634
f 570/570/570 571/571/571 635/635/635
f 571/571/571 636/636/636 635/635/635
f 571/571/571 572/572/572 636/636/636
f 572/572/572 637/637/637 636/636/636
f 572/572/572 573/573/573 637/637/637
f 573/573/573 638/638/638 637/637/637
f 573/573/573 574/574/574 638/638/638
f 574/574/574 639/639/639 638/638/638
f 574/574/574 575/575/575 639/639/639
f 575/575/575 640/640/640 639/639/639
f 575/575/575 576/576/576 640/640/640
f 576/576/576 641/641/641 640/640/640
f 576/576/576 577/577/577 641/641/641
f 577/577/577 642/642/642 641/641/641
f 577/577/577 578/578/578 642/642/642
f 578/578/578 643/643/643 642/642/642
f 578/578/578 579/579/579 643/643/643
f 579/579/579 644/644/644 643/643/643
f 579/579/579 580/580/580 644/644/644
f 580/580/580 645/645/645 644/644/644
f 580/580/580 581/581/581 645/645/645
f 581/581/581 646/646/646 645/645/645
f 581/581/581 582/582/582 646/646/646
f 582/582/582 647/647/647 646/646/646
f 582/582/582 583/583/583 647/647/647
f 583/583/583 648/648/648 647/647/647
f 583/583/583 584/584/584 648/648/648
f 584/584/584 649/649/649 648/648/648
f 584/584/584 585/585/585 649/649/649
f 585/585/585 650/650/650 649/649/649
f 586/586/586 587/587/587 651/651/651
f 587/587/587 652/652/652 651/651/651
f 587/587/587 588/588/588 652/652/652
f 588/588/588 653/653/653 652/652/652
f 588/588/588 589/589/589 653/653/653
f 589/589/589 654/654/654 653/653/653
f 589/589/589 590/590/590 654/654/654
f 590/590/590 655/655/655 654/654/654
f 590/590/590 591/591/591 655/655/655
f 591/591/591 656/656/656 655/655/655
f 591/591/591 592/592/592 656/656/656
f 592/592/592 657/657/657 656/656/656
f 592/592/592 593/593/593 657/657/657
f 593/593/593 658/658/658 657/657/657
f 593/593/593 594/594/594 658/658/658
f 594/594/594 659/659/659 658/658/658
f 594/594/594 595/595/595 659/659/659
f 595/595/595 660/660/660 659/659/659
f 595/595/595 596/596/596 660/660/660
f 596/596/596 661/661/661 660/660/660
f 596/596/596 597/597/597 661/661/661
f 597/597/597 662/662/662 661/661/661
f 597/597/597 598/598/598 662/662/662
f 598/598/598 663/663/663 662/662/662
f 598/598/598 599/599/599 663/663/663
f 599/599/599 664/664/664 663/663/663
f 599/599/599 600/600/600 664/664/664
f 600/600/600 665/665/665 664/664/664
f 600/600/600 601/601/601 665/665/665
f 601/601/601 666/666/666 665/665/665
f 601/601/601 602/602/602 666/666/666
f 602/602/602 667/667/667 666/666/666
f 602/602/602 603/603/603 667/667/667
f 603/603/603 668/668/668 667/667/667
f 603/603/603 604/604/604 668/668/668
f 604/604/604 669/669/669 668/668/668
f 604/604/604 605/605/605 669/669/669
f 605/605/605 670/670/670 669/669/669
f 605/605/605 606/606/606 670/670/670
f 606/606/606 671/671/671 670/670/670
f 606/606/606 607/607/607 671/671/671
f 607/607/607 672/672/672 671/671/671
f 607/607/607 608/608/608 672/672/672
f 608/608/608 673/673/673 672/672/672
f 608/608/608 609/609/609 673/673/673
f 609/609/609 674/674/674 673/673/673
f 609/609/609 610/610/610 674/674/674
f 610/610/610 675/675/675 674/674/674
f 610/610/610 611/611/611 675/675/675
f 611/611/611 676/676/676 675/675/675
f 611/611/611 612/612/612 676/676/676
f 612/612/612 677/677/677 676/676/676
f 612/612/612 613/613/613 677/677/677
f 613/613/613 678/678/678 677/677/677
f 613/613/613 614/614/614 678/678/678
f 614/614/614 679/679/679 678/678/678
f 614/614/614 615/615/615 679/679/679
f 615/615/615 680/680/680 679/679/679
f 615/615/615 616/616/616 680/680/680
f 616/616/616 681/681/681 680/680/680
f 616/616/616 617/617/617 681/681/681
f 617/617/617 682/682/682 681/681/681
f 617/617/617 618/618/618 682/682/682
f 618/618/618 683/683/683 682/682/682
f 618/618/618 619/619/619 683/683/683
f 619/619/619 684/684/684 683/683/683
f 619/619/619 620/620/620 684/684/684
f 620/620/620 685/685/685 684/684/684
f 620/620/620 621/621/621 685/685/685
f 621/621/621 686/686/686 685/685/685
f 621/621/621 622/622/622 686/686/686
f 622/622/622 687/687/687 686/686/686
f 622/622/622 623/623/623 687/687/687
f 623/623/623 688/688/688 687/687/687
f 623/623/623 624/624/624 688/688/688
f 624/624/624 689/689/689 688/688/688
f 624/624/624 625/625/625 689/689/689
f 625/625/625 690/690/690 689/689/689
f 625/625/625 626/626/626 690/690/690
f 626/626/626 691/691/691 690/690/690
f 626/626/626 627/627/627 691/691/691
f 627/627/627 692/692/692 691/691/691
f 627/627/627 628/628/628 692/692/692
f 628/628/628 693/693/693 692/692/692
f 628/628/628 629/629/629 693/693/693
f 629/629/629 694/694/694 693/693/693
f 629/629/629 630/630/630 694/694/694
f 630/630/630 695/695/695 694/694/694
f 630/630/630 631/631/631 695/695/695
f 631/631/631 696/696/696 695/695/695
f 631/631/631 632/632/632 696/696/696
f 632/632/632 697/697/697 696/696/696
f 632/632/632 633/633/633 697/697/697
f 633/633/633 698/698/698 697/697/697
f 633/633/633 634/634/634 698/698/698
f 634/634/634 699/699/699 698/698/698
f 634/634/634 635/635/635 699/699/699
f 635/635/635 700/700/700 699/699/699
f 635/635/635 636/636/636 700/700/700
f 636/636/636 701/701/701 700/700/700
f 636/636/636 637/637/637 701/701/701
f 637/637/637 702/702/702 701/701/701
f 637/637/637 638/638/638 702/702/702
f 638/638/638 703/703/703 702/702/702
f 638/638/638 639/639/639 703/703/703
f 639/639/639 704/704/704 703/703/703
f 639/639/639 640/640/640 704/704/704
f 640/640/640 705/705/705 704/704/704
f 640/640/640 641/641/641 705/705/705
f 641/641/641 706/706/706 705/705/705
f 641/641/641 642/642/642 706/706/706
f 642/642/642 707/707/707 706/706/706
f 642/642/642 643/643/643 707/707/707
f 643/643/643 708/708/708 707/707/707
f 643/643/643 644/644/644 708/708/708
f 644/644/644 709/709/709 708/708/708
f 644/644/644 645/645/645 709/709/709
f 645/645/645 710/710/710 709/709/709
f 645/645/645 646/646/646 710/710/710
f 646/646/646 711/711/711 710/710/710
f 646/646/646 647/647/647 711/711/711
f 647/647/647 712/712/712 711/711/711
f 647/647/647 648/648/648 712/712/712
f 648/648/648 713/713/713 712/712/712
f 648/648/648 649/649/649 713/713/713
f 649/649/649 714/714/714 713/713/713
f 649/649/649 650/650/650 714/714/714
f 650/650/650 715/715/715 714/714/714
f 651/651/651 652/652/652 716/716/716
f 652/652/652 717/717/717 716/716/716
f 652/652/652 653/653/653 717/717/717
f 653/653/653 718/718/718 717/717/717
f 653/653/653 654/654/654 718/718/718
f 654/654/654 719/719/719 718/718/718
f 654/654/654 655/655/655 719/719/719
f 655/655/655 720/720/720 719/719/719
f 655/655/655 656/656/656 720/720/720
f 656/656/656 721/721/721 720/720/720
f 656/656/656 657/657/657 721/721/721
f 657/657/657 722/722/722 721/721/721
f 657/657/657 658/658/658 722/722/722
f 658/658/658 723/723/723 722/722/722
f 658/658/658 659/659/659 723/723/723
f 659/659/659 724/724/724 723/723/723
f 659/659/659 660/660/660 724/724/724
f 660/660/660 725/725/725 724/724/724
f 660/660/660 661/661/661 725/725/725
f 661/661/661 726/726/726 725/725/725
f 661/661/661 662/662/662 726/726/726
f 662/662/662 727/727/727 726/726/726
f 662/662/662 663/663/663 727/727/727
f 663/663/663 728/728/728 727/727/727
f 663/663/663 664/664/664 728/728/728
f 664/664/664 729/729/729 728/728/728
f 664/664/664 665/665/665 729/729/729
f 665/665/665 730/730/730 729/729/729
f 665/665/665 666/666/666 730/730/730
f 666/666/666 731/731/731 730/730/730
f 666/666/666 667/667/667 731/731/731
f 667/667/667 732/732/732 731/731/731
f 667/667/667 668/668/668 732/732/732
f 668/668/668 733/733/733 732/732/732
f 668/668/668 669/669/669 733/733/733
f 669/669/669 734/734/734 733/733/733
f 669/669/669 670/670/670 734/734/734
f 670/670/670 735/735/735 734/734/734
f 670/670/670 671/671/671 735/735/735
f 671/671/671 736/736/736 735/735/735
f 671/671/671 672/672/672 736/736/736
f 672/672/672 737/737/737 736/736/736
f 672/672/672 673/673/673 737/737/737
f 673/673/673 738/738/738 737/737/737
f 673/673/673 674/674/674 738/738/738
f 674/674/674 739/739/739 738/738/738
f 674/674/674 675/675/675 739/739/739
f 675/675/675 740/740/740 739/739/739
f 675/675/675 676/676/676 740/740/740
f 676/676/676 741/741/741 740/740/740
f 676/676/676 677/677/677 741/741/741
f 677/677/677 742/742/742 741/741/741
f 677/677/677 678/678/678 742/742/742
f 678/678/678 743/743/743 742/742/742
f 678/678/678 679/679/679 743/743/743
f 679/679/679 744/744/744 743/743/743
f 679/679/679 680/680/680 744/744/744
f 680/680/680 745/745/745 744/744/744
f 680/680/680 681/681/681 745/745/745
f 681/681/681 746/746/746 745/745/745
f 681/681/681 682/682/682 746/746/746
f 682/682/682 747/747/747 746/746/746
f 682/682/682 683/683/683 747/747/747
f 683/683/683 748/748/748 747/747/747
f 683/683/683 684/684/684 748/748/748
f 684/684/684 749/749/749 748/748/748
f 684/684/684 685/685/685 749/749/749
f 685/685/685 750/750/750 749/749/749
f 685/685/685 686/686/686 750/750/750
f 686/686/686 751/751/751 750/750/750
f 686/686/686 687/687/687 751/751/751
f 687/687/687 752/752/752 751/751/751
f 687/687/687 688/688/688 752/752/752
f 688/688/688 753/753/753 752/752/752
f 688/688/688 689/689/689 753/753/753
f 689/689/689 754/754/754 753/753/753
f 689/689/689 690/690/690 754/754/754
f 690/690/690 755/755/755 754/754/754
f 690/690/690 691/691/691 755/755/755
f 691/691/691 756/756/756 755/755/755
f 691/691/691 692/692/692 756/756/756
f 692/692/692 757/757/757 756/756/756
f 692/692/692 693/693/693 757/757/757
f 693/693/693 758/758/758 757/757/757
f 693/693/693 694/694/694 758/758/758
f 694/694/694 759/759/759 758/758/758
f 694/694/694 695/695/695 759/759/759
f 695/695/695 760/760/760 759/759/759
f 695/695/695 696/696/696 760/760/760
f 696/696/696 761/761/761 760/760/760
f 696/696/696 697/697/697 761/761/761
f 697/697/697 762/762/762 761/761/761
f 697/697/697 698/698/698 762/762/762
f 698/698/698 763/763/763 762/762/762
f 698/698/698 699/699/699 763/763/763
f 699/699/699 764/764/764 763/763/763
f 699/699/699 700/700/700 764/764/764
f 700/700/700 765/765/765 764/764/764
f 700/700/700 701/701/701 765/765/765
f 701/701/701 766/766/766 765/765/765
f 701/701/701 702/702/702 766/766/766
f 702/702/702 767/767/767 766/766/766
f 702/702/702 703/703/703 767/767/767
f 703/703/703 768/768/768 767/767/767
f 703/703/703 704/704/704 768/768/768
f 704/704/704 769/769/769 768/768/768
f 704/704/704 705/705/705 769/769/769
f 705/705/705 770/770/770 769/769/769
f 705/705/705 706/706/706 770/770/770
f 706/706/706 771/771/771 770/770/770
f 706/706/706 707/707/707 771/771/771
f 707/707/707 772/772/772 771/771/771
f 707/707/707 708/708/708 772/772/772
f 708/708/708 773/773/773 772/772/772
f 708/708/708 709/709/709 773/773/773
f 709/709/709 774/774/774 773/773/773
f 709/709/709 710/710/710 774/774/774
f 710/710/710 775/775/775 774/774/774
f 710/710/710 711/711/711 775/775/775
f 711/711/711 776/776/776 775/775/775
f 711/711/711 712/712/712 776/776/776
f 712/712/712 777/777/777 776/776/776
f 712/712/712 713/713/713 777/777/777
f 713/713/713 778/778/778 777/777/777
f 713/713/713 714/714/714 778/778/778
f 714/714/714 779/779/779 778/778/778
f 714/714/714 715/715/715 779/779/779
f 715/715/715 780/780/780 779/779/779
f 716/716/716 717/717/717 781/781/781
f 717/717/717 782/782/782 781/781/781
f 717/717/717 718/718/718 782/782/782
f 718/718/718 783/783/783 782/782/782
f 718/718/718 719/719/719 783/783/783
f 719/719/719 784/784/784 783/783/783
f 719/719/719 720/720/720 784/784/784
f 720/720/720 785/785/785 784/784/784
f 720/720/720 721/721/721 785/785/785
f 721/721/721 786/786/786 785/785/785
f 721/721/721 722/722/722 786/786/786
f 722/722/722 787/787/787 786/786/786
f 722/722/722 723/723/723 787/787/787
f 723/723/723 788/788/788 787/787/787
f 723/723/723 724/724/724 788/788/788
f 724/724/724 789/789/789 788/788/788
f 724/724/724 725/725/725 789/789/789
f 725/725/725 790/790/790 789/789/789
f 725/725/725 726/726/726 790/790/790
f 726/726/726 791/791/791 790/790/790
f 726/726/726 727/727/727 791/791/791
f 727/727/727 792/792/792 791/791/791
f 727/727/727 728/728/728 792/792/792
f 728/728/728 793/793/793 792/792/792
f 728/728/728 729/729/729 793/793/793
f 729/729/729 794/794/794 793/793/793
f 729/729/729 730/730/730 794/794/794
f 730/730/730 795/795/795 794/794/794
f 730/730/730 731/731/731 795/795/795
f 731/731/731 796/796/796 795/795/795
f 731/731/731 732/732/732 796/796/796
f 732/732/732 797/797/797 796/796/796
f 732/732/732 733/733/733 797/797/797
f 733/733/733 798/798/798 797/797/797
f 733/733/733 734/734/734 798/798/798
f 734/734/734 799/799/799 798/798/798
f 734/734/734 735/735/735 799/799/799
f 735/735/735 800/800/800 799/799/799
f 735/735/735 736/736/736 800/800/800
f 736/736/736 801/801/801 800/800/800
f 736/736/736 737/737/737 801/801/801
f 737/737/737 802/802/802 801/801/801
f 737/737/737 738/738/738 802/802/802
f 738/738/738 803/803/803 802/802/802
f 738/738/738 739/739/739 803/803/803
f 739/739/739 804/804/804 803/803/803
f 739/739/739 740/740/740 804/804/804
f 740/740/740 805/805/805 804/804/804
f 740/740/740 741/741/741 805/805/805
f 741/741/741 806/806/806 805/805/805
f 741/741/741 742/742/742 806/806/806
f 742/742/742 807/807/807 806/806/806
f 742/742/742 743/743/743 807/807/807
f 743/743/743 808/808/808 807/807/807
f 743/743/743 744/744/744 808/808/808
f 744/744/744 809/809/809 808/808/808
f 744/744/744 745/745/745 809/809/809
f 745/745/745 810/810/810 809/809/809
f 745/745/745 746/746/746 810/810/810
f 746/746/746 811/811/811 810/810/810
f 746/746/746 747/747/747 811/811/811
f 747/747/747 812/812/812 811/811/811
f 747/747/747 748/748/748 812/812/812
f 748/748/748 813/813/813 812/812/812
f 748/748/748 749/749/749 813/813/813
f 749/749/749 814/814/814 813/813/813
f 749/749/749 750/750/750 814/814/814
f 750/750/750 815/815/815 814/814/814
f 750/750/750 751/751/751 815/815/815
f 751/751/751 816/816/816 815/815/815
f 751/751/751 752/752/752 816/816/816
f 752/752/752 817/817/817 816/816/816
f 752/752/752 753/753/753 817/817/817
f 753/753/753 818/818/818 817/817/817
f 753/753/753 754/754/754 818/818/818
f 754/754/754 819/819/819 818/818/818
f 754/754/754 755/755/755 819/819/819
f 755/755/755 820/820/820 819/819/819
f 755/755/755 756/756/756 820/820/820
f 756/756/756 821/821/821 820/820/820
f 756/756/756 757/757/757 821/821/821
f 757/757/757 822/822/822 821/821/821
f 757/757/757 758/758/758 822/822/822
f 758/758/758 823/823/823 822/822/822
f 758/758/758 759/759/759 823/823/823
f 759/759/759 824/824/824 823/823/823
f 759/759/759 760/760/760 824/824/824
f 760/760/760 825/825/825 824/824/824
f 760/760/760 761/761/761 825/825/825
f 761/761/761 826/826/826 825/825/825
f 761/761/761 762/762/762 826/826/826
f 762/762/762 827/827/827 826/826/826
f 762/762/762 763/763/763 827/827/827
f 763/763/763 828/828/828 827/827/827
f 763/763/763 764/764/764 828/828/828
f 764/764/764 829/829/829 828/828/828
f 764/764/764 765/765/765 829/829/829
f 765/765/765 830/830/830 829/829/829
f 765/765/765 766/766/766 830/830/830
f 766/766/766 831/831/831 830/830/830
f 766/766/766 767/767/767 831/831/831
f 767/767/767 832/832/832 831/831/831
f 767/767/767 768/768/768 832/832/832
f 768/768/768 833/833/833 832/832/832
f 768/768/768 769/769/769 833/833/833
f 769/769/769 834/834/834 833/833/833
f 769/769/769 770/770/770 834/834/834
f 770/770/770 835/835/835 834/834/834
f 770/770/770 771/771/771 835/835/835
f 771/771/771 836/836/836 835/835/835
f 771/771/771 772/772/772 836/836/836
f 772/772/772 837/837/837 836/836/836
f 772/772/772 773/773/773 837/837/837
f 773/773/773 838/838/838 837/837/837
f 773/773/773 774/774/774 838/838/838
f 774/774/774 839/839/839 838/838/838
f 774/774/774 775/775/775 839/839/839
f 775/775/775 840/840/840 839/839/839
f 775/775/775 776/776/776 840/840/840
f 776/776/776 841/841/841 840/840/840
f 776/776/776 777/777/777 841/841/841
f 777/777/777 842/842/842 841/841/841
f 777/777/777 778/778/778 842/842/842
f 778/778/778 843/843/843 842/842/842
f 778/778/778 779/779/779 843/843/843
f 779/779/779 844/844/844 843/843/843
f 779/779/779 780/780/780 844/844/844
f 780/780/780 845/845/845 844/844/844
f 781/781/781 782/782/782 846/846/846
f 782/782/782 847/847/847 846/846/846
f 782/782/782 783/783/783 847/847/847
f 783/783/783 848/848/848 847/847/847
f 783/783/783 784/784/784 848/848/848
f 784/784/784 849/849/849 848/848/848
f 784/784/784 785/785/785 849/849/849
f 785/785/785 850/850/850 849/849/849
f 785/785/785 786/786/786 850/850/850
f 786/786/786 851/851/851 850/850/850
f 786/786/786 787/787/787 851/851/851
f 787/787/787 852/852/852 851/851/851
f 787/787/787 788/788/788 852/852/852
f 788/788/788 853/853/853 852/852/852
f 788/788/788 789/789/789 853/853/853
f 789/789/789 854/854/854 853/853/853
f 789/789/789 790/790/790 854/854/854
f 790/790/790 855/855/855 854/854/854
f 790/790/790 791/791/791 855/855/855
f 791/791/791 856/856/856 855/855/855
f 791/791/791 792/792/792 856/856/856
f 792/792/792 857/857/857 856/856/856
f 792/792/792 793/793/793 857/857/857
f 793/793/793 858/858/858 857/857/857
f 793/793/793 794/794/794 858/858/858
f 794/794/794 859/859/859 858/858/858
f 794/794/794 795/795/795 859/859/859
f 795/795/795 860/860/860 859/859/859
f 795/795/795 796/796/796 860/860/860
f 796/796/796 861/861/861 860/860/860
f 796/796/796 797/797/797 861/861/861
f 797/797/797 862/862/862 861/861/861
f 797/797/797 798/798/798 862/862/862
f 798/798/798 863/863/863 862/862/862
f 798/798/798 799/799/799 863/863/863
f 799/799/799 864/864/864 863/863/863
f 799/799/799 800/800/800 864/864/864
f 800/800/800 865/865/865 864/864/864
f 800/800/800 801/801/801 865/865/865
f 801/801/801 866/866/866 865/865/865
f 801/801/801 802/802/802 866/866/866
f 802/802/802 867/867/867 866/866/866
f 802/802/802 803/803/803 867/867/867
f 803/803/803 868/868/868 867/867/867
f 803/803/803 804/804/804 868/868/868
f 804/804/804 869/869/869 868/868/868
f 804/804/804 805/805/805 869/869/869
f 805/805/805 870/870/870 869/869/869
f 805/805/805 806/806/806 870/870/870
f 806/806/806 871/871/871 870/870/870
f 806/806/806 807/807/807 871/871/871
f 807/807/807 872/872/872 871/871/871
f 807/807/807 808/808/808 872/872/872
f 808/808/808 873/873/873 872/872/872
f 808/808/808 809/809/809 873/873/873
f 809/809/809 874/874/874 873/873/873
f 809/809/809 810/810/810 874/874/874
f 810/810/810 875/875/875 874/874/874
f 810/810/810 811/811/811 875/875/875
f 811/811/811 876/876/876 875/875/875
f 811/811/811 812/812/812 876/876/876
f 812/812/812 877/877/877 876/876/876
f 812/812/812 813/813/813 877/877/877
f 813/813/813 878/878/878 877/877/877
f 813/813/813 814/814/814 878/878/878
f 814/814/814 879/879/879 878/878/878
f 814/814/814 815/815/815 879/879/879
f 815/815/815 880/880/880 879/879/879
f 815/815/815 816/816/816 880/880/880
f 816/816/816 881/881/881 880/880/880
f 816/816/816 817/817/817 881/881/881
f 817/817/817 882/882/882 881/881/881
f 817/817/817 818/818/818 882/882/882
f 818/818/818 883/883/883 882/882/882
f 818/818/818 819/819/819 883/883/883
f 819/819/819 884/884/884 883/883/883
f 819/819/819 820/820/820 884/884/884
f 820/820/820 885/885/885 884/884/884
f 820/820/820 821/821/821 885/885/885
f 821/821/821 886/886/886 885/885/885
f 821/821/821 822/822/822 886/886/886
f 822/822/822 887/887/887 886/886/886
f 822/822/822 823/823/823 887/887/887
f 823/823/823 888/888/888 887/887/887
f 823/823/823 824/824/824 888/888/888
f 824/824/824 889/889/889 888/888/888
f 824/824/824 825/825/825 889/889/889
f 825/825/825 890/890/890 889/889/889
f 825/825/825 826/826/826 890/890/890
f 826/826/826 891/891/891 890/890/890
f 826/826/826 827/827/827 891/891/891
f 827/827/827 892/892/892 891/891/891
f 827/827/827 828/828/828 892/892/892
f 828/828/828 893/893/893 892/892/892
f 828/828/828 829/829/829 893/893/893
f 829/829/829 894/894/894 893/893/893
f 829/829/829 830/830/830 894/894/894
f 830/830/830 895/895/895 894/894/894
f 830/830/830 831/831/831 895/895/895
f 831/831/831 896/896/896 895/895/895
f 831/831/831 832/832/832 896/896/896
f 832/832/832 897/897/897 896/896/896
f 832/832/832 833/833/833 897/897/897
f 833/833/833 898/898/898 897/897/897
f 833/833/833 834/834/834 898/898/898
f 834/834/834 899/899/899 898/898/898
f 834/834/834 835/835/835 899/899/899
f 835/835/835 900/900/900 899/899/899
f 835/835/835 836/836/836 900/900/900
f 836/836/836 901/901/901 900/900/900
f 836/836/836 837/837/837 901/901/901
f 837/837/837 902/902/902 901/901/901
f 837/837/837 838/838/838 902/902/902
f 838/838/838 903/903/903 902/902/902
f 838/838/838 839/839/839 903/903/903
f 839/839/839 904/904/904 903/903/903
f 839/839/839 840/840/840 904/904/904
f 840/840/840 905/905/905 904/904/904
f 840/840/840 841/841/841 905/905/905
f 841/841/841 906/906/906 905/905/905
f 841/841/841 842/842/842 906/906/906
f 842/842/842 907/907/907 906/906/906
f 842/842/842 843/843/843 907/907/907
f 843/843/843 908/908/908 907/907/907
f 843/843/843 844/844/844 908/908/908
f 844/844/844 909/909/909 908/908/908
f 844/844/844 845/845/845 909/909/909
f 845/845/845 910/910/910 909/909/909
f 846/846/846 847/847/847 911/911/911
f 847/847/847 912/912/912 911/911/911
f 847/847/847 848/848/848 912/912/912
f 848/848/848 913/913/913 912/912/912
f 848/848/848 849/849/849 913/913/913
f 849/849/849 914/914/914 913/913/913
f 849/849/849 850/850/850 914/914/914
f 850/850/850 915/915/915 914/914/914
f 850/850/850 851/851/851 915/915/915
f 851/851/851 916/916/916 915/915/915
f 851/851/851 852/852/852 916/916/916
f 852/852/852 917/917/917 916/916/916
f 852/852/852 853/853/853 917/917/917
f 853/853/853 918/918/918 917/917/917
f 853/853/853 854/854/854 918/918/918
f 854/854/854 919/919/919 918/918/918
f 854/854/854 855/855/855 919/919/919
f 855/855/855 920/920/920 919/919/919
f 855/855/855 856/856/856 920/920/920
f 856/856/856 921/921/921 920/920/920
f 856/856/856 857/857/857 921/921/921
f 857/857/857 922/922/922 921/921/921
f 857/857/857 858/858/858 922/922/922
f 858/858/858 923/923/923 922/922/922
f 858/858/858 859/859/859 923/923/923
f 859/859/859 924/924/924 923/923/923
f 859/859/859 860/860/860 924/924/924
f 860/860/860 925/925/925 924/924/924
f 860/860/860 861/861/861 925/925/925
f 861/861/861 926/926/926 925/925/925
f 861/861/861 862/862/862 926/926/926
f 862/862/862 927/927/927 926/926/926
f 862/862/862 863/863/863 927/927/927
f 863/863/863 928/928/928 927/927/927
f 863/863/863 864/864/864 928/928/928
f 864/864/864 929/929/929 928/928/928
f 864/864/864 865/865/865 929/929/929
f 865/865/865 930/930/930 929/929/929
f 865/865/865 866/866/866 930/930/930
f 866/866/866 931/931/931 930/930/930
f 866/866/866 867/867/867 931/931/931
f 867/867/867 932/932/932 931/931/931
f 867/867/867 868/868/868 932/932/932
f 868/868/868 933/933/933 932/932/932
f 868/868/868 869/869/869 933/933/933
f 869/869/869 934/934/934 933/933/933
f 869/869/869 870/870/870 934/934/934
f 870/870/870 935/935/935 934/934/934
f 870/870/870 871/871/871 935/935/935
f 871/871/871 936/936/936 935/935/935
f 871/871/871 872/872/872 936/936/936
f 872/872/872 937/937/937 936/936/936
f 872/872/872 873/873/873 937/937/937
f 873/873/873 938/938/938 937/937/937
f 873/873/873 874/874/874 938/938/938
f 874/874/874 939/939/939 938/938/938
f 874/874/874 875/875/875 939/939/939
f 875/875/875 940/940/940 939/939/939
f 875/875/875 876/876/876 940/940/940
f 876/876/876 941/941/941 940/940/940
f 876/876/876 877/877/877 941/941/941
f 877/877/877 942/942/942 941/941/941
f 877/877/877 878/878/878 942/942/942
f 878/878/878 943/943/943 942/942/942
f 878/878/878 879/879/879 943/943/943
f 879/879/879 944/944/944 943/943/943
f 879/879/879 880/880/880 944/944/944
f 880/880/880 945/945/945 944/944/944
f 880/880/880 881/881/881 945/945/945
f 881/881/881 946/946/946 945/945/945
f 881/881/881 882/882/882 946/946/946
f 882/882/882 947/947/947 946/946/946
f 882/882/882 883/883/883 947/947/947
f 883/883/883 948/948/948 947/947/947
f 883/883/883 884/884/884 948/948/948
f 884/884/884 949/949/949 948/948/948
f 884/884/884 885/885/885 949/949/949
f 885/885/885 950/950/950 949/949/949
f 885/885/885 886/886/886 950/950/950
f 886/886/886 951/951/951 950/950/950
f 886/886/886 887/887/887 951/951/951
f 887/887/887 952/952/952 951/951/951
f 887/887/887 888/888/888 952/952/952
f 888/888/888 953/953/953 952/952/952
f 888/888/888 889/889/889 953/953/953
f 889/889/889 954/954/954 953/953/953
f 889/889/889 890/890/890 954/954/954
f 890/890/890 955/955/955 954/954/954
f 890/890/890 891/891/891 955/955/955
f 891/891/891 956/956/956 955/955/955
f 891/891/891 892/892/892 956/956/956
f 892/892/892 957/957/957 956/956/956
f 892/892/892 893/893/893 957/957/957
f 893/893/893 958/958/958 957/957/957
f 893/893/893 894/894/894 958/958/958
f 894/894/894 959/959/959 958/958/958
f 894/894/894 895/895/895 959/959/959
f 895/895/895 960/960/960 959/959/959
f 895/895/895 896/896/896 960/960/960
f 896/896/896 961/961/961 960/960/960
f 896/896/896 897/897/897 961/961/961
f 897/897/897 962/962/962 961/961/961
f 897/897/897 898/898/898 962/962/962
f 898/898/898 963/963/963 962/962/962
f 898/898/898 899/899/899 963/963/963
f 899/899/899 964/964/964 963/963/963
f 899/899/899 900/900/900 964/964/964
f 900/900/900 965/965/965 964/964/964
f 900/900/900 901/901/901 965/965/965
f 901/901/901 966/966/966 965/965/965
f 901/901/901 902/902/902 966/966/966
f 902/902/902 967/967/967 966/966/966
f 902/902/902 903/903/903 967/967/967
f 903/903/903 968/968/968 967/967/967
f 903/903/903 904/904/904 968/968/968
f 904/904/904 969/969/969 968/968/968
f 904/904/904 905/905/905 969/969/969
f 905/905/905 970/970/970 969/969/969
f 905/905/905 906/906/906 970/970/970
f 906/906/906 971/971/971 970/970/970
f 906/906/906 907/907/907 971/971/971
f 907/907/907 972/972/972 971/971/971
f 907/907/907 908/908/908 972/972/972
f 908/908/908 973/973/973 972/972/972
f 908/908/908 909/909/909 973/973/973
f 909/909/909 974/974/974 973/973/973
f 909/909/909 910/910/910 974/974/974
f 910/910/910 975/975/975 974/974/974
f 911/911/911 912/912/912 976/976/976
f 912/912/912 977/977/977 976/976/976
f 912/912/912 913/913/913 977/977/977
f 913/913/913 978/978/978 977/977/977
f 913/913/913 914/914/914 978/978/978
f 914/914/914 979/979/979 978/978/978
f 914/914/914 915/915/915 979/979/979
f 915/915/915 980/980/980 979/979/979
f 915/915/915 916/916/916 980/980/980
f 916/916/916 981/981/981 980/980/980
f 916/916/916 917/917/917 981/981/981
f 917/917/917 982/982/982 981/981/981
f 917/917/917 918/918/918 982/982/982
f 918/918/918 983/983/983 982/982/982
f 918/918/918 919/919/919 983/983/983
f 919/919/919 984/984/984 983/983/983
f 919/919/919 920/920/920 984/984/984
f 920/920/920 985/985/985 984/984/984
f 920/920/920 921/921/921 985/985/985
f 921/921/921 986/986/986 985/985/985
f 921/921/921 922/922/922 986/986/986
f 922/922/922 987/987/987 986/986/986
f 922/922/922 923/923/923 987/987/987
f 923/923/923 988/988/988 987/987/987
f 923/923/923 924/924/924 988/988/988
f 924/924/924 989/989/989 988/988/988
f 924/924/924 925/925/925 989/989/989
f 925/925/925 990/990/990 989/989/989
f 925/925/925 926/926/926 990/990/990
f 926/926/926 991/991/991 990/990/990
f 926/926/926 927/927/927 991/991/991
f 927/927/927 992/992/992 991/991/991
f 927/927/927 928/928/928 992/992/992
f 928/928/928 993/993/993 992/992/992
f 928/928/928 929/929/929 993/993/993
f 929/929/929 994/994/994 993/993/993
f 929/929/929 930/930/930 994/994/994
f 930/930/930 995/995/995 994/994/994
f 930/930/930 931/931/931 995/995/995
f 931/931/931 996/996/996 995/995/995
f 931/931/931 932/932/932 996/996/996
f 932/932/932 997/997/997 996/996/996
f 932/932/932 933/933/933 997/997/997
f 933/933/933 998/998/998 997/997/997
f 933/933/933 934/934/934 998/998/998
f 934/934/934 999/999/999 998/998/998
f 934/934/934 935/935/935 999/999/999
f 935/935/935 1000/1000/1000 999/999/999
f 935/935/935 936/936/936 1000/1000/1000
f 936/936/936 1001/1001/1001 1000/1000/1000
f 936/936/936 937/937/937 1001/1001/1001
f 937/937/937 1002/1002/1002 1001/1001/1001
f 937/937/937 938/938/938 1002/1002/1002
f 938/938/938 1003/1003/1003 1002/1002/1002
f 938/938/938 939/939/939 1003/1003/1003
f 939/939/939 1004/1004/1004 1003/1003/1003
f 939/939/939 940/940/940 1004/1004/1004
f 940/940/940 1005/1005/1005 1004/1004/1004
f 940/940/940 941/941/941 1005/1005/1005
f 941/941/941 1006/1006/1006 1005/1005/1005
f 941/941/941 942/942/942 1006/1006/1006
f 942/942/942 1007/1007/1007 1006/1006/1006
f 942/942/942 943/943/943 1007/1007/1007
f 943/943/943 1008/1008/1008 1007/1007/1007
f 943/943/943 944/944/944 1008/1008/1008
f 944/944/944 1009/1009/1009 1008/1008/1008
f 944/944/944 945/945/945 1009/1009/1009
f 945/945/945 1010/1010/1010 1009/1009/1009
f 945/945/945 946/946/946 1010/1010/1010
f 946/946/946 1011/1011/1011 1010/1010/1010
f 946/946/946 947/947/947 1011/1011/1011
f 947/947/947 1012/1012/1012 1011/1011/1011
f 947/947/947 948/948/948 1012/1012/1012
f 948/948/948 1013/1013/1013 1012/1012/1012
f 948/948/948 949/949/949 1013/1013/1013
f 949/949/949 1014/1014/1014 1013/1013/1013
f 949/949/949 950/950/950 1014/1014/1014
f 950/950/950 1015/1015/1015 1014/1014/1014
f 950/950/950 951/951/951 1015/1015/1015
f 951/951/951 1016/1016/1016 1015/1015/1015
f 951/951/951 952/952/952 1016/1016/1016
f 952/952/952 1017/1017/1017 1016/1016/1016
f 952/952/952 953/953/953 1017/1017/1017
f 953/953/953 1018/1018/1018 1017/1017/1017
f 953/953/953 954/954/954 1018/1018/1018
f 954/954/954 1019/1019/1019 1018/1018/1018
f 954/954/954 955/955/955 1019/1019/1019
f 955/955/955 1020/1020/1020 1019/1019/1019
f 955/955/955 956/956/956 1020/1020/1020
f 956/956/956 1021/1021/1021 1020/1020/1020
f 956/956/956 957/957/957 1021/1021/1021
f 957/957/957 1022/1022/1022 1021/1021/1021
f 957/957/957 958/958/958 1022/1022/1022
f 958/958/958 1023/1023/1023 1022/1022/1022
f 958/958/958 959/959/959 1023/1023/1023
f 959/959/959 1024/1024/1024 1023/1023/1023
f 959/959/959 960/960/960 1024/1024/1024
f 960/960/960 1025/1025/1025 1024/1024/1024
f 960/960/960 961/961/961 1025/1025/1025
f 961/961/961 1026/1026/1026 1025/1025/1025
f 961/961/961 962/962/962 1026/1026/1026
f 962/962/962 1027/1027/1027 1026/1026/1026
f 962/962/962 963/963/963 1027/1027/1027
f 963/963/963 1028/1028/1028 1027/1027/1027
f 963/963/963 964/964/964 1028/1028/1028
f 964/964/964 1029/1029/1029 1028/1028/1028
f 964/964/964 965/965/965 1029/1029/1029
f 965/965/965 1030/1030/1030 1029/1029/1029
f 965/965/965 966/966/966 1030/1030/1030
f 966/966/966 1031/1031/1031 1030/1030/1030
f 966/966/966 967/967/967 1031/1031/1031
f 967/967/967 1032/1032/1032 1031/1031/1031
f 967/967/967 968/968/968 1032/1032/1032
f 968/968/968 1033/1033/1033 1032/1032/1032
f 968/968/968 969/969/969 1033/1033/1033
f 969/969/969 1034/1034/1034 1033/1033/1033
f 969/969/969 970/970/970 1034/1034/1034
f 970/970/970 1035/1035/1035 1034/1034/1034
f 970/970/970 971/971/971 1035/1035/1035
f 971/971/971 1036/1036/1036 1035/1035/1035
f 971/971/971 972/972/972 1036/1036/1036
f 972/972/972 1037/1037/1037 1036/1036/1036
f 972/972/972 973/973/973 1037/1037/1037
f 973/973/973 1038/1038/1038 1037/1037/1037
f 973/973/973 974/974/974 1038/1038/1038
f 974/974/974 1039/1039/1039 1038/1038/1038
f 974/974/974 975/975/975 1039/1039/1039
f 975/975/975 1040/1040/1040 1039/1039/1039
f 976/976/976 977/977/977 1041/1041/1041
f 977/977/977 1042/1042/1042 1041/1041/1041
f 977/977/977 978/978/978 1042/1042/1042
f 978/978/978 1043/1043/1043 1042/1042/1042
f 978/978/978 979/979/979 1043/1043/1043
f 979/979/979 1044/1044/1044 1043/1043/1043
f 979/979/979 980/980/980 1044/1044/1044
f 980/980/980 1045/1045/1045 1044/1044/1044
f 980/980/980 981/981/981 1045/1045/1045
f 981/981/981 1046/1046/1046 1045/1045/1045
f 981/981/981 982/982/982 1046/1046/1046
f 982/982/982 1047/1047/1047 1046/1046/1046
f 982/982/982 983/983/983 1047/1047/1047
f 983/983/983 1048/1048/1048 1047/1047/1047
f 983/983/983 984/984/984 1048/1048/1048
f 984/984/984 1049/1049/1049 1048/1048/1048
f 984/984/984 985/985/985 1049/1049/1049
f 985/985/985 1050/1050/1050 1049/1049/1049
f 985/985/985 986/986/986 1050/1050/1050
f 986/986/986 1051/1051/1051 1050/1050/1050
f 986/986/986 987/987/987 1051/1051/1051
f 987/987/987 1052/1052/1052 1051/1051/1051
f 987/987/987 988/988/988 1052/1052/1052
f 988/988/988 1053/1053/1053 1052/1052/1052
f 988/988/988 989/989/989 1053/1053/1053
f 989/989/989 1054/1054/1054 1053/1053/1053
f 989/989/989 990/990/990 1054/1054/1054
f 990/990/990 1055/1055/1055 1054/1054/1054
f 990/990/990 991/991/991 1055/1055/1055
f 991/991/991 1056/1056/1056 1055/1055/1055
f 991/991/991 992/992/992 1056/1056/1056
f 992/992/992 1057/1057/1057 1056/1056/1056
f 992/992/992 993/993/993 1057/1057/1057
f 993/993/993 1058/1058/1058 1057/1057/1057
f 993/993/993 994/994/994 1058/1058/1058
f 994/994/994 1059/1059/1059 1058/1058/1058
f 994/994/994 995/995/995 1059/1059/1059
f 995/995/995 1060/1060/1060 1059/1059/1059
f 995/995/995 996/996/996 1060/1060/1060
f 996/996/996 1061/1061/1061 1060/1060/1060
f 996/996/996 997/997/997 1061/1061/1061
f 997/997/997 1062/1062/1062 1061/1061/1061
f 997/997/997 998/998/998 1062/1062/1062
f 998/998/998 1063/1063/1063 1062/1062/1062
f 998/998/998 999/999/999 1063/1063/1063
f 999/999/999 1064/1064/1064 1063/1063/1063
f 999/999/999 1000/1000/1000 1064/1064/1064
f 1000/1000/1000 1065/1065/1065 1064/1064/1064
f 1000/1000/1000 1001/1001/1001 1065/1065/1065
f 1001/1001/1001 1066/1066/1066 1065/1065/1065
f 1001/1001/1001 1002/1002/1002 1066/1066/1066
f 1002/1002/1002 1067/1067/1067 1066/1066/1066
f 1002/1002/1002 1003/1003/1003 1067/1067/1067
f 1003/1003/1003 1068/1068/1068 1067/1067/1067
f 1003/1003/1003 1004/1004/1004 1068/1068/1068
f 1004/1004/1004 1069/1069/1069 1068/1068/1068
f 1004/1004/1004 1005/1005/1005 1069/1069/1069
f 1005/1005/1005 1070/1070/1070 1069/1069/1069
f 1005/1005/1005 1006/1006/1006 1070/1070/1070
f 1006/1006/1006 1071/1071/1071 1070/1070/1070
f 1006/1006/1006 1007/1007/1007 1071/1071/1071
f 1007/1007/1007 1072/1072/1072 1071/1071/1071
f 1007/1007/1007 1008/1008/1008 1072/1072/1072
f 1008/1008/1008 1073/1073/1073 1072/1072/1072
f 1008/1008/1008 1009/1009/1009 1073/1073/1073
f 1009/1009/1009 1074/1074/1074 1073/1073/1073
f 1009/1009/1009 1010/1010/1010 1074/1074/1074
f 1010/1010/1010 1075/1075/1075 1074/1074/1074
f 1010/1010/1010 1011/1011/1011 1075/1075/1075
f 1011/1011/1011 1076/1076/1076 1075/1075/1075
f 1011/1011/1011 1012/1012/1012 1076/1076/1076
f 1012/1012/1012 1077/1077/1077 1076/1076/1076
f 1012/1012/1012 1013/1013/1013 1077/1077/1077
f 1013/1013/1013 1078/1078/1078 1077/1077/1077
f 1013/1013/1013 1014/1014/1014 1078/1078/1078
f 1014/1014/1014 1079/1079/1079 1078/1078/1078
f 1014/1014/1014 1015/1015/1015 1079/1079/1079
f 1015/1015/1015 1080/1080/1080 1079/1079/1079
f 1015/1015/1015 1016/1016/1016 1080/1080/1080
f 1016/1016/1016 1081/1081/1081 1080/1080/1080
f 1016/1016/1016 1017/1017/1017 1081/1081/1081
f 1017/1017/1017 1082/1082/1082 1081/1081/1081
f 1017/1017/1017 1018/1018/1018 1082/1082/1082
f 1018/1018/1018 1083/1083/1083 1082/1082/1082
f 1018/1018/1018 1019/1019/1019 1083/1083/1083
f 1019/1019/1019 1084/1084/1084 1083/1083/1083
f 1019/1019/1019 1020/1020/1020 1084/1084/1084
f 1020/1020/1020 1085/1085/1085 1084/1084/1084
f 1020/1020/1020 1021/1021/1021 1085/1085/1085
f 1021/1021/1021 1086/1086/1086 1085/1085/1085
f 1021/1021/1021 1022/1022/1022 1086/1086/1086
f 1022/1022/1022 1087/1087/1087 1086/1086/1086
f 1022/1022/1022 1023/1023/1023 1087/1087/1087
f 1023/1023/1023 1088/1088/1088 1087/1087/1087
f 1023/1023/1023 1024/1024/1024 1088/1088/1088
f 1024/1024/1024 1089/1089/1089 1088/1088/1088
f 1024/1024/1024 1025/1025/1025 1089/1089/1089
f 1025/1025/1025 1090/1090/1090 1089/1089/1089
f 1025/1025/1025 1026/1026/1026 1090/1090/1090
f 1026/1026/1026 1091/1091/1091 1090/1090/1090
f 1026/1026/1026 1027/1027/1027 1091/1091/1091
f 1027/1027/1027 1092/1092/1092 1091/1091/1091
f 1027/1027/1027 1028/1028/1028 1092/1092/1092
f 1028/1028/1028 1093/1093/1093 1092/1092/1092
f 1028/1028/1028 1029/1029/1029 1093/1093/1093
f 1029/1029/1029 1094/1094/1094 1093/1093/1093
f 1029/1029/1029 1030/1030/1030 1094/1094/1094
f 1030/1030/1030 1095/1095/1095 1094/1094/1094
f 1030/1030/1030 1031/1031/1031 1095/1095/1095
f 1031/1031/1031 1096/1096/1096 1095/1095/1095
f 1031/1031/1031 1032/1032/1032 1096/1096/1096
f 1032/1032/1032 1097/1097/1097 1096/1096/1096
f 1032/1032/1032 1033/1033/1033 1097/1097/1097
f 1033/1033/1033 1098/1098/1098 1097/1097/1097
f 1033/1033/1033 1034/1034/1034 1098/1098/1098
f 1034/1034/1034 1099/1099/1099 1098/1098/1098
f 1034/1034/1034 1035/1035/1035 1099/1099/1099
f 1035/1035/1035 1100/1100/1100 1099/1099/1099
f 1035/1035/1035 1036/1036/1036 1100/1100/1100
f 1036/1036/1036 1101/1101/1101 1100/1100/1100
f 1036/1036/1036 1037/1037/1037 1101/1101/1101
f 1037/1037/1037 1102/1102/1102 1101/1101/1101
f 1037/1037/1037 1038/1038/1038 1102/1102/1102
f 1038/1038/1038 1103/1103/1103 1102/1102/1102
f 1038/1038/1038 1039/1039/1039 1103/1103/1103
f 1039/1039/1039 1104/1104/1104 1103/1103/1103
f 1039/1039/1039 1040/1040/1040 1104/1104/1104
f 1040/1040/1040 1105/1105/1105 1104/1104/1104
f 1041/1041/1041 1042/1042/1042 1106/1106/1106
f 1042/1042/1042 1107/1107/1107 1106/1106/1106
f 1042/1042/1042 1043/1043/1043 1107/1107/1107
f 1043/1043/1043 1108/1108/1108 1107/1107/1107
f 1043/1043/1043 1044/1044/1044 1108/1108/1108
f 1044/1044/1044 1109/1109/1109 1108/1108/1108
f 1044/1044/1044 1045/1045/1045 1109/1109/1109
f 1045/1045/1045 1110/1110/1110 1109/1109/1109
f 1045/1045/1045 1046/1046/1046 1110/1110/1110
f 1046/1046/1046 1111/1111/1111 1110/1110/1110
f 1046/1046/1046 1047/1047/1047 1111/1111/1111
f 1047/1047/1047 1112/1112/1112 1111/1111/1111
f 1047/1047/1047 1048/1048/1048 1112/1112/1112
f 1048/1048/1048 1113/1113/1113 1112/1112/1112
f 1048/1048/1048 1049/1049/1049 1113/1113/1113
f 1049/1049/1049 1114/1114/1114 1113/1113/1113
f 1049/1049/1049 1050/1050/1050 1114/1114/1114
f 1050/1050/1050 1115/1115/1115 1114/1114/1114
f 1050/1050/1050 1051/1051/1051 1115/1115/1115
f 1051/1051/1051 1116/1116/1116 1115/1115/1115
f 1051/1051/1051 1052/1052/1052 1116/1116/1116
f 1052/1052/1052 1117/1117/1117 1116/1116/1116
f 1052/1052/1052 1053/1053/1053 1117/1117/1117
f 1053/1053/1053 1118/1118/1118 1117/1117/1117
f 1053/1053/1053 1054/1054/1054 1118/1118/1118
f 1054/1054/1054 1119/1119/1119 1118/1118/1118
f 1054/1054/1054 1055/1055/1055 1119/1119/1119
f 1055/1055/1055 1120/1120/1120 1119/1119/1119
f 1055/1055/1055 1056/1056/1056 1120/1120/1120
f 1056/1056/1056 1121/1121/1121 1120/1120/1120
f 1056/1056/1056 1057/1057/1057 1121/1121/1121
f 1057/1057/1057 1122/1122/1122 1121/1121/1121
f 1057/1057/1057 1058/1058/1058 1122/1122/1122
f 1058/1058/1058 1123/1123/1123 1122/1122/1122
f 1058/1058/1058 1059/1059/1059 1123/1123/1123
f 1059/1059/1059 1124/1124/1124 1123/1123/1123
f 1059/1059/1059 1060/1060/1060 1124/1124/1124
f 1060/1060/1060 1125/1125/1125 1124/1124/1124
f 1060/1060/1060 1061/1061/1061 1125/1125/1125
f 1061/1061/1061 1126/1126/1126 1125/1125/1125
f 1061/1061/1061 1062/1062/1062 1126/1126/1126
f 1062/1062/1062 1127/1127/1127 1126/1126/1126
f 1062/1062/1062 1063/1063/1063 1127/1127/1127
f 1063/1063/1063 1128/1128/1128 1127/1127/1127
f 1063/1063/1063 1064/1064/1064 1128/1128/1128
f 1064/1064/1064 1129/1129/1129 1128/1128/1128
f 1064/1064/1064 1065/1065/1065 1129/1129/1129
f 1065/1065/1065 1130/1130/1130 1129/1129/1129
f 1065/1065/1065 1066/1066/1066 1130/1130/1130
f 1066/1066/1066 1131/1131/1131 1130/1130/1130
f 1066/1066/1066 1067/1067/1067 1131/1131/1131
f 1067/1067/1067 1132/1132/1132 1131/1131/1131
f 1067/1067/1067 1068/1068/1068 1132/1132/1132
f 1068/1068/1068 1133/1133/1133 1132/1132/1132
f 1068/1068/1068 1069/1069/1069 1133/1133/1133
f 1069/1069/1069 1134/1134/1134 1133/1133/1133
f 1069/1069/1069 1070/1070/1070 1134/1134/1134
f 1070/1070/1070 1135/1135/1135 1134/1134/1134
f 1070/1070/1070 1071/1071/1071 1135/1135/1135
f 1071/1071/1071 1136/1136/1136 1135/1135/1135
f 1071/1071/1071 1072/1072/1072 1136/1136/1136
f 1072/1072/1072 1137/1137/1137 1136/1136/1136
f 1072/1072/1072 1073/1073/1073 1137/1137/1137
f 1073/1073/1073 1138/1138/1138 1137/1137/1137
f 1073/1073/1073 1074/1074/1074 1138/1138/1138
f 1074/1074/1074 1139/1139/1139 1138/1138/1138
f 1074/1074/1074 1075/1075/1075 1139/1139/1139
f 1075/1075/1075 1140/1140/1140 1139/1139/1139
f 1075/1075/1075 1076/1076/1076 1140/1140/1140
f 1076/1076/1076 1141/1141/1141 1140/1140/1140
f 1076/1076/1076 1077/1077/1077 1141/1141/1141
f 1077/1077/1077 1142/1142/1142 1141/1141/1141
f 1077/1077/1077 1078/1078/1078 1142/1142/1142
f 1078/1078/1078 1143/1143/1143 1142/1142/1142
f 1078/1078/1078 1079/1079/1079 1143/1143/1143
f 1079/1079/1079 1144/1144/1144 1143/1143/1143
f 1079/1079/1079 1080/1080/1080 1144/1144/1144
f 1080/1080/1080 1145/1145/1145 1144/1144/1144
f 1080/1080/1080 1081/1081/1081 1145/1145/1145
f 1081/1081/1081 1146/1146/1146 1145/1145/1145
f 1081/1081/1081 1082/1082/1082 1146/1146/1146
f 1082/1082/1082 1147/1147/1147 1146/1146/1146
f 1082/1082/1082 1083/1083/1083 1147/1147/1147
f 1083/1083/1083 1148/1148/1148 1147/1147/1147
f 1083/1083/1083 1084/1084/1084 1148/1148/1148
f 1084/1084/1084 1149/1149/1149 1148/1148/1148
f 1084/1084/1084 1085/1085/1085 1149/1149/1149
f 1085/1085/1085 1150/1150/1150 1149/1149/1149
f 1085/1085/1085 1086/1086/1086 1150/1150/1150
f 1086/1086/1086 1151/1151/1151 1150/1150/1150
f 1086/1086/1086 1087/1087/1087 1151/1151/1151
f 1087/1087/1087 1152/1152/1152 1151/1151/1151
f 1087/1087/1087 1088/1088/1088 1152/1152/1152
f 1088/1088/1088 1153/1153/1153 1152/1152/1152
f 1088/1088/1088 1089/1089/1089 1153/1153/1153
f 1089/1089/1089 1154/1154/1154 1153/1153/1153
f 1089/1089/1089 1090/1090/1090 1154/1154/1154
f 1090/1090/1090 1155/1155/1155 1154/1154/1154
f 1090/1090/1090 1091/1091/1091 1155/1155/1155
f 1091/1091/1091 1156/1156/1156 1155/1155/1155
f 1091/1091/1091 1092/1092/1092 1156/1156/1156
f 1092/1092/1092 1157/1157/1157 1156/1156/1156
f 1092/1092/1092 1093/1093/1093 1157/1157/1157
f 1093/1093/1093 1158/1158/1158 1157/1157/1157
f 1093/1093/1093 1094/1094/1094 1158/1158/1158
f 1094/1094/1094 1159/1159/1159 1158/1158/1158
f 1094/1094/1094 1095/1095/1095 1159/1159/1159
f 1095/1095/1095 1160/1160/1160 1159/1159/1159
f 1095/1095/1095 1096/1096/1096 1160/1160/1160
f 1096/1096/1096 1161/1161/1161 1160/1160/1160
f 1096/1096/1096 1097/1097/1097 1161/1161/1161
f 1097/1097/1097 1162/1162/1162 1161/1161/1161
f 1097/1097/1097 1098/1098/1098 1162/1162/1162
f 1098/1098/1098 1163/1163/1163 1162/1162/1162
f 1098/1098/1098 1099/1099/1099 1163/1163/1163
f 1099/1099/1099 1164/1164/1164 1163/1163/1163
f 1099/1099/1099 1100/1100/1100 1164/1164/1164
f 1100/1100/1100 1165/1165/1165 1164/1164/1164
f 1100/1100/1100 1101/1101/1101 1165/1165/1165
f 1101/1101/1101 1166/1166/1166 1165/1165/1165
f 1101/1101/1101 1102/1102/1102 1166/1166/1166
f 1102/1102/1102 1167/1167/1167 1166/1166/1166
f 1102/1102/1102 1103/1103/1103 1167/1167/1167
f 1103/1103/1103 1168/1168/1168 1167/1167/1167
f 1103/1103/1103 1104/1104/1104 1168/1168/1168
f 1104/1104/1104 1169/1169/1169 1168/1168/1168
f 1104/1104/1104 1105/1105/1105 1169/1169/1169
f 1105/1105/1105 1170/1170/1170 1169/1169/1169
f 1106/1106/1106 1107/1107/1107 1171/1171/1171
f 1107/1107/1107 1172/1172/1172 1171/1171/1171
f 1107/1107/1107 1108/1108/1108 1172/1172/1172
f 1108/1108/1108 1173/1173/1173 1172/1172/1172
f 1108/1108/1108 1109/1109/1109 1173/1173/1173
f 1109/1109/1109 1174/1174/1174 1173/1173/1173
f 1109/1109/1109 1110/1110/1110 1174/1174/1174
f 1110/1110/1110 1175/1175/1175 1174/1174/1174
f 1110/1110/1110 1111/1111/1111 1175/1175/1175
f 1111/1111/1111 1176/1176/1176 1175/1175/1175
f 1111/1111/1111 1112/1112/1112 1176/1176/1176
f 1112/1112/1112 1177/1177/1177 1176/1176/1176
f 1112/1112/1112 1113/1113/1113 1177/1177/1177
f 1113/1113/1113 1178/1178/1178 1177/1177/1177
f 1113/1113/1113 1114/1114/1114 1178/1178/1178
f 1114/1114/1114 1179/1179/1179 1178/1178/1178
f 1114/1114/1114 1115/1115/1115 1179/1179/1179
f 1115/1115/1115 1180/1180/1180 1179/1179/1179
f 1115/1115/1115 1116/1116/1116 1180/1180/1180
f 1116/1116/1116 1181/1181/1181 1180/1180/1180
f 1116/1116/1116 1117/1117/1117 1181/1181/1181
f 1117/1117/1117 1182/1182/1182 1181/1181/1181
f 1117/1117/1117 1118/1118/1118 1182/1182/1182
f 1118/1118/1118 1183/1183/1183 1182/1182/1182
f 1118/1118/1118 1119/1119/1119 1183/1183/1183
f 1119/1119/1119 1184/1184/1184 1183/1183/1183
f 1119/1119/1119 1120/1120/1120 1184/1184/1184
f 1120/1120/1120 1185/1185/1185 1184/1184/1184
f 1120/1120/1120 1121/1121/1121 1185/1185/1185
f 1121/1121/1121 1186/1186/1186 1185/1185/1185
f 1121/1121/1121 1122/1122/1122 1186/1186/1186
f 1122/1122/1122 1187/1187/1187 1186/1186/1186
f 1122/1122/1122 1123/1123/1123 1187/1187/1187
f 1123/1123/1123 1188/1188/1188 1187/1187/1187
f 1123/1123/1123 1124/1124/1124 1188/1188/1188
f 1124/1124/1124 1189/1189/1189 1188/1188/1188
f 1124/1124/1124 1125/1125/1125 1189/1189/1189
f 1125/1125/1125 1190/1190/1190 1189/1189/1189
f 1125/1125/1125 1126/1126/1126 1190/1190/1190
f 1126/1126/1126 1191/1191/1191 1190/1190/1190
f 1126/1126/1126 1127/1127/1127 1191/1191/1191
f 1127/1127/1127 1192/1192/1192 1191/1191/1191
f 1127/1127/1127 1128/1128/1128 1192/1192/1192
f 1128/1128/1128 1193/1193/1193 1192/1192/1192
f 1128/1128/1128 1129/1129/1129 1193/1193/1193
f 1129/1129/1129 1194/1194/1194 1193/1193/1193
f 1129/1129/1129 1130/1130/1130 1194/1194/1194
f 1130/1130/1130 1195/1195/1195 1194/1194/1194
f 1130/1130/1130 1131/1131/1131 1195/1195/1195
f 1131/1131/1131 1196/1196/1196 1195/1195/1195
f 1131/1131/1131 1132/1132/1132 1196/1196/1196
f 1132/1132/1132 1197/1197/1197 1196/1196/1196
f 1132/1132/1132 1133/1133/1133 1197/1197/1197
f 1133/1133/1133 1198/1198/1198 1197/1197/1197
f 1133/1133/1133 1134/1134/1134 1198/1198/1198
f 1134/1134/1134 1199/1199/1199 1198/1198/1198
f 1134/1134/1134 1135/1135/1135 1199/1199/1199
f 1135/1135/1135 1200/1200/1200 1199/1199/1199
f 1135/1135/1135 1136/1136/1136 1200/1200/1200
f 1136/1136/1136 1201/1201/1201 1200/1200/1200
f 1136/1136/1136 1137/1137/1137 1201/1201/1201
f 1137/1137/1137 1202/1202/1202 1201/1201/1201
f 1137/1137/1137 1138/1138/1138 1202/1202/1202
f 1138/1138/1138 1203/1203/1203 1202/1202/1202
f 1138/1138/1138 1139/1139/1139 1203/1203/1203
f 1139/1139/1139 1204/1204/1204 1203/1203/1203
f 1139/1139/1139 1140/1140/1140 1204/1204/1204
f 1140/1140/1140 1205/1205/1205 1204/1204/1204
f 1140/1140/1140 1141/1141/1141 1205/1205/1205
f 1141/1141/1141 1206/1206/1206 1205/1205/1205
f 1141/1141/1141 1142/1142/1142 1206/1206/1206
f 1142/1142/1142 1207/1207/1207 1206/1206/1206
f 1142/1142/1142 1143/1143/1143 1207/1207/1207
f 1143/1143/1143 1208/1208/1208 1207/1207/1207
f 1143/1143/1143 1144/1144/1144 1208/1208/1208
f 1144/1144/1144 1209/1209/1209 1208/1208/1208
f 1144/1144/1144 1145/1145/1145 1209/1209/1209
f 1145/1145/1145 1210/1210/1210 1209/1209/1209
f 1145/1145/1145 1146/1146/1146 1210/1210/1210
f 1146/1146/1146 1211/1211/1211 1210/1210/1210
f 1146/1146/1146 1147/1147/1147 1211/1211/1211
f 1147/1147/1147 1212/1212/1212 1211/1211/1211
f 1147/1147/1147 1148/1148/1148 1212/1212/1212
f 1148/1148/1148 1213/1213/1213 1212/1212/1212
f 1148/1148/1148 1149/1149/1149 1213/1213/1213
f 1149/1149/1149 1214/1214/1214 1213/1213/1213
f 1149/1149/1149 1150/1150/1150 1214/1214/1214
f 1150/1150/1150 1215/1215/1215 1214/1214/1214
f 1150/1150/1150 1151/1151/1151 1215/1215/1215
f 1151/1151/1151 1216/1216/1216 1215/1215/1215
f 1151/1151/1151 1152/1152/1152 1216/1216/1216
f 1152/1152/1152 1217/1217/1217 1216/1216/1216
f 1152/1152/1152 1153/1153/1153 1217/1217/1217
f 1153/1153/1153 1218/1218/1218 1217/1217/1217
f 1153/1153/1153 1154/1154/1154 1218/1218/1218
f 1154/1154/1154 1219/1219/1219 1218/1218/1218
f 1154/1154/1154 1155/1155/1155 1219/1219/1219
f 1155/1155/1155 1220/1220/1220 1219/1219/1219
f 1155/1155/1155 1156/1156/1156 1220/1220/1220
f 1156/1156/1156 1221/1221/1221 1220/1220/1220
f 1156/1156/1156 1157/1157/1157 1221/1221/1221
f 1157/1157/1157 1222/1222/1222 1221/1221/1221
f 1157/1157/1157 1158/1158/1158 1222/1222/1222
f 1158/1158/1158 1223/1223/1223 1222/1222/1222
f 1158/1158/1158 1159/1159/1159 1223/1223/1223
f 1159/1159/1159 1224/1224/1224 1223/1223/1223
f 1159/1159/1159 1160/1160/1160 1224/1224/1224
f 1160/1160/1160 1225/1225/1225 1224/1224/1224
f 1160/1160/1160 1161/1161/1161 1225/1225/1225
f 1161/1161/1161 1226/1226/1226 1225/1225/1225
f 1161/1161/1161 1162/1162/1162 1226/1226/1226
f 1162/1162/1162 1227/1227/1227 1226/1226/1226
f 1162/1162/1162 1163/1163/1163 1227/1227/1227
f 1163/1163/1163 1228/1228/1228 1227/1227/1227
f 1163/1163/1163 1164/1164/1164 1228/1228/1228
f 1164/1164/1164 1229/1229/1229 1228/1228/1228
f 1164/1164/1164 1165/1165/1165 1229/1229/1229
f 1165/1165/1165 1230/1230/1230 1229/1229/1229
f 1165/1165/1165 1166/1166/1166 1230/1230/1230
f 1166/1166/1166 1231/1231/1231 1230/1230/1230
f 1166/1166/1166 1167/1167/1167 1231/1231/1231
f 1167/1167/1167 1232/1232/1232 1231/1231/1231
f 1167/1167/1167 1168/1168/1168 1232/1232/1232
f 1168/1168/1168 1233/1233/1233 1232/1232/1232
f 1168/1168/1168 1169/1169/1169 1233/1233/1233
f 1169/1169/1169 1234/1234/1234 1233/1233/1233
f 1169/1169/1169 1170/1170/1170 1234/1234/1234
f 1170/1170/1170 1235/1235/1235 1234/1234/1234
f 1171/1171/1171 1172/1172/1172 1236/1236/1236
f 1172/1172/1172 1237/1237/1237 1236/1236/1236
f 1172/1172/1172 1173/1173/1173 1237/1237/1237
f 1173/1173/1173 1238/1238/1238 1237/1237/1237
f 1173/1173/1173 1174/1174/1174 1238/1238/1238
f 1174/1174/1174 1239/1239/1239 1238/1238/1238
f 1174/1174/1174 1175/1175/1175 1239/1239/1239
f 1175/1175/1175 1240/1240/1240 1239/1239/1239
f 1175/1175/1175 1176/1176/1176 1240/1240/1240
f 1176/1176/1176 1241/1241/1241 1240/1240/1240
f 1176/1176/1176 1177/1177/1177 1241/1241/1241
f 1177/1177/1177 1242/1242/1242 1241/1241/1241
f 1177/1177/1177 1178/1178/1178 1242/1242/1242
f 1178/1178/1178 1243/1243/1243 1242/1242/1242
f 1178/1178/1178 1179/1179/1179 1243/1243/1243
f 1179/1179/1179 1244/1244/1244 1243/1243/1243
f 1179/1179/1179 1180/1180/1180 1244/1244/1244
f 1180/1180/1180 1245/1245/1245 1244/1244/1244
f 1180/1180/1180 1181/1181/1181 1245/1245/1245
f 1181/1181/1181 1246/1246/1246 1245/1245/1245
f 1181/1181/1181 1182/1182/1182 1246/1246/1246
f 1182/1182/1182 1247/1247/1247 1246/1246/1246
f 1182/1182/1182 1183/1183/1183 1247/1247/1247
f 1183/1183/1183 1248/1248/1248 1247/1247/1247
f 1183/1183/1183 1184/1184/1184 1248/1248/1248
f 1184/1184/1184 1249/1249/1249 1248/1248/1248
f 1184/1184/1184 1185/1185/1185 1249/1249/1249
f 1185/1185/1185 1250/1250/1250 1249/1249/1249
f 1185/1185/1185 1186/1186/1186 1250/1250/1250
f 1186/1186/1186 1251/1251/1251 1250/1250/1250
f 1186/1186/1186 1187/1187/1187 1251/1251/1251
f 1187/1187/1187 1252/1252/1252 1251/1251/1251
f 1187/1187/1187 1188/1188/1188 1252/1252/1252
f 1188/1188/1188 1253/1253/1253 1252/1252/1252
f 1188/1188/1188 1189/1189/1189 1253/1253/1253
f 1189/1189/1189 1254/1254/1254 1253/1253/1253
f 1189/1189/1189 1190/1190/1190 1254/1254/1254
f 1190/1190/1190 1255/1255/1255 1254/1254/1254
f 1190/1190/1190 1191/1191/1191 1255/1255/1255
f 1191/1191/1191 1256/1256/1256 1255/1255/1255
f 1191/1191/1191 1192/1192/1192 1256/1256/1256
f 1192/1192/1192 1257/1257/1257 1256/1256/1256
f 1192/1192/1192 1193/1193/1193 1257/1257/1257
f 1193/1193/1193 1258/1258/1258 1257/1257/1257
f 1193/1193/1193 1194/1194/1194 1258/1258/1258
f 1194/1194/1194 1259/1259/1259 1258/1258/1258
f 1194/1194/1194 1195/1195/1195 1259/1259/1259
f 1195/1195/1195 1260/1260/1260 1259/1259/1259
f 1195/1195/1195 1196/1196/1196 1260/1260/1260
f 1196/1196/1196 1261/1261/1261 1260/1260/1260
f 1196/1196/1196 1197/1197/1197 1261/1261/1261
f 1197/1197/1197 1262/1262/1262 1261/1261/1261
f 1197/1197/1197 1198/1198/1198 1262/1262/1262
f 1198/1198/1198 1263/1263/1263 1262/1262/1262
f 1198/1198/1198 1199/1199/1199 1263/1263/1263
f 1199/1199/1199 1264/1264/1264 1263/1263/1263
f 1199/1199/1199 1200/1200/1200 1264/1264/1264
f 1200/1200/1200 1265/1265/1265 1264/1264/1264
f 1200/1200/1200 1201/1201/1201 1265/1265/1265
f 1201/1201/1201 1266/1266/1266 1265/1265/1265
f 1201/1201/1201 1202/1202/1202 1266/1266/1266
f 1202/1202/1202 1267/1267/1267 1266/1266/1266
f 1202/1202/1202 1203/1203/1203 1267/1267/1267
f 1203/1203/1203 1268/1268/1268 1267/1267/1267
f 1203/1203/1203 1204/1204/1204 1268/1268/1268
f 1204/1204/1204 1269/1269/1269 1268/1268/1268
f 1204/1204/1204 1205/1205/1205 1269/1269/1269
f 1205/1205/1205 1270/1270/1270 1269/1269/1269
f 1205/1205/1205 1206/1206/1206 1270/1270/1270
f 1206/1206/1206 1271/1271/1271 1270/1270/1270
f 1206/1206/1206 1207/1207/1207 1271/1271/1271
f 1207/1207/1207 1272/1272/1272 1271/1271/1271
f 1207/1207/1207 1208/1208/1208 1272/1272/1272
f 1208/1208/1208 1273/1273/1273 1272/1272/1272
f 1208/1208/1208 1209/1209/1209 1273/1273/1273
f 1209/1209/1209 1274/1274/1274 1273/1273/1273
f 1209/1209/1209 1210/1210/1210 1274/1274/1274
f 1210/1210/1210 1275/1275/1275 1274/1274/1274
f 1210/1210/1210 1211/1211/1211 1275/1275/1275
f 1211/1211/1211 1276/1276/1276 1275/1275/1275
f 1211/1211/1211 1212/1212/1212 1276/1276/1276
f 1212/1212/1212 1277/1277/1277 1276/1276/1276
f 1212/1212/1212 1213/1213/1213 1277/1277/1277
f 1213/1213/1213 1278/1278/1278 1277/1277/1277
f 1213/1213/1213 1214/1214/1214 1278/1278/1278
f 1214/1214/1214 1279/1279/1279 1278/1278/1278
f 1214/1214/1214 1215/1215/1215 1279/1279/1279
f 1215/1215/1215 1280/1280/1280 1279/1279/1279
f 1215/1215/1215 1216/1216/1216 1280/1280/1280
f 1216/1216/1216 1281/1281/1281 1280/1280/1280
f 1216/1216/1216 1217/1217/1217 1281/1281/1281
f 1217/1217/1217 1282/1282/1282 1281/1281/1281
f 1217/1217/1217 1218/1218/1218 1282/1282/1282
f 1218/1218/1218 1283/1283/1283 1282/1282/1282
f 1218/1218/1218 1219/1219/1219 1283/1283/1283
f 1219/1219/1219 1284/1284/1284 1283/1283/1283
f 1219/1219/1219 1220/1220/1220 1284/1284/1284
f 1220/1220/1220 1285/1285/1285 1284/1284/1284
f 1220/1220/1220 1221/1221/1221 1285/1285/1285
f 1221/1221/1221 1286/1286/1286 1285/1285/1285
f 1221/1221/1221 1222/1222/1222 1286/1286/1286
f 1222/1222/1222 1287/1287/1287 1286/1286/1286
f 1222/1222/1222 1223/1223/1223 1287/1287/1287
f 1223/1223/1223 1288/1288/1288 1287/1287/1287
f 1223/1223/1223 1224/1224/1224 1288/1288/1288
f 1224/1224/1224 1289/1289/1289 1288/1288/1288
f 1224/1224/1224 1225/1225/1225 1289/1289/1289
f 1225/1225/1225 1290/1290/1290 1289/1289/1289
f 1225/1225/1225 1226/1226/1226 1290/1290/1290
f 1226/1226/1226 1291/1291/1291 1290/1290/1290
f 1226/1226/1226 1227/1227/1227 1291/1291/1291
f 1227/1227/1227 1292/1292/1292 1291/1291/1291
f 1227/1227/1227 1228/1228/1228 1292/1292/1292
f 1228/1228/1228 1293/1293/1293 1292/1292/1292
f 1228/1228/1228 1229/1229/1229 1293/1293/1293
f 1229/1229/1229 1294/1294/1294 1293/1293/1293
f 1229/1229/1229 1230/1230/1230 1294/1294/1294
f 1230/1230/1230 1295/1295/1295 1294/1294/1294
f 1230/1230/1230 1231/1231/1231 1295/1295/1295
f 1231/1231/1231 1296/1296/1296 1295/1295/1295
f 1231/1231/1231 1232/1232/1232 1296/1296/1296
f 1232/1232/1232 1297/1297/1297 1296/1296/1296
f 1232/1232/1232 1233/1233/1233 1297/1297/1297
f 1233/1233/1233 1298/1298/1298 1297/1297/1297
f 1233/1233/1233 1234/1234/1234 1298/1298/1298
f 1234/1234/1234 1299/1299/1299 1298/1298/1298
f 1234/1234/1234 1235/1235/1235 1299/1299/1299
f 1235/1235/1235 1300/1300/1300 1299/1299/1299
f 1236/1236/1236 1237/1237/1237 1301/1301/1301
f 1237/1237/1237 1302/1302/1302 1301/1301/1301
f 1237/1237/1237 1238/1238/1238 1302/1302/1302
f 1238/1238/1238 1303/1303/1303 1302/1302/1302
f 1238/1238/1238 1239/1239/1239 1303/1303/1303
f 1239/1239/1239 1304/1304/1304 1303/1303/1303
f 1239/1239/1239 1240/1240/1240 1304/1304/1304
f 1240/1240/1240 1305/1305/1305 1304/1304/1304
f 1240/1240/1240 1241/1241/1241 1305/1305/1305
f 1241/1241/1241 1306/1306/1306 1305/1305/1305
f 1241/1241/1241 1242/1242/1242 1306/1306/1306
f 1242/1242/1242 1307/1307/1307 1306/1306/1306
f 1242/1242/1242 1243/1243/1243 1307/1307/1307
f 1243/1243/1243 1308/1308/1308 1307/1307/1307
f 1243/1243/1243 1244/1244/1244 1308/1308/1308
f 1244/1244/1244 1309/1309/1309 1308/1308/1308
f 1244/1244/1244 1245/1245/1245 1309/1309/1309
f 1245/1245/1245 1310/1310/1310 1309/1309/1309
f 1245/1245/1245 1246/1246/1246 1310/1310/1310
f 1246/1246/1246 1311/1311/1311 1310/1310/1310
f 1246/1246/1246 1247/1247/1247 1311/1311/1311
f 1247/1247/1247 1312/1312/1312 1311/1311/1311
f 1247/1247/1247 1248/1248/1248 1312/1312/1312
f 1248/1248/1248 1313/1313/1313 1312/1312/1312
f 1248/1248/1248 1249/1249/1249 1313/1313/1313
f 1249/1249/1249 1314/1314/1314 1313/1313/1313
f 1249/1249/1249 1250/1250/1250 1314/1314/1314
f 1250/1250/1250 1315/1315/1315 1314/1314/1314
f 1250/1250/1250 1251/1251/1251 1315/1315/1315
f 1251/1251/1251 1316/1316/1316 1315/1315/1315
f 1251/1251/1251 1252/1252/1252 1316/1316/1316
f 1252/1252/1252 1317/1317/1317 1316/1316/1316
f 1252/1252/1252 1253/1253/1253 1317/1317/1317
f 1253/1253/1253 1318/1318/1318 1317/1317/1317
f 1253/1253/1253 1254/1254/1254 1318/1318/1318
f 1254/1254/1254 1319/1319/1319 1318/1318/1318
f 1254/1254/1254 1255/1255/1255 1319/1319/1319
f 1255/1255/1255 1320/1320/1320 1319/1319/1319
f 1255/1255/1255 1256/1256/1256 1320/1320/1320
f 1256/1256/1256 1321/1321/1321 1320/1320/1320
f 1256/1256/1256 1257/1257/1257 1321/1321/1321
f 1257/1257/1257 1322/1322/1322 1321/1321/1321
f 1257/1257/1257 1258/1258/1258 1322/1322/1322
f 1258/1258/1258 1323/1323/1323 1322/1322/1322
f 1258/1258/1258 1259/1259/1259 1323/1323/1323
f 1259/1259/1259 1324/1324/1324 1323/1323/1323
f 1259/1259/1259 1260/1260/1260 1324/1324/1324
f 1260/1260/1260 1325/1325/1325 1324/1324/1324
f 1260/1260/1260 1261/1261/1261 1325/1325/1325
f 1261/1261/1261 1326/1326/1326 1325/1325/1325
f 1261/1261/1261 1262/1262/1262 1326/1326/1326
f 1262/1262/1262 1327/1327/1327 1326/1326/1326
f 1262/1262/1262 1263/1263/1263 1327/1327/1327
f 1263/1263/1263 1328/1328/1328 1327/1327/1327
f 1263/1263/1263 1264/1264/1264 1328/1328/1328
f 1264/1264/1264 1329/1329/1329 1328/1328/1328
f 1264/1264/1264 1265/1265/1265 1329/1329/1329
f 1265/1265/1265 1330/1330/1330 1329/1329/1329
f 1265/1265/1265 1266/1266/1266 1330/1330/1330
f 1266/1266/1266 1331/1331/1331 1330/1330/1330
f 1266/1266/1266 1267/1267/1267 1331/1331/1331
f 1267/1267/1267 1332/1332/1332 1331/1331/1331
f 1267/1267/1267 1268/1268/1268 1332/1332/1332
f 1268/1268/1268 1333/1333/1333 1332/1332/1332
f 1268/1268/1268 1269/1269/1269 1333/1333/1333
f 1269/1269/1269 1334/1334/1334 1333/1333/1333
f 1269/1269/1269 1270/1270/1270 1334/1334/1334
f 1270/1270/1270 1335/1335/1335 1334/1334/1334
f 1270/1270/1270 1271/1271/1271 1335/1335/1335
f 1271/1271/1271 1336/1336/1336 1335/1335/1335
f 1271/1271/1271 1272/1272/1272 1336/1336/1336
f 1272/1272/1272 1337/1337/1337 1336/1336/1336
f 1272/1272/1272 1273/1273/1273 1337/1337/1337
f 1273/1273/1273 1338/1338/1338 1337/1337/1337
f 1273/1273/1273 1274/1274/1274 1338/1338/1338
f 1274/1274/1274 1339/1339/1339 1338/1338/1338
f 1274/1274/1274 1275/1275/1275 1339/1339/1339
f 1275/1275/1275 1340/1340/1340 1339/1339/1339
f 1275/1275/1275 1276/1276/1276 1340/1340/1340
f 1276/1276/1276 1341/1341/1341 1340/1340/1340
f 1276/1276/1276 1277/1277/1277 1341/1341/1341
f 1277/1277/1277 1342/1342/1342 1341/1341/1341
f 1277/1277/1277 1278/1278/1278 1342/1342/1342
f 1278/1278/1278 1343/1343/1343 1342/1342/1342
f 1278/1278/1278 1279/1279/1279 1343/1343/1343
f 1279/1279/1279 1344/1344/1344 1343/1343/1343
f 1279/1279/1279 1280/1280/1280 1344/1344/1344
f 1280/1280/1280 1345/1345/1345 1344/1344/1344
f 1280/1280/1280 1281/1281/1281 1345/1345/1345
f 1281/1281/1281 1346/1346/1346 1345/1345/1345
f 1281/1281/1281 1282/1282/1282 1346/1346/1346
f 1282/1282/1282 1347/1347/1347 1346/1346/1346
f 1282/1282/1282 1283/1283/1283 1347/1347/1347
f 1283/1283/1283 1348/1348/1348 1347/1347/1347
f 1283/1283/1283 1284/1284/1284 1348/1348/1348
f 1284/1284/1284 1349/1349/1349 1348/1348/1348
f 1284/1284/1284 1285/1285/1285 1349/1349/1349
f 1285/1285/1285 1350/1350/1350 1349/1349/1349
f 1285/1285/1285 1286/1286/1286 1350/1350/1350
f 1286/1286/1286 1351/1351/1351 1350/1350/1350
f 1286/1286/1286 1287/1287/1287 1351/1351/1351
f 1287/1287/1287 1352/1352/1352 1351/1351/1351
f 1287/1287/1287 1288/1288/1288 1352/1352/1352
f 1288/1288/1288 1353/1353/1353 1352/1352/1352
f 1288/1288/1288 1289/1289/1289 1353/1353/1353
f 1289/1289/1289 1354/1354/1354 1353/1353/1353
f 1289/1289/1289 1290/1290/1290 1354/1354/1354
f 1290/1290/1290 1355/1355/1355 1354/1354/1354
f 1290/1290/1290 1291/1291/1291 1355/1355/1355
f 1291/1291/1291 1356/1356/1356 1355/1355/1355
f 1291/1291/1291 1292/1292/1292 1356/1356/1356
f 1292/1292/1292 1357/1357/1357 1356/1356/1356
f 1292/1292/1292 1293/1293/1293 1357/1357/1357
f 1293/1293/1293 1358/1358/1358 1357/1357/1357
f 1293/1293/1293 1294/1294/1294 1358/1358/1358
f 1294/1294/1294 1359/1359/1359 1358/1358/1358
f 1294/1294/1294 1295/1295/1295 1359/1359/1359
f 1295/1295/1295 1360/1360/1360 1359/1359/1359
f 1295/1295/1295 1296/1296/1296 1360/1360/1360
f 1296/1296/1296 1361/1361/1361 1360/1360/1360
f 1296/1296/1296 1297/1297/1297 1361/1361/1361
f 1297/1297/1297 1362/1362/1362 1361/1361/1361
f 1297/1297/1297 1298/1298/1298 1362/1362/1362
f 1298/1298/1298 1363/1363/1363 1362/1362/1362
f 1298/1298/1298 1299/1299/1299 1363/1363/1363
f 1299/1299/1299 1364/1364/1364 1363/1363/1363
f 1299/1299/1299 1300/1300/1300 1364/1364/1364
f 1300/1300/1300 1365/1365/1365 1364/1364/1364
f 1301/1301/1301 1302/1302/1302 1366/1366/1366
f 1302/1302/1302 1367/1367/1367 1366/1366/1366
f 1302/1302/1302 1303/1303/1303 1367/1367/1367
f 1303/1303/1303 1368/1368/1368 1367/1367/1367
f 1303/1303/1303 1304/1304/1304 1368/1368/1368
f 1304/1304/1304 1369/1369/1369 1368/1368/1368
f 1304/1304/1304 1305/1305/1305 1369/1369/1369
f 1305/1305/1305 1370/1370/1370 1369/1369/1369
f 1305/1305/1305 1306/1306/1306 1370/1370/1370
f 1306/1306/1306 1371/1371/1371 1370/1370/1370
f 1306/1306/1306 1307/1307/1307 1371/1371/1371
f 1307/1307/1307 1372/1372/1372 1371/1371/1371
f 1307/1307/1307 1308/1308/1308 1372/1372/1372
f 1308/1308/1308 1373/1373/1373 1372/1372/1372
f 1308/1308/1308 1309/1309/1309 1373/1373/1373
f 1309/1309/1309 1374/1374/1374 1373/1373/1373
f 1309/1309/1309 1310/1310/1310 1374/1374/1374
f 1310/1310/1310 1375/1375/1375 1374/1374/1374
f 1310/1310/1310 1311/1311/1311 1375/1375/1375
f 1311/1311/1311 1376/1376/1376 1375/1375/1375
f 1311/1311/1311 1312/1312/1312 1376/1376/1376
f 1312/1312/1312 1377/1377/1377 1376/1376/1376
f 1312/1312/1312 1313/1313/1313 1377/1377/1377
f 1313/1313/1313 1378/1378/1378 1377/1377/1377
f 1313/1313/1313 1314/1314/1314 1378/1378/1378
f 1314/1314/1314 1379/1379/1379 1378/1378/1378
f 1314/1314/1314 1315/1315/1315 1379/1379/1379
f 1315/1315/1315 1380/1380/1380 1379/1379/1379
f 1315/1315/1315 1316/1316/1316 1380/1380/1380
f 1316/1316/1316 1381/1381/1381 1380/1380/1380
f 1316/1316/1316 1317/1317/1317 1381/1381/1381
f 1317/1317/1317 1382/1382/1382 1381/1381/1381
f 1317/1317/1317 1318/1318/1318 1382/1382/1382
f 1318/1318/1318 1383/1383/1383 1382/1382/1382
f 1318/1318/1318 1319/1319/1319 1383/1383/1383
f 1319/1319/1319 1384/1384/1384 1383/1383/1383
f 1319/1319/1319 1320/1320/1320 1384/1384/1384
f 1320/1320/1320 1385/1385/1385 1384/1384/1384
f 1320/1320/1320 1321/1321/1321 1385/1385/1385
f 1321/1321/1321 1386/1386/1386 1385/1385/1385
f 1321/1321/1321 1322/1322/1322 1386/1386/1386
f 1322/1322/1322 1387/1387/1387 1386/1386/1386
f 1322/1322/1322 1323/1323/1323 1387/1387/1387
f 1323/1323/1323 1388/1388/1388 1387/1387/1387
f 1323/1323/1323 1324/1324/1324 1388/1388/1388
f 1324/1324/1324 1389/1389/1389 1388/1388/1388
f 1324/1324/1324 1325/1325/1325 1389/1389/1389
f 1325/1325/1325 1390/1390/1390 1389/1389/1389
f 1325/1325/1325 1326/1326/1326 1390/1390/1390
f 1326/1326/1326 1391/1391/1391 1390/1390/1390
f 1326/1326/1326 1327/1327/1327 1391/1391/1391
f 1327/1327/1327 1392/1392/1392 1391/1391/1391
f 1327/1327/1327 1328/1328/1328 1392/1392/1392
f 1328/1328/1328 1393/1393/1393 1392/1392/1392
f 1328/1328/1328 1329/1329/1329 1393/1393/1393
f 1329/1329/1329 1394/1394/1394 1393/1393/1393
f 1329/1329/1329 1330/1330/1330 1394/1394/1394
f 1330/1330/1330 1395/1395/1395 1394/1394/1394
f 1330/1330/1330 1331/1331/1331 1395/1395/1395
f 1331/1331/1331 1396/1396/1396 1395/1395/1395
f 1331/1331/1331 1332/1332/1332 1396/1396/1396
f 1332/1332/1332 1397/1397/1397 1396/1396/1396
f 1332/1332/1332 1333/1333/1333 1397/1397/1397
f 1333/1333/1333 1398/1398/1398 1397/1397/1397
f 1333/1333/1333 1334/1334/1334 1398/1398/1398
f 1334/1334/1334 1399/1399/1399 1398/1398/1398
f 1334/1334/1334 1335/1335/1335 1399/1399/1399
f 1335/1335/1335 1400/1400/1400 1399/1399/1399
f 1335/1335/1335 1336/1336/1336 1400/1400/1400
f 1336/1336/1336 1401/1401/1401 1400/1400/1400
f 1336/1336/1336 1337/1337/1337 1401/1401/1401
f 1337/1337/1337 1402/1402/1402 1401/1401/1401
f 1337/1337/1337 1338/1338/1338 1402/1402/1402
f 1338/1338/1338 1403/1403/1403 1402/1402/1402
f 1338/1338/1338 1339/1339/1339 1403/1403/1403
f 1339/1339/1339 1404/1404/1404 1403/1403/1403
f 1339/1339/1339 1340/1340/1340 1404/1404/1404
f 1340/1340/1340 1405/1405/1405 1404/1404/1404
f 1340/1340/1340 1341/1341/1341 1405/1405/1405
f 1341/1341/1341 1406/1406/1406 1405/1405/1405
f 1341/1341/1341 1342/1342/1342 1406/1406/1406
f 1342/1342/1342 1407/1407/1407 1406/1406/1406
f 1342/1342/1342 1343/1343/1343 1407/1407/1407
f 1343/1343/1343 1408/1408/1408 1407/1407/1407
f 1343/1343/1343 1344/1344/1344 1408/1408/1408
f 1344/1344/1344 1409/1409/1409 1408/1408/1408
f 1344/1344/1344 1345/1345/1345 1409/1409/1409
f 1345/1345/1345 1410/1410/1410 1409/1409/1409
f 1345/1345/1345 1346/1346/1346 1410/1410/1410
f 1346/1346/1346 1411/1411/1411 1410/1410/1410
f 1346/1346/1346 1347/1347/1347 1411/1411/1411
f 1347/1347/1347 1412/1412/1412 1411/1411/1411
f 1347/1347/1347 1348/1348/1348 1412/1412/1412
f 1348/1348/1348 1413/1413/1413 1412/1412/1412
f 1348/1348/1348 1349/1349/1349 1413/1413/1413
f 1349/1349/1349 1414/1414/1414 1413/1413/1413
f 1349/1349/1349 1350/1350/1350 1414/1414/1414
f 1350/1350/1350 1415/1415/1415 1414/1414/1414
f 1350/1350/1350 1351/1351/1351 1415/1415/1415
f 1351/1351/1351 1416/1416/1416 1415/1415/1415
f 1351/1351/1351 1352/1352/1352 1416/1416/1416
f 1352/1352/1352 1417/1417/1417 1416/1416/1416
f 1352/1352/1352 1353/1353/1353 1417/1417/1417
f 1353/1353/1353 1418/1418/1418 1417/1417/1417
f 1353/1353/1353 1354/1354/1354 1418/1418/1418
f 1354/1354/1354 1419/1419/1419 1418/1418/1418
f 1354/1354/1354 1355/1355/1355 1419/1419/1419
f 1355/1355/1355 1420/1420/1420 1419/1419/1419
f 1355/1355/1355 1356/1356/1356 1420/1420/1420
f 1356/1356/1356 1421/1421/1421 1420/1420/1420
f 1356/1356/1356 1357/1357/1357 1421/1421/1421
f 1357/1357/1357 1422/1422/1422 1421/1421/1421
f 1357/1357/1357 1358/1358/1358 1422/1422/1422
f 1358/1358/1358 1423/1423/1423 1422/1422/1422
f 1358/1358/1358 1359/1359/1359 1423/1423/1423
f 1359/1359/1359 1424/1424/1424 1423/1423/1423
f 1359/1359/1359 1360/1360/1360 1424/1424/1424
f 1360/1360/1360 1425/1425/1425 1424/1424/1424
f 1360/1360/1360 1361/1361/1361 1425/1425/1425
f 1361/1361/1361 1426/1426/1426 1425/1425/1425
f 1361/1361/1361 1362/1362/1362 1426/1426/1426
f 1362/1362/1362 1427/1427/1427 1426/1426/1426
f 1362/1362/1362 1363/1363/1363 1427/1427/1427
f 1363/1363/1363 1428/1428/1428 1427/1427/1427
f 1363/1363/1363 1364/1364/1364 1428/1428/1428
f 1364/1364/1364 1429/1429/1429 1428/1428/1428
f 1364/1364/1364 1365/1365/1365 1429/1429/1429
f 1365/1365/1365 1430/1430/1430 1429/1429/1429
f 1366/1366/1366 1367/1367/1367 1431/1431/1431
f 1367/1367/1367 1432/1432/1432 1431/1431/1431
f 1367/1367/1367 1368/1368/1368 1432/1432/1432
f 1368/1368/1368 1433/1433/1433 1432/1432/1432
f 1368/1368/1368 1369/1369/1369 1433/1433/1433
f 1369/1369/1369 1434/1434/1434 1433/1433/1433
f 1369/1369/1369 1370/1370/1370 1434/1434/1434
f 1370/1370/1370 1435/1435/1435 1434/1434/1434
f 1370/1370/1370 1371/1371/1371 1435/1435/1435
f 1371/1371/1371 1436/1436/1436 1435/1435/1435
f 1371/1371/1371 1372/1372/1372 1436/1436/1436
f 1372/1372/1372 1437/1437/1437 1436/1436/1436
f 1372/1372/1372 1373/1373/1373 1437/1437/1437
f 1373/1373/1373 1438/1438/1438 1437/1437/1437
f 1373/1373/1373 1374/1374/1374 1438/1438/1438
f 1374/1374/1374 1439/1439/1439 1438/1438/1438
f 1374/1374/1374 1375/1375/1375 1439/1439/1439
f 1375/1375/1375 1440/1440/1440 1439/1439/1439
f 1375/1375/1375 1376/1376/1376 1440/1440/1440
f 1376/1376/1376 1441/1441/1441 1440/1440/1440
f 1376/1376/1376 1377/1377/1377 1441/1441/1441
f 1377/1377/1377 1442/1442/1442 1441/1441/1441
f 1377/1377/1377 1378/1378/1378 1442/1442/1442
f 1378/1378/1378 1443/1443/1443 1442/1442/1442
f 1378/1378/1378 1379/1379/1379 1443/1443/1443
f 1379/1379/1379 1444/1444/1444 1443/1443/1443
f 1379/1379/1379 1380/1380/1380 1444/1444/1444
f 1380/1380/1380 1445/1445/1445 1444/1444/1444
f 1380/1380/1380 1381/1381/1381 1445/1445/1445
f 1381/1381/1381 1446/1446/1446 1445/1445/1445
f 1381/1381/1381 1382/1382/1382 1446/1446/1446
f 1382/1382/1382 1447/1447/1447 1446/1446/1446
f 1382/1382/1382 1383/1383/1383 1447/1447/1447
f 1383/1383/1383 1448/1448/1448 1447/1447/1447
f 1383/1383/1383 1384/1384/1384 1448/1448/1448
f 1384/1384/1384 1449/1449/1449 1448/1448/1448
f 1384/1384/1384 1385/1385/1385 1449/1449/1449
f 1385/1385/1385 1450/1450/1450 1449/1449/1449
f 1385/1385/1385 1386/1386/1386 1450/1450/1450
f 1386/1386/1386 1451/1451/1451 1450/1450/1450
f 1386/1386/1386 1387/1387/1387 1451/1451/1451
f 1387/1387/1387 1452/1452/1452 1451/1451/1451
f 1387/1387/1387 1388/1388/1388 1452/1452/1452
f 1388/1388/1388 1453/1453/1453 1452/1452/1452
f 1388/1388/1388 1389/1389/1389 1453/1453/1453
f 1389/1389/1389 1454/1454/1454 1453/1453/1453
f 1389/1389/1389 1390/1390/1390 1454/1454/1454
f 1390/1390/1390 1455/1455/1455 1454/1454/1454
f 1390/1390/1390 1391/1391/1391 1455/1455/1455
f 1391/1391/1391 1456/1456/1456 1455/1455/1455
f 1391/1391/1391 1392/1392/1392 1456/1456/1456
f 1392/1392/1392 1457/1457/1457 1456/1456/1456
f 1392/1392/1392 1393/1393/1393 1457/1457/1457
f 1393/1393/1393 1458/1458/1458 1457/1457/1457
f 1393/1393/1393 1394/1394/1394 1458/1458/1458
f 1394/1394/1394 1459/1459/1459 1458/1458/1458
f 1394/1394/1394 1395/1395/1395 1459/1459/1459
f 1395/1395/1395 1460/1460/1460 1459/1459/1459
f 1395/1395/1395 1396/1396/1396 1460/1460/1460
f 1396/1396/1396 1461/1461/1461 1460/1460/1460
f 1396/1396/1396 1397/1397/1397 1461/1461/1461
f 1397/1397/1397 1462/1462/1462 1461/1461/1461
f 1397/1397/1397 1398/1398/1398 1462/1462/1462
f 1398/1398/1398 1463/1463/1463 1462/1462/1462
f 1398/1398/1398 1399/1399/1399 1463/1463/1463
f 1399/1399/1399 1464/1464/1464 1463/1463/1463
f 1399/1399/1399 1400/1400/1400 1464/1464/1464
f 1400/1400/1400 1465/1465/1465 1464/1464/1464
f 1400/1400/1400 1401/1401/1401 1465/1465/1465
f 1401/1401/1401 1466/1466/1466 1465/1465/1465
f 1401/1401/1401 1402/1402/1402 1466/1466/1466
f 1402/1402/1402 1467/1467/1467 1466/1466/1466
f 1402/1402/1402 1403/1403/1403 1467/1467/1467
f 1403/1403/1403 1468/1468/1468 1467/1467/1467
f 1403/1403/1403 1404/1404/1404 1468/1468/1468
f 1404/1404/1404 1469/1469/1469 1468/1468/1468
f 1404/1404/1404 1405/1405/1405 1469/1469/1469
f 1405/1405/1405 1470/1470/1470 1469/1469/1469
f 1405/1405/1405 1406/1406/1406 1470/1470/1470
f 1406/1406/1406 1471/1471/1471 1470/1470/1470
f 1406/1406/1406 1407/1407/1407 1471/1471/1471
f 1407/1407/1407 1472/1472/1472 1471/1471/1471
f 1407/1407/1407 1408/1408/1408 1472/1472/1472
f 1408/1408/1408 1473/1473/1473 1472/1472/1472
f 1408/1408/1408 1409/1409/1409 1473/1473/1473
f 1409/1409/1409 1474/1474/1474 1473/1473/1473
f 1409/1409/1409 1410/1410/1410 1474/1474/1474
f 1410/1410/1410 1475/1475/1475 1474/1474/1474
f 1410/1410/1410 1411/1411/1411 1475/1475/1475
f 1411/1411/1411 1476/1476/1476 1475/1475/1475
f 1411/1411/1411 1412/1412/1412 1476/1476/1476
f 1412/1412/1412 1477/1477/1477 1476/1476/1476
f 1412/1412/1412 1413/1413/1413 1477/1477/1477
f 1413/1413/1413 1478/1478/1478 1477/1477/1477
f 1413/1413/1413 1414/1414/1414 1478/1478/1478
f 1414/1414/1414 1479/1479/1479 1478/1478/1478
f 1414/1414/1414 1415/1415/1415 1479/1479/1479
f 1415/1415/1415 1480/1480/1480 1479/1479/1479
f 1415/1415/1415 1416/1416/1416 1480/1480/1480
f 1416/1416/1416 1481/1481/1481 1480/1480/1480
f 1416/1416/1416 1417/1417/1417 1481/1481/1481
f 1417/1417/1417 1482/1482/1482 1481/1481/1481
f 1417/1417/1417 1418/1418/1418 1482/1482/1482
f 1418/1418/1418 1483/1483/1483 1482/1482/1482
f 1418/1418/1418 1419/1419/1419 1483/1483/1483
f 1419/1419/1419 1484/1484/1484 1483/1483/1483
f 1419/1419/1419 1420/1420/1420 1484/1484/1484
f 1420/1420/1420 1485/1485/1485 1484/1484/1484
f 1420/1420/1420 1421/1421/1421 1485/1485/1485
f 1421/1421/1421 1486/1486/1486 1485/1485/1485
f 1421/1421/1421 1422/1422/1422 1486/1486/1486
f 1422/1422/1422 1487/1487/1487 1486/1486/1486
f 1422/1422/1422 1423/1423/1423 1487/1487/1487
f 1423/1423/1423 1488/1488/1488 1487/1487/1487
f 1423/1423/1423 1424/1424/1424 1488/1488/1488
f 1424/1424/1424 1489/1489/1489 1488/1488/1488
f 1424/1424/1424 1425/1425/1425 1489/1489/1489
f 1425/1425/1425 1490/1490/1490 1489/1489/1489
f 1425/1425/1425 1426/1426/1426 1490/1490/1490
f 1426/1426/1426 1491/1491/1491 1490/1490/1490
f 1426/1426/1426 1427/1427/1427 1491/1491/1491
f 1427/1427/1427 1492/1492/1492 1491/1491/1491
f 1427/1427/1427 1428/1428/1428 1492/1492/1492
f 1428/1428/1428 1493/1493/1493 1492/1492/1492
f 1428/1428/1428 1429/1429/1429 1493/1493/1493
f 1429/1429/1429 1494/1494/1494 1493/1493/1493
f 1429/1429/1429 1430/1430/1430 1494/1494/1494
f 1430/1430/1430 1495/1495/1495 1494/1494/1494
f 1431/1431/1431 1432/1432/1432 1496/1496/1496
f 1432/1432/1432 1497/1497/1497 1496/1496/1496
f 1432/1432/1432 1433/1433/1433 1497/1497/1497
f 1433/1433/1433 1498/1498/1498 1497/1497/1497
f 1433/1433/1433 1434/1434/1434 1498/1498/1498
f 1434/1434/1434 1499/1499/1499 1498/1498/1498
f 1434/1434/1434 1435/1435/1435 1499/1499/1499
f 1435/1435/1435 1500/1500/1500 1499/1499/1499
f 1435/1435/1435 1436/1436/1436 1500/1500/1500
f 1436/1436/1436 1501/1501/1501 1500/1500/1500
f 1436/1436/1436 1437/1437/1437 1501/1501/1501
f 1437/1437/1437 1502/1502/1502 1501/1501/1501
f 1437/1437/1437 1438/1438/1438 1502/1502/1502
f 1438/1438/1438 1503/1503/1503 1502/1502/1502
f 1438/1438/1438 1439/1439/1439 1503/1503/1503
f 1439/1439/1439 1504/1504/1504 1503/1503/1503
f 1439/1439/1439 1440/1440/1440 1504/1504/1504
f 1440/1440/1440 1505/1505/1505 1504/1504/1504
f 1440/1440/1440 1441/1441/1441 1505/1505/1505
f 1441/1441/1441 1506/1506/1506 1505/1505/1505
f 1441/1441/1441 1442/1442/1442 1506/1506/1506
f 1442/1442/1442 1507/1507/1507 1506/1506/1506
f 1442/1442/1442 1443/1443/1443 1507/1507/1507
f 1443/1443/1443 1508/1508/1508 1507/1507/1507
f 1443/1443/1443 1444/1444/1444 1508/1508/1508
f 1444/1444/1444 1509/1509/1509 1508/1508/1508
f 1444/1444/1444 1445/1445/1445 1509/1509/1509
f 1445/1445/1445 1510/1510/1510 1509/1509/1509
f 1445/1445/1445 1446/1446/1446 1510/1510/1510
f 1446/1446/1446 1511/1511/1511 1510/1510/1510
f 1446/1446/1446 1447/1447/1447 1511/1511/1511
f 1447/1447/1447 1512/1512/1512 1511/1511/1511
f 1447/1447/1447 1448/1448/1448 1512/1512/1512
f 1448/1448/1448 1513/1513/1513 1512/1512/1512
f 1448/1448/1448 1449/1449/1449 1513/1513/1513
f 1449/1449/1449 1514/1514/1514 1513/1513/1513
f 1449/1449/1449 1450/1450/1450 1514/1514/1514
f 1450/1450/1450 1515/1515/1515 1514/1514/1514
f 1450/1450/1450 1451/1451/1451 1515/1515/1515
f 1451/1451/1451 1516/1516/1516 1515/1515/1515
f 1451/1451/1451 1452/1452/1452 1516/1516/1516
f 1452/1452/1452 1517/1517/1517 1516/1516/1516
f 1452/1452/1452 1453/1453/1453 1517/1517/1517
f 1453/1453/1453 1518/1518/1518 1517/1517/1517
f 1453/1453/1453 1454/1454/1454 1518/1518/1518
f 1454/1454/1454 1519/1519/1519 1518/1518/1518
f 1454/1454/1454 1455/1455/1455 1519/1519/1519
f 1455/1455/1455 1520/1520/1520 1519/1519/1519
f 1455/1455/1455 1456/1456/1456 1520/1520/1520
f 1456/1456/1456 1521/1521/1521 1520/1520/1520
f 1456/1456/1456 1457/1457/1457 1521/1521/1521
f 1457/1457/1457 1522/1522/1522 1521/1521/1521
f 1457/1457/1457 1458/1458/1458 1522/1522/1522
f 1458/1458/1458 1523/1523/1523 1522/1522/1522
f 1458/1458/1458 1459/1459/1459 1523/1523/1523
f 1459/1459/1459 1524/1524/1524 1523/1523/1523
f 1459/1459/1459 1460/1460/1460 1524/1524/1524
f 1460/1460/1460 1525/1525/1525 1524/1524/1524
f 1460/1460/1460 1461/1461/1461 1525/1525/1525
f 1461/1461/1461 1526/1526/1526 1525/1525/1525
f 1461/1461/1461 1462/1462/1462 1526/1526/1526
f 1462/1462/1462 1527/1527/1527 1526/1526/1526
f 1462/1462/1462 1463/1463/1463 1527/1527/1527
f 1463/1463/1463 1528/1528/1528 1527/1527/1527
f 1463/1463/1463 1464/1464/1464 1528/1528/1528
f 1464/1464/1464 1529/1529/1529 1528/1528/1528
f 1464/1464/1464 1465/1465/1465 1529/1529/1529
f 1465/1465/1465 1530/1530/1530 1529/1529/1529
f 1465/1465/1465 1466/1466/1466 1530/1530/1530
f 1466/1466/1466 1531/1531/1531 1530/1530/1530
f 1466/1466/1466 1467/1467/1467 1531/1531/1531
f 1467/1467/1467 1532/1532/1532 1531/1531/1531
f 1467/1467/1467 1468/1468/1468 1532/1532/1532
f 1468/1468/1468 1533/1533/1533 1532/1532/1532
f 1468/1468/1468 1469/1469/1469 1533/1533/1533
f 1469/1469/1469 1534/1534/1534 1533/1533/1533
f 1469/1469/1469 1470/1470/1470 1534/1534/1534
f 1470/1470/1470 1535/1535/1535 1534/1534/1534
f 1470/1470/1470 1471/1471/1471 1535/1535/1535
f 1471/1471/1471 1536/1536/1536 1535/1535/1535
f 1471/1471/1471 1472/1472/1472 1536/1536/1536
f 1472/1472/1472 1537/1537/1537 1536/1536/1536
f 1472/1472/1472 1473/1473/1473 1537/1537/1537
f 1473/1473/1473 1538/1538/1538 1537/1537/1537
f 1473/1473/1473 1474/1474/1474 1538/1538/1538
f 1474/1474/1474 1539/1539/1539 1538/1538/1538
f 1474/1474/1474 1475/1475/1475 1539/1539/1539
f 1475/1475/1475 1540/1540/1540 1539/1539/1539
f 1475/1475/1475 1476/1476/1476 1540/1540/1540
f 1476/1476/1476 1541/1541/1541 1540/1540/1540
f 1476/1476/1476 1477/1477/1477 1541/1541/1541
f 1477/1477/1477 1542/1542/1542 1541/1541/1541
f 1477/1477/1477 1478/1478/1478 1542/1542/1542
f 1478/1478/1478 1543/1543/1543 1542/1542/1542
f 1478/1478/1478 1479/1479/1479 1543/1543/1543
f 1479/1479/1479 1544/1544/1544 1543/1543/1543
f 1479/1479/1479 1480/1480/1480 1544/1544/1544
f 1480/1480/1480 1545/1545/1545 1544/1544/1544
f 1480/1480/1480 1481/1481/1481 1545/1545/1545
f 1481/1481/1481 1546/1546/1546 1545/1545/1545
f 1481/1481/1481 1482/1482/1482 1546/1546/1546
f 1482/1482/1482 1547/1547/1547 1546/1546/1546
f 1482/1482/1482 1483/1483/1483 1547/1547/1547
f 1483/1483/1483 1548/1548/1548 1547/1547/1547
f 1483/1483/1483 1484/1484/1484 1548/1548/1548
f 1484/1484/1484 1549/1549/1549 1548/1548/1548
f 1484/1484/1484 1485/1485/1485 1549/1549/1549
f 1485/1485/1485 1550/1550/1550 1549/1549/1549
f 1485/1485/1485 1486/1486/1486 1550/1550/1550
f 1486/1486/1486 1551/1551/1551 1550/1550/1550
f 1486/1486/1486 1487/1487/1487 1551/1551/1551
f 1487/1487/1487 1552/1552/1552 1551/1551/1551
f 1487/1487/1487 1488/1488/1488 1552/1552/1552
f 1488/1488/1488 1553/1553/1553 1552/1552/1552
f 1488/1488/1488 1489/1489/1489 1553/1553/1553
f 1489/1489/1489 1554/1554/1554 1553/1553/1553
f 1489/1489/1489 1490/1490/1490 1554/1554/1554
f 1490/1490/1490 1555/1555/1555 1554/1554/1554
f 1490/1490/1490 1491/1491/1491 1555/1555/1555
f 1491/1491/1491 1556/1556/1556 1555/1555/1555
f 1491/1491/1491 1492/1492/1492 1556/1556/1556
f 1492/1492/1492 1557/1557/1557 1556/1556/1556
f 1492/1492/1492 1493/1493/1493 1557/1557/1557
f 1493/1493/1493 1558/1558/1558 1557/1557/1557
f 1493/1493/1493 1494/1494/1494 1558/1558/1558
f 1494/1494/1494 1559/1559/1559 1558/1558/1558
f 1494/1494/1494 1495/1495/1495 1559/1559/1559
f 1495/1495/1495 1560/1560/1560 1559/1559/1559
f 1496/1496/1496 1497/1497/1497 1561/1561/1561
f 1497/1497/1497 1562/1562/1562 1561/1561/1561
f 1497/1497/1497 1498/1498/1498 1562/1562/1562
f 1498/1498/1498 1563/1563/1563 1562/1562/1562
f 1498/1498/1498 1499/1499/1499 1563/1563/1563
f 1499/1499/1499 1564/1564/1564 1563/1563/1563
f 1499/1499/1499 1500/1500/1500 1564/1564/1564
f 1500/1500/1500 1565/1565/1565 1564/1564/1564
f 1500/1500/1500 1501/1501/1501 1565/1565/1565
f 1501/1501/1501 1566/1566/1566 1565/1565/1565
f 1501/1501/1501 1502/1502/1502 1566/1566/1566
f 1502/1502/1502 1567/1567/1567 1566/1566/1566
f 1502/1502/1502 1503/1503/1503 1567/1567/1567
f 1503/1503/1503 1568/1568/1568 1567/1567/1567
f 1503/1503/1503 1504/1504/1504 1568/1568/1568
f 1504/1504/1504 1569/1569/1569 1568/1568/1568
f 1504/1504/1504 1505/1505/1505 1569/1569/1569
f 1505/1505/1505 1570/1570/1570 1569/1569/1569
f 1505/1505/1505 1506/1506/1506 1570/1570/1570
f 1506/1506/1506 1571/1571/1571 1570/1570/1570
f 1506/1506/1506 1507/1507/1507 1571/1571/1571
f 1507/1507/1507 1572/1572/1572 1571/1571/1571
f 1507/1507/1507 1508/1508/1508 1572/1572/1572
f 1508/1508/1508 1573/1573/1573 1572/1572/1572
f 1508/1508/1508 1509/1509/1509 1573/1573/1573
f 1509/1509/1509 1574/1574/1574 1573/1573/1573
f 1509/1509/1509 1510/1510/1510 1574/1574/1574
f 1510/1510/1510 1575/1575/1575 1574/1574/1574
f 1510/1510/1510 1511/1511/1511 1575/1575/1575
f 1511/1511/1511 1576/1576/1576 1575/1575/1575
f 1511/1511/1511 1512/1512/1512 1576/1576/1576
f 1512/1512/1512 1577/1577/1577 1576/1576/1576
f 1512/1512/1512 1513/1513/1513 1577/1577/1577
f 1513/1513/1513 1578/1578/1578 1577/1577/1577
f 1513/1513/1513 1514/1514/1514 1578/1578/1578
f 1514/1514/1514 1579/1579/1579 1578/1578/1578
f 1514/1514/1514 1515/1515/1515 1579/1579/1579
f 1515/1515/1515 1580/1580/1580 1579/1579/1579
f 1515/1515/1515 1516/1516/1516 1580/1580/1580
f 1516/1516/1516 1581/1581/1581 1580/1580/1580
f 1516/1516/1516 1517/1517/1517 1581/1581/1581
f 1517/1517/1517 1582/1582/1582 1581/1581/1581
f 1517/1517/1517 1518/1518/1518 1582/1582/1582
f 1518/1518/1518 1583/1583/1583 1582/1582/1582
f 1518/1518/1518 1519/1519/1519 1583/1583/1583
f 1519/1519/1519 1584/1584/1584 1583/1583/1583
f 1519/1519/1519 1520/1520/1520 1584/1584/1584
f 1520/1520/1520 1585/1585/1585 1584/1584/1584
f 1520/1520/1520 1521/1521/1521 1585/1585/1585
f 1521/1521/1521 1586/1586/1586 1585/1585/1585
f 1521/1521/1521 1522/1522/1522 1586/1586/1586
f 1522/1522/1522 1587/1587/1587 1586/1586/1586
f 1522/1522/1522 1523/1523/1523 1587/1587/1587
f 1523/1523/1523 1588/1588/1588 1587/1587/1587
f 1523/1523/1523 1524/1524/1524 1588/1588/1588
f 1524/1524/1524 1589/1589/1589 1588/1588/1588
f 1524/1524/1524 1525/1525/1525 1589/1589/1589
f 1525/1525/1525 1590/1590/1590 1589/1589/1589
f 1525/1525/1525 1526/1526/1526 1590/1590/1590
f 1526/1526/1526 1591/1591/1591 1590/1590/1590
f 1526/1526/1526 1527/1527/1527 1591/1591/1591
f 1527/1527/1527 1592/1592/1592 1591/1591/1591
f 1527/1527/1527 1528/1528/1528 1592/1592/1592
f 1528/1528/1528 1593/1593/1593 1592/1592/1592
f 1528/1528/1528 1529/1529/1529 1593/1593/1593
f 1529/1529/1529 1594/1594/1594 1593/1593/1593
f 1529/1529/1529 1530/1530/1530 1594/1594/1594
f 1530/1530/1530 1595/1595/1595 1594/1594/1594
f 1530/1530/1530 1531/1531/1531 1595/1595/1595
f 1531/1531/1531 1596/1596/1596 1595/1595/1595
f 1531/1531/1531 1532/1532/1532 1596/1596/1596
f 1532/1532/1532 1597/1597/1597 1596/1596/1596
f 1532/1532/1532 1533/1533/1533 1597/1597/1597
f 1533/1533/1533 1598/1598/1598 1597/1597/1597
f 1533/1533/1533 1534/1534/1534 1598/1598/1598
f 1534/1534/1534 1599/1599/1599 1598/1598/1598
f 1534/1534/1534 1535/1535/1535 1599/1599/1599
f 1535/1535/1535 1600/1600/1600 1599/1599/1599
f 1535/1535/1535 1536/1536/1536 1600/1600/1600
f 1536/1536/1536 1601/1601/1601 1600/1600/1600
f 1536/1536/1536 1537/1537/1537 1601/1601/1601
f 1537/1537/1537 1602/1602/1602 1601/1601/1601
f 1537/1537/1537 1538/1538/1538 1602/1602/1602
f 1538/1538/1538 1603/1603/1603 1602/1602/1602
f 1538/1538/1538 1539/1539/1539 1603/1603/1603
f 1539/1539/1539 1604/1604/1604 1603/1603/1603
f 1539/1539/1539 1540/1540/1540 1604/1604/1604
f 1540/1540/1540 1605/1605/1605 1604/1604/1604
f 1540/1540/1540 1541/1541/1541 1605/1605/1605
f 1541/1541/1541 1606/1606/1606 1605/1605/1605
f 1541/1541/1541 1542/1542/1542 1606/1606/1606
f 1542/1542/1542 1607/1607/1607 1606/1606/1606
f 1542/1542/1542 1543/1543/1543 1607/1607/1607
f 1543/1543/1543 1608/1608/1608 1607/1607/1607
f 1543/1543/1543 1544/1544/1544 1608/1608/1608
f 1544/1544/1544 1609/1609/1609 1608/1608/1608
f 1544/1544/1544 1545/1545/1545 1609/1609/1609
f 1545/1545/1545 1610/1610/1610 1609/1609/1609
f 1545/1545/1545 1546/1546/1546 1610/1610/1610
f 1546/1546/1546 1611/1611/1611 1610/1610/1610
f 1546/1546/1546 1547/1547/1547 1611/1611/1611
f 1547/1547/1547 1612/1612/1612 1611/1611/1611
f 1547/1547/1547 1548/1548/1548 1612/1612/1612
f 1548/1548/1548 1613/1613/1613 1612/1612/1612
f 1548/1548/1548 1549/1549/1549 1613/1613/1613
f 1549/1549/1549 1614/1614/1614 1613/1613/1613
f 1549/1549/1549 1550/1550/1550 1614/1614/1614
f 1550/1550/1550 1615/1615/1615 1614/1614/1614
f 1550/1550/1550 1551/1551/1551 1615/1615/1615
f 1551/1551/1551 1616/1616/1616 1615/1615/1615
f 1551/1551/1551 1552/1552/1552 1616/1616/1616
f 1552/1552/1552 1617/1617/1617 1616/1616/1616
f 1552/1552/1552 1553/1553/1553 1617/1617/1617
f 1553/1553/1553 1618/1618/1618 1617/1617/1617
f 1553/1553/1553 1554/1554/1554 1618/1618/1618
f 1554/1554/1554 1619/1619/1619 1618/1618/1618
f 1554/1554/1554 1555/1555/1555 1619/1619/1619
f 1555/1555/1555 1620/1620/1620 1619/1619/1619
f 1555/1555/1555 1556/1556/1556 1620/1620/1620
f 1556/1556/1556 1621/1621/1621 1620/1620/1620
f 1556/1556/1556 1557/1557/1557 1621/1621/1621
f 1557/1557/1557 1622/1622/1622 1621/1621/1621
f 1557/1557/1557 1558/1558/1558 1622/1622/1622
f 1558/1558/1558 1623/1623/1623 1622/1622/1622
f 1558/1558/1558 1559/1559/1559 1623/1623/1623
f 1559/1559/1559 1624/1624/1624 1623/1623/1623
f 1559/1559/1559 1560/1560/1560 1624/1624/1624
f 1560/1560/1560 1625/1625/1625 1624/1624/1624
f 1561/1561/1561 1562/1562/1562 1626/1626/1626
f 1562/1562/1562 1627/1627/1627 1626/1626/1626
f 1562/1562/1562 1563/1563/1563 1627/1627/1627
f 1563/1563/1563 1628/1628/1628 1627/1627/1627
f 1563/1563/1563 1564/1564/1564 1628/1628/1628
f 1564/1564/1564 1629/1629/1629 1628/1628/1628
f 1564/1564/1564 1565/1565/1565 1629/1629/1629
f 1565/1565/1565 1630/1630/1630 1629/1629/1629
f 1565/1565/1565 1566/1566/1566 1630/1630/1630
f 1566/1566/1566 1631/1631/1631 1630/1630/1630
f 1566/1566/1566 1567/1567/1567 1631/1631/1631
f 1567/1567/1567 1632/1632/1632 1631/1631/1631
f 1567/1567/1567 1568/1568/1568 1632/1632/1632
f 1568/1568/1568 1633/1633/1633 1632/1632/1632
f 1568/1568/1568 1569/1569/1569 1633/1633/1633
f 1569/1569/1569 1634/1634/1634 1633/1633/1633
f 1569/1569/1569 1570/1570/1570 1634/1634/1634
f 1570/1570/1570 1635/1635/1635 1634/1634/1634
f 1570/1570/1570 1571/1571/1571 1635/1635/1635
f 1571/1571/1571 1636/1636/1636 1635/1635/1635
f 1571/1571/1571 1572/1572/1572 1636/1636/1636
f 1572/1572/1572 1637/1637/1637 1636/1636/1636
f 1572/1572/1572 1573/1573/1573 1637/1637/1637
f 1573/1573/1573 1638/1638/1638 1637/1637/1637
f 1573/1573/1573 1574/1574/1574 1638/1638/1638
f 1574/1574/1574 1639/1639/1639 1638/1638/1638
f 1574/1574/1574 1575/1575/1575 1639/1639/1639
f 1575/1575/1575 1640/1640/1640 1639/1639/1639
f 1575/1575/1575 1576/1576/1576 1640/1640/1640
f 1576/1576/1576 1641/1641/1641 1640/1640/1640
f 1576/1576/1576 1577/1577/1577 1641/1641/1641
f 1577/1577/1577 1642/1642/1642 1641/1641/1641
f 1577/1577/1577 1578/1578/1578 1642/1642/1642
f 1578/1578/1578 1643/1643/1643 1642/1642/1642
f 1578/1578/1578 1579/1579/1579 1643/1643/1643
f 1579/1579/1579 1644/1644/1644 1643/1643/1643
f 1579/1579/1579 1580/1580/1580 1644/1644/1644
f 1580/1580/1580 1645/1645/1645 1644/1644/1644
f 1580/1580/1580 1581/1581/1581 1645/1645/1645
f 1581/1581/1581 1646/1646/1646 1645/1645/1645
f 1581/1581/1581 1582/1582/1582 1646/1646/1646
f 1582/1582/1582 1647/1647/1647 1646/1646/1646
f 1582/1582/1582 1583/1583/1583 1647/1647/1647
f 1583/1583/1583 1648/1648/1648 1647/1647/1647
f 1583/1583/1583 1584/1584/1584 1648/1648/1648
f 1584/1584/1584 1649/1649/1649 1648/1648/1648
f 1584/1584/1584 1585/1585/1585 1649/1649/1649
f 1585/1585/1585 1650/1650/1650 1649/1649/1649
f 1585/1585/1585 1586/1586/1586 1650/1650/1650
f 1586/1586/1586 1651/1651/1651 1650/1650/1650
f 1586/1586/1586 1587/1587/1587 1651/1651/1651
f 1587/1587/1587 1652/1652/1652 1651/1651/1651
f 1587/1587/1587 1588/1588/1588 1652/1652/1652
f 1588/1588/1588 1653/1653/1653 1652/1652/1652
f 1588/1588/1588 1589/1589/1589 1653/1653/1653
f 1589/1589/1589 1654/1654/1654 1653/1653/1653
f 1589/1589/1589 1590/1590/1590 1654/1654/1654
f 1590/1590/1590 1655/1655/1655 1654/1654/1654
f 1590/1590/1590 1591/1591/1591 1655/1655/1655
f 1591/1591/1591 1656/1656/1656 1655/1655/1655
f 1591/1591/1591 1592/1592/1592 1656/1656/1656
f 1592/1592/1592 1657/1657/1657 1656/1656/1656
f 1592/1592/1592 1593/1593/1593 1657/1657/1657
f 1593/1593/1593 1658/1658/1658 1657/1657/1657
f 1593/1593/1593 1594/1594/1594 1658/1658/1658
f 1594/1594/1594 1659/1659/1659 1658/1658/1658
f 1594/1594/1594 1595/1595/1595 1659/1659/1659
f 1595/1595/1595 1660/1660/1660 1659/1659/1659
f 1595/1595/1595 1596/1596/1596 1660/1660/1660
f 1596/1596/1596 1661/1661/1661 1660/1660/1660
f 1596/1596/1596 1597/1597/1597 1661/1661/1661
f 1597/1597/1597 1662/1662/1662 1661/1661/1661
f 1597/1597/1597 1598/1598/1598 1662/1662/1662
f 1598/1598/1598 1663/1663/1663 1662/1662/1662
f 1598/1598/1598 1599/1599/1599 1663/1663/1663
f 1599/1599/1599 1664/1664/1664 1663/1663/1663
f 1599/1599/1599 1600/1600/1600 1664/1664/1664
f 1600/1600/1600 1665/1665/1665 1664/1664/1664
f 1600/1600/1600 1601/1601/1601 1665/1665/1665
f 1601/1601/1601 1666/1666/1666 1665/1665/1665
f 1601/1601/1601 1602/1602/1602 1666/1666/1666
f 1602/1602/1602 1667/1667/1667 1666/1666/1666
f 1602/1602/1602 1603/1603/1603 1667/1667/1667
f 1603/1603/1603 1668/1668/1668 1667/1667/1667
f 1603/1603/1603 1604/1604/1604 1668/1668/1668
f 1604/1604/1604 1669/1669/1669 1668/1668/1668
f 1604/1604/1604 1605/1605/1605 1669/1669/1669
f 1605/1605/1605 1670/1670/1670 1669/1669/1669
f 1605/1605/1605 1606/1606/1606 1670/1670/1670
f 1606/1606/1606 1671/1671/1671 1670/1670/1670
f 1606/1606/1606 1607/1607/1607 1671/1671/1671
f 1607/1607/1607 1672/1672/1672 1671/1671/1671
f 1607/1607/1607 1608/1608/1608 1672/1672/1672
f 1608/1608/1608 1673/1673/1673 1672/1672/1672
f 1608/1608/1608 1609/1609/1609 1673/1673/1673
f 1609/1609/1609 1674/1674/1674 1673/1673/1673
f 1609/1609/1609 1610/1610/1610 1674/1674/1674
f 1610/1610/1610 1675/1675/1675 1674/1674/1674
f 1610/1610/1610 1611/1611/1611 1675/1675/1675
f 1611/1611/1611 1676/1676/1676 1675/1675/1675
f 1611/1611/1611 1612/1612/1612 1676/1676/1676
f 1612/1612/1612 1677/1677/1677 1676/1676/1676
f 1612/1612/1612 1613/1613/1613 1677/1677/1677
f 1613/1613/1613 1678/1678/1678 1677/1677/1677
f 1613/1613/1613 1614/1614/1614 1678/1678/1678
f 1614/1614/1614 1679/1679/1679 1678/1678/1678
f 1614/1614/1614 1615/1615/1615 1679/1679/1679
f 1615/1615/1615 1680/1680/1680 1679/1679/1679
f 1615/1615/1615 1616/1616/1616 1680/1680/1680
f 1616/1616/1616 1681/1681/1681 1680/1680/1680
f 1616/1616/1616 1617/1617/1617 1681/1681/1681
f 1617/1617/1617 1682/1682/1682 1681/1681/1681
f 1617/1617/1617 1618/1618/1618 1682/1682/1682
f 1618/1618/1618 1683/1683/1683 1682/1682/1682
f 1618/1618/1618 1619/1619/1619 1683/1683/1683
f 1619/1619/1619 1684/1684/1684 1683/1683/1683
f 1619/1619/1619 1620/1620/1620 1684/1684/1684
f 1620/1620/1620 1685/1685/1685 1684/1684/1684
f 1620/1620/1620 1621/1621/1621 1685/1685/1685
f 1621/1621/1621 1686/1686/1686 1685/1685/1685
f 1621/1621/1621 1622/1622/1622 1686/1686/1686
f 1622/1622/1622 1687/1687/1687 1686/1686/1686
f 1622/1622/1622 1623/1623/1623 1687/1687/1687
f 1623/1623/1623 1688/1688/1688 1687/1687/1687
f 1623/1623/1623 1624/1624/1624 1688/1688/1688
f 1624/1624/1624 1689/1689/1689 1688/1688/1688
f 1624/1624/1624 1625/1625/1625 1689/1689/1689
f 1625/1625/1625 1690/1690/1690 1689/1689/1689
f 1626/1626/1626 1627/1627/1627 1691/1691/1691
f 1627/1627/1627 1692/1692/1692 1691/1691/1691
f 1627/1627/1627 1628/1628/1628 1692/1692/1692
f 1628/1628/1628 1693/1693/1693 1692/1692/1692
f 1628/1628/1628 1629/1629/1629 1693/1693/1693
f 1629/1629/1629 1694/1694/1694 1693/1693/1693
f 1629/1629/1629 1630/1630/1630 1694/1694/1694
f 1630/1630/1630 1695/1695/1695 1694/1694/1694
f 1630/1630/1630 1631/1631/1631 1695/1695/1695
f 1631/1631/1631 1696/1696/1696 1695/1695/1695
f 1631/1631/1631 1632/1632/1632 1696/1696/1696
f 1632/1632/1632 1697/1697/1697 1696/1696/1696
f 1632/1632/1632 1633/1633/1633 1697/1697/1697
f 1633/1633/1633 1698/1698/1698 1697/1697/1697
f 1633/1633/1633 1634/1634/1634 1698/1698/1698
f 1634/1634/1634 1699/1699/1699 1698/1698/1698
f 1634/1634/1634 1635/1635/1635 1699/1699/1699
f 1635/1635/1635 1700/1700/1700 1699/1699/1699
f 1635/1635/1635 1636/1636/1636 1700/1700/1700
f 1636/1636/1636 1701/1701/1701 1700/1700/1700
f 1636/1636/1636 1637/1637/1637 1701/1701/1701
f 1637/1637/1637 1702/1702/1702 1701/1701/1701
f 1637/1637/1637 1638/1638/1638 1702/1702/1702
f 1638/1638/1638 1703/1703/1703 1702/1702/1702
f 1638/1638/1638 1639/1639/1639 1703/1703/1703
f 1639/1639/1639 1704/1704/1704 1703/1703/1703
f 1639/1639/1639 1640/1640/1640 1704/1704/1704
f 1640/1640/1640 1705/1705/1705 1704/1704/1704
f 1640/1640/1640 1641/1641/1641 1705/1705/1705
f 1641/1641/1641 1706/1706/1706 1705/1705/1705
f 1641/1641/1641 1642/1642/1642 1706/1706/1706
f 1642/1642/1642 1707/1707/1707 1706/1706/1706
f 1642/1642/1642 1643/1643/1643 1707/1707/1707
f 1643/1643/1643 1708/1708/1708 1707/1707/1707
f 1643/1643/1643 1644/1644/1644 1708/1708/1708
f 1644/1644/1644 1709/1709/1709 1708/1708/1708
f 1644/1644/1644 1645/1645/1645 1709/1709/1709
f 1645/1645/1645 1710/1710/1710 1709/1709/1709
f 1645/1645/1645 1646/1646/1646 1710/1710/1710
f 1646/1646/1646 1711/1711/1711 1710/1710/1710
f 1646/1646/1646 1647/1647/1647 1711/1711/1711
f 1647/1647/1647 1712/1712/1712 1711/1711/1711
f 1647/1647/1647 1648/1648/1648 1712/1712/1712
f 1648/1648/1648 1713/1713/1713 1712/1712/1712
f 1648/1648/1648 1649/1649/1649 1713/1713/1713
f 1649/1649/1649 1714/1714/1714 1713/1713/1713
f 1649/1649/1649 1650/1650/1650 1714/1714/1714
f 1650/1650/1650 1715/1715/1715 1714/1714/1714
f 1650/1650/1650 1651/1651/1651 1715/1715/1715
f 1651/1651/1651 1716/1716/1716 1715/1715/1715
f 1651/1651/1651 1652/1652/1652 1716/1716/1716
f 1652/1652/1652 1717/1717/1717 1716/1716/1716
f 1652/1652/1652 1653/1653/1653 1717/1717/1717
f 1653/1653/1653 1718/1718/1718 1717/1717/1717
f 1653/1653/1653 1654/1654/1654 1718/1718/1718
f 1654/1654/1654 1719/1719/1719 1718/1718/1718
f 1654/1654/1654 1655/1655/1655 1719/1719/1719
f 1655/1655/1655 1720/1720/1720 1719/1719/1719
f 1655/1655/1655 1656/1656/1656 1720/1720/1720
f 1656/1656/1656 1721/1721/1721 1720/1720/1720
f 1656/1656/1656 1657/1657/1657 1721/1721/1721
f 1657/1657/1657 1722/1722/1722 1721/1721/1721
f 1657/1657/1657 1658/1658/1658 1722/1722/1722
f 1658/1658/1658 1723/1723/1723 1722/1722/1722
f 1658/1658/1658 1659/1659/1659 1723/1723/1723
f 1659/1659/1659 1724/1724/1724 1723/1723/1723
f 1659/1659/1659 1660/1660/1660 1724/1724/1724
f 1660/1660/1660 1725/1725/1725 1724/1724/1724
f 1660/1660/1660 1661/1661/1661 1725/1725/1725
f 1661/1661/1661 1726/1726/1726 1725/1725/1725
f 1661/1661/1661 1662/1662/1662 1726/1726/1726
f 1662/1662/1662 1727/1727/1727 1726/1726/1726
f 1662/1662/1662 1663/1663/1663 1727/1727/1727
f 1663/1663/1663 1728/1728/1728 1727/1727/1727
f 1663/1663/1663 1664/1664/1664 1728/1728/1728
f 1664/1664/1664 1729/1729/1729 1728/1728/1728
f 1664/1664/1664 1665/1665/1665 1729/1729/1729
f 1665/1665/1665 1730/1730/1730 1729/1729/1729
f 1665/1665/1665 1666/1666/1666 1730/1730/1730
f 1666/1666/1666 1731/1731/1731 1730/1730/1730
f 1666/1666/1666 1667/1667/1667 1731/1731/1731
f 1667/1667/1667 1732/1732/1732 1731/1731/1731
f 1667/1667/1667 1668/1668/1668 1732/1732/1732
f 1668/1668/1668 1733/1733/1733 1732/1732/1732
f 1668/1668/1668 1669/1669/1669 1733/1733/1733
f 1669/1669/1669 1734/1734/1734 1733/1733/1733
f 1669/1669/1669 1670/1670/1670 1734/1734/1734
f 1670/1670/1670 1735/1735/1735 1734/1734/1734
f 1670/1670/1670 1671/1671/1671 1735/1735/1735
f 1671/1671/1671 1736/1736/1736 1735/1735/1735
f 1671/1671/1671 1672/1672/1672 1736/1736/1736
f 1672/1672/1672 1737/1737/1737 1736/1736/1736
f 1672/1672/1672 1673/1673/1673 1737/1737/1737
f 1673/1673/1673 1738/1738/1738 1737/1737/1737
f 1673/1673/1673 1674/1674/1674 1738/1738/1738
f 1674/1674/1674 1739/1739/1739 1738/1738/1738
f 1674/1674/1674 1675/1675/1675 1739/1739/1739
f 1675/1675/1675 1740/1740/1740 1739/1739/1739
f 1675/1675/1675 1676/1676/1676 1740/1740/1740
f 1676/1676/1676 1741/1741/1741 1740/1740/1740
f 1676/1676/1676 1677/1677/1677 1741/1741/1741
f 1677/1677/1677 1742/1742/1742 1741/1741/1741
f 1677/1677/1677 1678/1678/1678 1742/1742/1742
f 1678/1678/1678 1743/1743/1743 1742/1742/1742
f 1678/1678/1678 1679/1679/1679 1743/1743/1743
f 1679/1679/1679 1744/1744/1744 1743/1743/1743
f 1679/1679/1679 1680/1680/1680 1744/1744/1744
f 1680/1680/1680 1745/1745/1745 1744/1744/1744
f 1680/1680/1680 1681/1681/1681 1745/1745/1745
f 1681/1681/1681 1746/1746/1746 1745/1745/1745
f 1681/1681/1681 1682/1682/1682 1746/1746/1746
f 1682/1682/1682 1747/1747/1747 1746/1746/1746
f 1682/1682/1682 1683/1683/1683 1747/1747/1747
f 1683/1683/1683 1748/1748/1748 1747/1747/1747
f 1683/1683/1683 1684/1684/1684 1748/1748/1748
f 1684/1684/1684 1749/1749/1749 1748/1748/1748
f 1684/1684/1684 1685/1685/1685 1749/1749/1749
f 1685/1685/1685 1750/1750/1750 1749/1749/1749
f 1685/1685/1685 1686/1686/1686 1750/1750/1750
f 1686/1686/1686 1751/1751/1751 1750/1750/1750
f 1686/1686/1686 1687/1687/1687 1751/1751/1751
f 1687/1687/1687 1752/1752/1752 1751/1751/1751
f 1687/1687/1687 1688/1688/1688 1752/1752/1752
f 1688/1688/1688 1753/1753/1753 1752/1752/1752
f 1688/1688/1688 1689/1689/1689 1753/1753/1753
f 1689/1689/1689 1754/1754/1754 1753/1753/1753
f 1689/1689/1689 1690/1690/1690 1754/1754/1754
f 1690/1690/1690 1755/1755/1755 1754/1754/1754
f 1691/1691/1691 1692/1692/1692 1756/1756/1756
f 1692/1692/1692 1757/1757/1757 1756/1756/1756
f 1692/1692/1692 1693/1693/1693 1757/1757/1757
f 1693/1693/1693 1758/1758/1758 1757/1757/1757
f 1693/1693/1693 1694/1694/1694 1758/1758/1758
f 1694/1694/1694 1759/1759/1759 1758/1758/1758
f 1694/1694/1694 1695/1695/1695 1759/1759/1759
f 1695/1695/1695 1760/1760/1760 1759/1759/1759
f 1695/1695/1695 1696/1696/1696 1760/1760/1760
f 1696/1696/1696 1761/1761/1761 1760/1760/1760
f 1696/1696/1696 1697/1697/1697 1761/1761/1761
f 1697/1697/1697 1762/1762/1762 1761/1761/1761
f 1697/1697/1697 1698/1698/1698 1762/1762/1762
f 1698/1698/1698 1763/1763/1763 1762/1762/1762
f 1698/1698/1698 1699/1699/1699 1763/1763/1763
f 1699/1699/1699 1764/1764/1764 1763/1763/1763
f 1699/1699/1699 1700/1700/1700 1764/1764/1764
f 1700/1700/1700 1765/1765/1765 1764/1764/1764
f 1700/1700/1700 1701/1701/1701 1765/1765/1765
f 1701/1701/1701 1766/1766/1766 1765/1765/1765
f 1701/1701/1701 1702/1702/1702 1766/1766/1766
f 1702/1702/1702 1767/1767/1767 1766/1766/1766
f 1702/1702/1702 1703/1703/1703 1767/1767/1767
f 1703/1703/1703 1768/1768/1768 1767/1767/1767
f 1703/1703/1703 1704/1704/1704 1768/1768/1768
f 1704/1704/1704 1769/1769/1769 1768/1768/1768
f 1704/1704/1704 1705/1705/1705 1769/1769/1769
f 1705/1705/1705 1770/1770/1770 1769/1769/1769
f 1705/1705/1705 1706/1706/1706 1770/1770/1770
f 1706/1706/1706 1771/1771/1771 1770/1770/1770
f 1706/1706/1706 1707/1707/1707 1771/1771/1771
f 1707/1707/1707 1772/1772/1772 1771/1771/1771
f 1707/1707/1707 1708/1708/1708 1772/1772/1772
f 1708/1708/1708 1773/1773/1773 1772/1772/1772
f 1708/1708/1708 1709/1709/1709 1773/1773/1773
f 1709/1709/1709 1774/1774/1774 1773/1773/1773
f 1709/1709/1709 1710/1710/1710 1774/1774/1774
f 1710/1710/1710 1775/1775/1775 1774/1774/1774
f 1710/1710/1710 1711/1711/1711 1775/1775/1775
f 1711/1711/1711 1776/1776/1776 1775/1775/1775
f 1711/1711/1711 1712/1712/1712 1776/1776/1776
f 1712/1712/1712 1777/1777/1777 1776/1776/1776
f 1712/1712/1712 1713/1713/1713 1777/1777/1777
f 1713/1713/1713 1778/1778/1778 1777/1777/1777
f 1713/1713/1713 1714/1714/1714 1778/1778/1778
f 1714/1714/1714 1779/1779/1779 1778/1778/1778
f 1714/1714/1714 1715/1715/1715 1779/1779/1779
f 1715/1715/1715 1780/1780/1780 1779/1779/1779
f 1715/1715/1715 1716/1716/1716 1780/1780/1780
f 1716/1716/1716 1781/1781/1781 1780/1780/1780
f 1716/1716/1716 1717/1717/1717 1781/1781/1781
f 1717/1717/1717 1782/1782/1782 1781/1781/1781
f 1717/1717/1717 1718/1718/1718 1782/1782/1782
f 1718/1718/1718 1783/1783/1783 1782/1782/1782
f 1718/1718/1718 1719/1719/1719 1783/1783/1783
f 1719/1719/1719 1784/1784/1784 1783/1783/1783
f 1719/1719/1719 1720/1720/1720 1784/1784/1784
f 1720/1720/1720 1785/1785/1785 1784/1784/1784
f 1720/1720/1720 1721/1721/1721 1785/1785/1785
f 1721/1721/1721 1786/1786/1786 1785/1785/1785
f 1721/1721/1721 1722/1722/1722 1786/1786/1786
f 1722/1722/1722 1787/1787/1787 1786/1786/1786
f 1722/1722/1722 1723/1723/1723 1787/1787/1787
f 1723/1723/1723 1788/1788/1788 1787/1787/1787
f 1723/1723/1723 1724/1724/1724 1788/1788/1788
f 1724/1724/1724 1789/1789/1789 1788/1788/1788
f 1724/1724/1724 1725/1725/1725 1789/1789/1789
f 1725/1725/1725 1790/1790/1790 1789/1789/1789
f 1725/1725/1725 1726/1726/1726 1790/1790/1790
f 1726/1726/1726 1791/1791/1791 1790/1790/1790
f 1726/1726/1726 1727/1727/1727 1791/1791/1791
f 1727/1727/1727 1792/1792/1792 1791/1791/1791
f 1727/1727/1727 1728/1728/1728 1792/1792/1792
f 1728/1728/1728 1793/1793/1793 1792/1792/1792
f 1728/1728/1728 1729/1729/1729 1793/1793/1793
f 1729/1729/1729 1794/1794/1794 1793/1793/1793
f 1729/1729/1729 1730/1730/1730 1794/1794/1794
f 1730/1730/1730 1795/1795/1795 1794/1794/1794
f 1730/1730/1730 1731/1731/1731 1795/1795/1795
f 1731/1731/1731 1796/1796/1796 1795/1795/1795
f 1731/1731/1731 1732/1732/1732 1796/1796/1796
f 1732/1732/1732 1797/1797/1797 1796/1796/1796
f 1732/1732/1732 1733/1733/1733 1797/1797/1797
f 1733/1733/1733 1798/1798/1798 1797/1797/1797
f 1733/1733/1733 1734/1734/1734 1798/1798/1798
f 1734/1734/1734 1799/1799/1799 1798/1798/1798
f 1734/1734/1734 1735/1735/1735 1799/1799/1799
f 1735/1735/1735 1800/1800/1800 1799/1799/1799
f 1735/1735/1735 1736/1736/1736 1800/1800/1800
f 1736/1736/1736 1801/1801/1801 1800/1800/1800
f 1736/1736/1736 1737/1737/1737 1801/1801/1801
f 1737/1737/1737 1802/1802/1802 1801/1801/1801
f 1737/1737/1737 1738/1738/1738 1802/1802/1802
f 1738/1738/1738 1803/1803/1803 1802/1802/1802
f 1738/1738/1738 1739/1739/1739 1803/1803/1803
f 1739/1739/1739 1804/1804/1804 1803/1803/1803
f 1739/1739/1739 1740/1740/1740 1804/1804/1804
f 1740/1740/1740 1805/1805/1805 1804/1804/1804
f 1740/1740/1740 1741/1741/1741 1805/1805/1805
f 1741/1741/1741 1806/1806/1806 1805/1805/1805
f 1741/1741/1741 1742/1742/1742 1806/1806/1806
f 1742/1742/1742 1807/1807/1807 1806/1806/1806
f 1742/1742/1742 1743/1743/1743 1807/1807/1807
f 1743/1743/1743 1808/1808/1808 1807/1807/1807
f 1743/1743/1743 1744/1744/1744 1808/1808/1808
f 1744/1744/1744 1809/1809/1809 1808/1808/1808
f 1744/1744/1744 1745/1745/1745 1809/1809/1809
f 1745/1745/1745 1810/1810/1810 1809/1809/1809
f 1745/1745/1745 1746/1746/1746 1810/1810/1810
f 1746/1746/1746 1811/1811/1811 1810/1810/1810
f 1746/1746/1746 1747/1747/1747 1811/1811/1811
f 1747/1747/1747 1812/1812/1812 1811/1811/1811
f 1747/1747/1747 1748/1748/1748 1812/1812/1812
f 1748/1748/1748 1813/1813/1813 1812/1812/1812
f 1748/1748/1748 1749/1749/1749 1813/1813/1813
f 1749/1749/1749 1814/1814/1814 1813/1813/1813
f 1749/1749/1749 1750/1750/1750 1814/1814/1814
f 1750/1750/1750 1815/1815/1815 1814/1814/1814
f 1750/1750/1750 1751/1751/1751 1815/1815/1815
f 1751/1751/1751 1816/1816/1816 1815/1815/1815
f 1751/1751/1751 1752/1752/1752 1816/1816/1816
f 1752/1752/1752 1817/1817/1817 1816/1816/1816
f 1752/1752/1752 1753/1753/1753 1817/1817/1817
f 1753/1753/1753 1818/1818/1818 1817/1817/1817
f 1753/1753/1753 1754/1754/1754 1818/1818/1818
f 1754/1754/1754 1819/1819/1819 1818/1818/1818
f 1754/1754/1754 1755/1755/1755 1819/1819/1819
f 1755/1755/1755 1820/1820/1820 1819/1819/1819
f 1756/1756/1756 1757/1757/1757 1821/1821/1821
f 1757/1757/1757 1822/1822/1822 1821/1821/1821
f 1757/1757/1757 1758/1758/1758 1822/1822/1822
f 1758/1758/1758 1823/1823/1823 1822/1822/1822
f 1758/1758/1758 1759/1759/1759 1823/1823/1823
f 1759/1759/1759 1824/1824/1824 1823/1823/1823
f 1759/1759/1759 1760/1760/1760 1824/1824/1824
f 1760/1760/1760 1825/1825/1825 1824/1824/1824
f 1760/1760/1760 1761/1761/1761 1825/1825/1825
f 1761/1761/1761 1826/1826/1826 1825/1825/1825
f 1761/1761/1761 1762/1762/1762 1826/1826/1826
f 1762/1762/1762 1827/1827/1827 1826/1826/1826
f 1762/1762/1762 1763/1763/1763 1827/1827/1827
f 1763/1763/1763 1828/1828/1828 1827/1827/1827
f 1763/1763/1763 1764/1764/1764 1828/1828/1828
f 1764/1764/1764 1829/1829/1829 1828/1828/1828
f 1764/1764/1764 1765/1765/1765 1829/1829/1829
f 1765/1765/1765 1830/1830/1830 1829/1829/1829
f 1765/1765/1765 1766/1766/1766 1830/1830/1830
f 1766/1766/1766 1831/1831/1831 1830/1830/1830
f 1766/1766/1766 1767/1767/1767 1831/1831/1831
f 1767/1767/1767 1832/1832/1832 1831/1831/1831
f 1767/1767/1767 1768/1768/1768 1832/1832/1832
f 1768/1768/1768 1833/1833/1833 1832/1832/1832
f 1768/1768/1768 1769/1769/1769 1833/1833/1833
f 1769/1769/1769 1834/1834/1834 1833/1833/1833
f 1769/1769/1769 1770/1770/1770 1834/1834/1834
f 1770/1770/1770 1835/1835/1835 1834/1834/1834
f 1770/1770/1770 1771/1771/1771 1835/1835/1835
f 1771/1771/1771 1836/1836/1836 1835/1835/1835
f 1771/1771/1771 1772/1772/1772 1836/1836/1836
f 1772/1772/1772 1837/1837/1837 1836/1836/1836
f 1772/1772/1772 1773/1773/1773 1837/1837/1837
f 1773/1773/1773 1838/1838/1838 1837/1837/1837
f 1773/1773/1773 1774/1774/1774 1838/1838/1838
f 1774/1774/1774 1839/1839/1839 1838/1838/1838
f 1774/1774/1774 1775/1775/1775 1839/1839/1839
f 1775/1775/1775 1840/1840/1840 1839/1839/1839
f 1775/1775/1775 1776/1776/1776 1840/1840/1840
f 1776/1776/1776 1841/1841/1841 1840/1840/1840
f 1776/1776/1776 1777/1777/1777 1841/1841/1841
f 1777/1777/1777 1842/1842/1842 1841/1841/1841
f 1777/1777/1777 1778/1778/1778 1842/1842/1842
f 1778/1778/1778 1843/1843/1843 1842/1842/1842
f 1778/1778/1778 1779/1779/1779 1843/1843/1843
f 1779/1779/1779 1844/1844/1844 1843/1843/1843
f 1779/1779/1779 1780/1780/1780 1844/1844/1844
f 1780/1780/1780 1845/1845/1845 1844/1844/1844
f 1780/1780/1780 1781/1781/1781 1845/1845/1845
f 1781/1781/1781 1846/1846/1846 1845/1845/1845
f 1781/1781/1781 1782/1782/1782 1846/1846/1846
f 1782/1782/1782 1847/1847/1847 1846/1846/1846
f 1782/1782/1782 1783/1783/1783 1847/1847/1847
f 1783/1783/1783 1848/1848/1848 1847/1847/1847
f 1783/1783/1783 1784/1784/1784 1848/1848/1848
f 1784/1784/1784 1849/1849/1849 1848/1848/1848
f 1784/1784/1784 1785/1785/1785 1849/1849/1849
f 1785/1785/1785 1850/1850/1850 1849/1849/1849
f 1785/1785/1785 1786/1786/1786 1850/1850/1850
f 1786/1786/1786 1851/1851/1851 1850/1850/1850
f 1786/1786/1786 1787/1787/1787 1851/1851/1851
f 1787/1787/1787 1852/1852/1852 1851/1851/1851
f 1787/1787/1787 1788/1788/1788 1852/1852/1852
f 1788/1788/1788 1853/1853/1853 1852/1852/1852
f 1788/1788/1788 1789/1789/1789 1853/1853/1853
f 1789/1789/1789 1854/1854/1854 1853/1853/1853
f 1789/1789/1789 1790/1790/1790 1854/1854/1854
f 1790/1790/1790 1855/1855/1855 1854/1854/1854
f 1790/1790/1790 1791/1791/1791 1855/1855/1855
f 1791/1791/1791 1856/1856/1856 1855/1855/1855
f 1791/1791/1791 1792/1792/1792 1856/1856/1856
f 1792/1792/1792 1857/1857/1857 1856/1856/1856
f 1792/1792/1792 1793/1793/1793 1857/1857/1857
f 1793/1793/1793 1858/1858/1858 1857/1857/1857
f 1793/1793/1793 1794/1794/1794 1858/1858/1858
f 1794/1794/1794 1859/1859/1859 1858/1858/1858
f 1794/1794/1794 1795/1795/1795 1859/1859/1859
f 1795/1795/1795 1860/1860/1860 1859/1859/1859
f 1795/1795/1795 1796/1796/1796 1860/1860/1860
f 1796/1796/1796 1861/1861/1861 1860/1860/1860
f 1796/1796/1796 1797/1797/1797 1861/1861/1861
f 1797/1797/1797 1862/1862/1862 1861/1861/1861
f 1797/1797/1797 1798/1798/1798 1862/1862/1862
f 1798/1798/1798 1863/1863/1863 1862/1862/1862
f 1798/1798/1798 1799/1799/1799 1863/1863/1863
f 1799/1799/1799 1864/1864/1864 1863/1863/1863
f 1799/1799/1799 1800/1800/1800 1864/1864/1864
f 1800/1800/1800 1865/1865/1865 1864/1864/1864
f 1800/1800/1800 1801/1801/1801 1865/1865/1865
f 1801/1801/1801 1866/1866/1866 1865/1865/1865
f 1801/1801/1801 1802/1802/1802 1866/1866/1866
f 1802/1802/1802 1867/1867/1867 1866/1866/1866
f 1802/1802/1802 1803/1803/1803 1867/1867/1867
f 1803/1803/1803 1868/1868/1868 1867/1867/1867
f 1803/1803/1803 1804/1804/1804 1868/1868/1868
f 1804/1804/1804 1869/1869/1869 1868/1868/1868
f 1804/1804/1804 1805/1805/1805 1869/1869/1869
f 1805/1805/1805 1870/1870/1870 1869/1869/1869
f 1805/1805/1805 1806/1806/1806 1870/1870/1870
f 1806/1806/1806 1871/1871/1871 1870/1870/1870
f 1806/1806/1806 1807/1807/1807 1871/1871/1871
f 1807/1807/1807 1872/1872/1872 1871/1871/1871
f 1807/1807/1807 1808/1808/1808 1872/1872/1872
f 1808/1808/1808 1873/1873/1873 1872/1872/1872
f 1808/1808/1808 1809/1809/1809 1873/1873/1873
f 1809/1809/1809 1874/1874/1874 1873/1873/1873
f 1809/1809/1809 1810/1810/1810 1874/1874/1874
f 1810/1810/1810 1875/1875/1875 1874/1874/1874
f 1810/1810/1810 1811/1811/1811 1875/1875/1875
f 1811/1811/1811 1876/1876/1876 1875/1875/1875
f 1811/1811/1811 1812/1812/1812 1876/1876/1876
f 1812/1812/1812 1877/1877/1877 1876/1876/1876
f 1812/1812/1812 1813/1813/1813 1877/1877/1877
f 1813/1813/1813 1878/1878/1878 1877/1877/1877
f 1813/1813/1813 1814/1814/1814 1878/1878/1878
f 1814/1814/1814 1879/1879/1879 1878/1878/1878
f 1814/1814/1814 1815/1815/1815 1879/1879/1879
f 1815/1815/1815 1880/1880/1880 1879/1879/1879
f 1815/1815/1815 1816/1816/1816 1880/1880/1880
f 1816/1816/1816 1881/1881/1881 1880/1880/1880
f 1816/1816/1816 1817/1817/1817 1881/1881/1881
f 1817/1817/1817 1882/1882/1882 1881/1881/1881
f 1817/1817/1817 1818/1818/1818 1882/1882/1882
f 1818/1818/1818 1883/1883/1883 1882/1882/1882
f 1818/1818/1818 1819/1819/1819 1883/1883/1883
f 1819/1819/1819 1884/1884/1884 1883/1883/1883
f 1819/1819/1819 1820/1820/1820 1884/1884/1884
f 1820/1820/1820 1885/1885/1885 1884/1884/1884
f 1821/1821/1821 1822/1822/1822 1886/1886/1886
f 1822/1822/1822 1887/1887/1887 1886/1886/1886
f 1822/1822/1822 1823/1823/1823 1887/1887/1887
f 1823/1823/1823 1888/1888/1888 1887/1887/1887
f 1823/1823/1823 1824/1824/1824 1888/1888/1888
f 1824/1824/1824 1889/1889/1889 1888/1888/1888
f 1824/1824/1824 1825/1825/1825 1889/1889/1889
f 1825/1825/1825 1890/1890/1890 1889/1889/1889
f 1825/1825/1825 1826/1826/1826 1890/1890/1890
f 1826/1826/1826 1891/1891/1891 1890/1890/1890
f 1826/1826/1826 1827/1827/1827 1891/1891/1891
f 1827/1827/1827 1892/1892/1892 1891/1891/1891
f 1827/1827/1827 1828/1828/1828 1892/1892/1892
f 1828/1828/1828 1893/1893/1893 1892/1892/1892
f 1828/1828/1828 1829/1829/1829 1893/1893/1893
f 1829/1829/1829 1894/1894/1894 1893/1893/1893
f 1829/1829/1829 1830/1830/1830 1894/1894/1894
f 1830/1830/1830 1895/1895/1895 1894/1894/1894
f 1830/1830/1830 1831/1831/1831 1895/1895/1895
f 1831/1831/1831 1896/1896/1896 1895/1895/1895
f 1831/1831/1831 1832/1832/1832 1896/1896/1896
f 1832/1832/1832 1897/1897/1897 1896/1896/1896
f 1832/1832/1832 1833/1833/1833 1897/1897/1897
f 1833/1833/1833 1898/1898/1898 1897/1897/1897
f 1833/1833/1833 1834/1834/1834 1898/1898/1898
f 1834/1834/1834 1899/1899/1899 1898/1898/1898
f 1834/1834/1834 1835/1835/1835 1899/1899/1899
f 1835/1835/1835 1900/1900/1900 1899/1899/1899
f 1835/1835/1835 1836/1836/1836 1900/1900/1900
f 1836/1836/1836 1901/1901/1901 1900/1900/1900
f 1836/1836/1836 1837/1837/1837 1901/1901/1901
f 1837/1837/1837 1902/1902/1902 1901/1901/1901
f 1837/1837/1837 1838/1838/1838 1902/1902/1902
f 1838/1838/1838 1903/1903/1903 1902/1902/1902
f 1838/1838/1838 1839/1839/1839 1903/1903/1903
f 1839/1839/1839 1904/1904/1904 1903/1903/1903
f 1839/1839/1839 1840/1840/1840 1904/1904/1904
f 1840/1840/1840 1905/1905/1905 1904/1904/1904
f 1840/1840/1840 1841/1841/1841 1905/1905/1905
f 1841/1841/1841 1906/1906/1906 1905/1905/1905
f 1841/1841/1841 1842/1842/1842 1906/1906/1906
f 1842/1842/1842 1907/1907/1907 1906/1906/1906
f 1842/1842/1842 1843/1843/1843 1907/1907/1907
f 1843/1843/1843 1908/1908/1908 1907/1907/1907
f 1843/1843/1843 1844/1844/1844 1908/1908/1908
f 1844/1844/1844 1909/1909/1909 1908/1908/1908
f 1844/1844/1844 1845/1845/1845 1909/1909/1909
f 1845/1845/1845 1910/1910/1910 1909/1909/1909
f 1845/1845/1845 1846/1846/1846 1910/1910/1910
f 1846/1846/1846 1911/1911/1911 1910/1910/1910
f 1846/1846/1846 1847/1847/1847 1911/1911/1911
f 1847/1847/1847 1912/1912/1912 1911/1911/1911
f 1847/1847/1847 1848/1848/1848 1912/1912/1912
f 1848/1848/1848 1913/1913/1913 1912/1912/1912
f 1848/1848/1848 1849/1849/1849 1913/1913/1913
f 1849/1849/1849 1914/1914/1914 1913/1913/1913
f 1849/1849/1849 1850/1850/1850 1914/1914/1914
f 1850/1850/1850 1915/1915/1915 1914/1914/1914
f 1850/1850/1850 1851/1851/1851 1915/1915/1915
f 1851/1851/1851 1916/1916/1916 1915/1915/1915
f 1851/1851/1851 1852/1852/1852 1916/1916/1916
f 1852/1852/1852 1917/1917/1917 1916/1916/1916
f 1852/1852/1852 1853/1853/1853 1917/1917/1917
f 1853/1853/1853 1918/1918/1918 1917/1917/1917
f 1853/1853/1853 1854/1854/1854 1918/1918/1918
f 1854/1854/1854 1919/1919/1919 1918/1918/1918
f 1854/1854/1854 1855/1855/1855 1919/1919/1919
f 1855/1855/1855 1920/1920/1920 1919/1919/1919
f 1855/1855/1855 1856/1856/1856 1920/1920/1920
f 1856/1856/1856 1921/1921/1921 1920/1920/1920
f 1856/1856/1856 1857/1857/1857 1921/1921/1921
f 1857/1857/1857 1922/1922/1922 1921/1921/1921
f 1857/1857/1857 1858/1858/1858 1922/1922/1922
f 1858/1858/1858 1923/1923/1923 1922/1922/1922
f 1858/1858/1858 1859/1859/1859 1923/1923/1923
f 1859/1859/1859 1924/1924/1924 1923/1923/1923
f 1859/1859/1859 1860/1860/1860 1924/1924/1924
f 1860/1860/1860 1925/1925/1925 1924/1924/1924
f 1860/1860/1860 1861/1861/1861 1925/1925/1925
f 1861/1861/1861 1926/1926/1926 1925/1925/1925
f 1861/1861/1861 1862/1862/1862 1926/1926/1926
f 1862/1862/1862 1927/1927/1927 1926/1926/1926
f 1862/1862/1862 1863/1863/1863 1927/1927/1927
f 1863/1863/1863 1928/1928/1928 1927/1927/1927
f 1863/1863/1863 1864/1864/1864 1928/1928/1928
f 1864/1864/1864 1929/1929/1929 1928/1928/1928
f 1864/1864/1864 1865/1865/1865 1929/1929/1929
f 1865/1865/1865 1930/1930/1930 1929/1929/1929
f 1865/1865/1865 1866/1866/1866 1930/1930/1930
f 1866/1866/1866 1931/1931/1931 1930/1930/1930
f 1866/1866/1866 1867/1867/1867 1931/1931/1931
f 1867/1867/1867 1932/1932/1932 1931/1931/1931
f 1867/1867/1867 1868/1868/1868 1932/1932/1932
f 1868/1868/1868 1933/1933/1933 1932/1932/1932
f 1868/1868/1868 1869/1869/1869 1933/1933/1933
f 1869/1869/1869 1934/1934/1934 1933/1933/1933
f 1869/1869/1869 1870/1870/1870 1934/1934/1934
f 1870/1870/1870 1935/1935/1935 1934/1934/1934
f 1870/1870/1870 1871/1871/1871 1935/1935/1935
f 1871/1871/1871 1936/1936/1936 1935/1935/1935
f 1871/1871/1871 1872/1872/1872 1936/1936/1936
f 1872/1872/1872 1937/1937/1937 1936/1936/1936
f 1872/1872/1872 1873/1873/1873 1937/1937/1937
f 1873/1873/1873 1938/1938/1938 1937/1937/1937
f 1873/1873/1873 1874/1874/1874 1938/1938/1938
f 1874/1874/1874 1939/1939/1939 1938/1938/1938
f 1874/1874/1874 1875/1875/1875 1939/1939/1939
f 1875/1875/1875 1940/1940/1940 1939/1939/1939
f 1875/1875/1875 1876/1876/1876 1940/1940/1940
f 1876/1876/1876 1941/1941/1941 1940/1940/1940
f 1876/1876/1876 1877/1877/1877 1941/1941/1941
f 1877/1877/1877 1942/1942/1942 1941/1941/1941
f 1877/1877/1877 1878/1878/1878 1942/1942/1942
f 1878/1878/1878 1943/1943/1943 1942/1942/1942
f 1878/1878/1878 1879/1879/1879 1943/1943/1943
f 1879/1879/1879 1944/1944/1944 1943/1943/1943
f 1879/1879/1879 1880/1880/1880 1944/1944/1944
f 1880/1880/1880 1945/1945/1945 1944/1944/1944
f 1880/1880/1880 1881/1881/1881 1945/1945/1945
f 1881/1881/1881 1946/1946/1946 1945/1945/1945
f 1881/1881/1881 1882/1882/1882 1946/1946/1946
f 1882/1882/1882 1947/1947/1947 1946/1946/1946
f 1882/1882/1882 1883/1883/1883 1947/1947/1947
f 1883/1883/1883 1948/1948/1948 1947/1947/1947
f 1883/1883/1883 1884/1884/1884 1948/1948/1948
f 1884/1884/1884 1949/1949/1949 1948/1948/1948
f 1884/1884/1884 1885/1885/1885 1949/1949/1949
f 1885/1885/1885 1950/1950/1950 1949/1949/1949
f 1886/1886/1886 1887/1887/1887 1951/1951/1951
f 1887/1887/1887 1952/1952/1952 1951/1951/1951
f 1887/1887/1887 1888/1888/1888 1952/1952/1952
f 1888/1888/1888 1953/1953/1953 1952/1952/1952
f 1888/1888/1888 1889/1889/1889 1953/1953/1953
f 1889/1889/1889 1954/1954/1954 1953/1953/1953
f 1889/1889/1889 1890/1890/1890 1954/1954/1954
f 1890/1890/1890 1955/1955/1955 1954/1954/1954
f 1890/1890/1890 1891/1891/1891 1955/1955/1955
f 1891/1891/1891 1956/1956/1956 1955/1955/1955
f 1891/1891/1891 1892/1892/1892 1956/1956/1956
f 1892/1892/1892 1957/1957/1957 1956/1956/1956
f 1892/1892/1892 1893/1893/1893 1957/1957/1957
f 1893/1893/1893 1958/1958/1958 1957/1957/1957
f 1893/1893/1893 1894/1894/1894 1958/1958/1958
f 1894/1894/1894 1959/1959/1959 1958/1958/1958
f 1894/1894/1894 1895/1895/1895 1959/1959/1959
f 1895/1895/1895 1960/1960/1960 1959/1959/1959
f 1895/1895/1895 1896/1896/1896 1960/1960/1960
f 1896/1896/1896 1961/1961/1961 1960/1960/1960
f 1896/1896/1896 1897/1897/1897 1961/1961/1961
f 1897/1897/1897 1962/1962/1962 1961/1961/1961
f 1897/1897/1897 1898/1898/1898 1962/1962/1962
f 1898/1898/1898 1963/1963/1963 1962/1962/1962
f 1898/1898/1898 1899/1899/1899 1963/1963/1963
f 1899/1899/1899 1964/1964/1964 1963/1963/1963
f 1899/1899/1899 1900/1900/1900 1964/1964/1964
f 1900/1900/1900 1965/1965/1965 1964/1964/1964
f 1900/1900/1900 1901/1901/1901 1965/1965/1965
f 1901/1901/1901 1966/1966/1966 1965/1965/1965
f 1901/1901/1901 1902/1902/1902 1966/1966/1966
f 1902/1902/1902 1967/1967/1967 1966/1966/1966
f 1902/1902/1902 1903/1903/1903 1967/1967/1967
f 1903/1903/1903 1968/1968/1968 1967/1967/1967
f 1903/1903/1903 1904/1904/1904 1968/1968/1968
f 1904/1904/1904 1969/1969/1969 1968/1968/1968
f 1904/1904/1904 1905/1905/1905 1969/1969/1969
f 1905/1905/1905 1970/1970/1970 1969/1969/1969
f 1905/1905/1905 1906/1906/1906 1970/1970/1970
f 1906/1906/1906 1971/1971/1971 1970/1970/1970
f 1906/1906/1906 1907/1907/1907 1971/1971/1971
f 1907/1907/1907 1972/1972/1972 1971/1971/1971
f 1907/1907/1907 1908/1908/1908 1972/1972/1972
f 1908/1908/1908 1973/1973/1973 1972/1972/1972
f 1908/1908/1908 1909/1909/1909 1973/1973/1973
f 1909/1909/1909 1974/1974/1974 1973/1973/1973
f 1909/1909/1909 1910/1910/1910 1974/1974/1974
f 1910/1910/1910 1975/1975/1975 1974/1974/1974
f 1910/1910/1910 1911/1911/1911 1975/1975/1975
f 1911/1911/1911 1976/1976/1976 1975/1975/1975
f 1911/1911/1911 1912/1912/1912 1976/1976/1976
f 1912/1912/1912 1977/1977/1977 1976/1976/1976
f 1912/1912/1912 1913/1913/1913 1977/1977/1977
f 1913/1913/1913 1978/1978/1978 1977/1977/1977
f 1913/1913/1913 1914/1914/1914 1978/1978/1978
f 1914/1914/1914 1979/1979/1979 1978/1978/1978
f 1914/1914/1914 1915/1915/1915 1979/1979/1979
f 1915/1915/1915 1980/1980/1980 1979/1979/1979
f 1915/1915/1915 1916/1916/1916 1980/1980/1980
f 1916/1916/1916 1981/1981/1981 1980/1980/1980
f 1916/1916/1916 1917/1917/1917 1981/1981/1981
f 1917/1917/1917 1982/1982/1982 1981/1981/1981
f 1917/1917/1917 1918/1918/1918 1982/1982/1982
f 1918/1918/1918 1983/1983/1983 1982/1982/1982
f 1918/1918/1918 1919/1919/1919 1983/1983/1983
f 1919/1919/1919 1984/1984/1984 1983/1983/1983
f 1919/1919/1919 1920/1920/1920 1984/1984/1984
f 1920/1920/1920 1985/1985/1985 1984/1984/1984
f 1920/1920/1920 1921/1921/1921 1985/1985/1985
f 1921/1921/1921 1986/1986/1986 1985/1985/1985
f 1921/1921/1921 1922/1922/1922 1986/1986/1986
f 1922/1922/1922 1987/1987/1987 1986/1986/1986
f 1922/1922/1922 1923/1923/1923 1987/1987/1987
f 1923/1923/1923 1988/1988/1988 1987/1987/1987
f 1923/1923/1923 1924/1924/1924 1988/1988/1988
f 1924/1924/1924 1989/1989/1989 1988/1988/1988
f 1924/1924/1924 1925/1925/1925 1989/1989/1989
f 1925/1925/1925 1990/1990/1990 1989/1989/1989
f 1925/1925/1925 1926/1926/1926 1990/1990/1990
f 1926/1926/1926 1991/1991/1991 1990/1990/1990
f 1926/1926/1926 1927/1927/1927 1991/1991/1991
f 1927/1927/1927 1992/1992/1992 1991/1991/1991
f 1927/1927/1927 1928/1928/1928 1992/1992/1992
f 1928/1928/1928 1993/1993/1993 1992/1992/1992
f 1928/1928/1928 1929/1929/1929 1993/1993/1993
f 1929/1929/1929 1994/1994/1994 1993/1993/1993
f 1929/1929/1929 1930/1930/1930 1994/1994/1994
f 1930/1930/1930 1995/1995/1995 1994/1994/1994
f 1930/1930/1930 1931/1931/1931 1995/1995/1995
f 1931/1931/1931 1996/1996/1996 1995/1995/1995
f 1931/1931/1931 1932/1932/1932 1996/1996/1996
f 1932/1932/1932 1997/1997/1997 1996/1996/1996
f 1932/1932/1932 1933/1933/1933 1997/1997/1997
f 1933/1933/1933 1998/1998/1998 1997/1997/1997
f 1933/1933/1933 1934/1934/1934 1998/1998/1998
f 1934/1934/1934 1999/1999/1999 1998/1998/1998
f 1934/1934/1934 1935/1935/1935 1999/1999/1999
f 1935/1935/1935 2000/2000/2000 1999/1999/1999
f 1935/1935/1935 1936/1936/1936 2000/2000/2000
f 1936/1936/1936 2001/2001/2001 2000/2000/2000
f 1936/1936/1936 1937/1937/1937 2001/2001/2001
f 1937/1937/1937 2002/2002/2002 2001/2001/2001
f 1937/1937/1937 1938/1938/1938 2002/2002/2002
f 1938/1938/1938 2003/2003/2003 2002/2002/2002
f 1938/1938/1938 1939/1939/1939 2003/2003/2003
f 1939/1939/1939 2004/2004/2004 2003/2003/2003
f 1939/1939/1939 1940/1940/1940 2004/2004/2004
f 1940/1940/1940 2005/2005/2005 2004/2004/2004
f 1940/1940/1940 1941/1941/1941 2005/2005/2005
f 1941/1941/1941 2006/2006/2006 2005/2005/2005
f 1941/1941/1941 1942/1942/1942 2006/2006/2006
f 1942/1942/1942 2007/2007/2007 2006/2006/2006
f 1942/1942/1942 1943/1943/1943 2007/2007/2007
f 1943/1943/1943 2008/2008/2008 2007/2007/2007
f 1943/1943/1943 1944/1944/1944 2008/2008/2008
f 1944/1944/1944 2009/2009/2009 2008/2008/2008
f 1944/1944/1944 1945/1945/1945 2009/2009/2009
f 1945/1945/1945 2010/2010/2010 2009/2009/2009
f 1945/1945/1945 1946/1946/1946 2010/2010/2010
f 1946/1946/1946 2011/2011/2011 2010/2010/2010
f 1946/1946/1946 1947/1947/1947 2011/2011/2011
f 1947/1947/1947 2012/2012/2012 2011/2011/2011
f 1947/1947/1947 1948/1948/1948 2012/2012/2012
f 1948/1948/1948 2013/2013/2013 2012/2012/2012
f 1948/1948/1948 1949/1949/1949 2013/2013/2013
f 1949/1949/1949 2014/2014/2014 2013/2013/2013
f 1949/1949/1949 1950/1950/1950 2014/2014/2014
f 1950/1950/1950 2015/2015/2015 2014/2014/2014
f 1951/1951/1951 1952/1952/1952 2016/2016/2016
f 1952/1952/1952 2017/2017/2017 2016/2016/2016
f 1952/1952/1952 1953/1953/1953 2017/2017/2017
f 1953/1953/1953 2018/2018/2018 2017/2017/2017
f 1953/1953/1953 1954/1954/1954 2018/2018/2018
f 1954/1954/1954 2019/2019/2019 2018/2018/2018
f 1954/1954/1954 1955/1955/1955 2019/2019/2019
f 1955/1955/1955 2020/2020/2020 2019/2019/2019
f 1955/1955/1955 1956/1956/1956 2020/2020/2020
f 1956/1956/1956 2021/2021/2021 2020/2020/2020
f 1956/1956/1956 1957/1957/1957 2021/2021/2021
f 1957/1957/1957 2022/2022/2022 2021/2021/2021
f 1957/1957/1957 1958/1958/1958 2022/2022/2022
f 1958/1958/1958 2023/2023/2023 2022/2022/2022
f 1958/1958/1958 1959/1959/1959 2023/2023/2023
f 1959/1959/1959 2024/2024/2024 2023/2023/2023
f 1959/1959/1959 1960/1960/1960 2024/2024/2024
f 1960/1960/1960 2025/2025/2025 2024/2024/2024
f 1960/1960/1960 1961/1961/1961 2025/2025/2025
f 1961/1961/1961 2026/2026/2026 2025/2025/2025
f 1961/1961/1961 1962/1962/1962 2026/2026/2026
f 1962/1962/1962 2027/2027/2027 2026/2026/2026
f 1962/1962/1962 1963/1963/1963 2027/2027/2027
f 1963/1963/1963 2028/2028/2028 2027/2027/2027
f 1963/1963/1963 1964/1964/1964 2028/2028/2028
f 1964/1964/1964 2029/2029/2029 2028/2028/2028
f 1964/1964/1964 1965/1965/1965 2029/2029/2029
f 1965/1965/1965 2030/2030/2030 2029/2029/2029
f 1965/1965/1965 1966/1966/1966 2030/2030/2030
f 1966/1966/1966 2031/2031/2031 2030/2030/2030
f 1966/1966/1966 1967/1967/1967 2031/2031/2031
f 1967/1967/1967 2032/2032/2032 2031/2031/2031
f 1967/1967/1967 1968/1968/1968 2032/2032/2032
f 1968/1968/1968 2033/2033/2033 2032/2032/2032
f 1968/1968/1968 1969/1969/1969 2033/2033/2033
f 1969/1969/1969 2034/2034/2034 2033/2033/2033
f 1969/1969/1969 1970/1970/1970 2034/2034/2034
f 1970/1970/1970 2035/2035/2035 2034/2034/2034
f 1970/1970/1970 1971/1971/1971 2035/2035/2035
f 1971/1971/1971 2036/2036/2036 2035/2035/2035
f 1971/1971/1971 1972/1972/1972 2036/2036/2036
f 1972/1972/1972 2037/2037/2037 2036/2036/2036
f 1972/1972/1972 1973/1973/1973 2037/2037/2037
f 1973/1973/1973 2038/2038/2038 2037/2037/2037
f 1973/1973/1973 1974/1974/1974 2038/2038/2038
f 1974/1974/1974 2039/2039/2039 2038/2038/2038
f 1974/1974/1974 1975/1975/1975 2039/2039/2039
f 1975/1975/1975 2040/2040/2040 2039/2039/2039
f 1975/1975/1975 1976/1976/1976 2040/2040/2040
f 1976/1976/1976 2041/2041/2041 2040/2040/2040
f 1976/1976/1976 1977/1977/1977 2041/2041/2041
f 1977/1977/1977 2042/2042/2042 2041/2041/2041
f 1977/1977/1977 1978/1978/1978 2042/2042/2042
f 1978/1978/1978 2043/2043/2043 2042/2042/2042
f 1978/1978/1978 1979/1979/1979 2043/2043/2043
f 1979/1979/1979 2044/2044/2044 2043/2043/2043
f 1979/1979/1979 1980/1980/1980 2044/2044/2044
f 1980/1980/1980 2045/2045/2045 2044/2044/2044
f 1980/1980/1980 1981/1981/1981 2045/2045/2045
f 1981/1981/1981 2046/2046/2046 2045/2045/2045
f 1981/1981/1981 1982/1982/1982 2046/2046/2046
f 1982/1982/1982 2047/2047/2047 2046/2046/2046
f 1982/1982/1982 1983/1983/1983 2047/2047/2047
f 1983/1983/1983 2048/2048/2048 2047/2047/2047
f 1983/1983/1983 1984/1984/1984 2048/2048/2048
f 1984/1984/1984 2049/2049/2049 2048/2048/2048
f 1984/1984/1984 1985/1985/1985 2049/2049/2049
f 1985/1985/1985 2050/2050/2050 2049/2049/2049
f 1985/1985/1985 1986/1986/1986 2050/2050/2050
f 1986/1986/1986 2051/2051/2051 2050/2050/2050
f 1986/1986/1986 1987/1987/1987 2051/2051/2051
f 1987/1987/1987 2052/2052/2052 2051/2051/2051
f 1987/1987/1987 1988/1988/1988 2052/2052/2052
f 1988/1988/1988 2053/2053/2053 2052/2052/2052
f 1988/1988/1988 1989/1989/1989 2053/2053/2053
f 1989/1989/1989 2054/2054/2054 2053/2053/2053
f 1989/1989/1989 1990/1990/1990 2054/2054/2054
f 1990/1990/1990 2055/2055/2055 2054/2054/2054
f 1990/1990/1990 1991/1991/1991 2055/2055/2055
f 1991/1991/1991 2056/2056/2056 2055/2055/2055
f 1991/1991/1991 1992/1992/1992 2056/2056/2056
f 1992/1992/1992 2057/2057/2057 2056/2056/2056
f 1992/1992/1992 1993/1993/1993 2057/2057/2057
f 1993/1993/1993 2058/2058/2058 2057/2057/2057
f 1993/1993/1993 1994/1994/1994 2058/2058/2058
f 1994/1994/1994 2059/2059/2059 2058/2058/2058
f 1994/1994/1994 1995/1995/1995 2059/2059/2059
f 1995/1995/1995 2060/2060/2060 2059/2059/2059
f 1995/1995/1995 1996/1996/1996 2060/2060/2060
f 1996/1996/1996 2061/2061/2061 2060/2060/2060
f 1996/1996/1996 1997/1997/1997 2061/2061/2061
f 1997/1997/1997 2062/2062/2062 2061/2061/2061
f 1997/1997/1997 1998/1998/1998 2062/2062/2062
f 1998/1998/1998 2063/2063/2063 2062/2062/2062
f 1998/1998/1998 1999/1999/1999 2063/2063/2063
f 1999/1999/1999 2064/2064/2064 2063/2063/2063
f 1999/1999/1999 2000/2000/2000 2064/2064/2064
f 2000/2000/2000 2065/2065/2065 2064/2064/2064
f 2000/2000/2000 2001/2001/2001 2065/2065/2065
f 2001/2001/2001 2066/2066/2066 2065/2065/2065
f 2001/2001/2001 2002/2002/2002 2066/2066/2066
f 2002/2002/2002 2067/2067/2067 2066/2066/2066
f 2002/2002/2002 2003/2003/2003 2067/2067/2067
f 2003/2003/2003 2068/2068/2068 2067/2067/2067
f 2003/2003/2003 2004/2004/2004 2068/2068/2068
f 2004/2004/2004 2069/2069/2069 2068/2068/2068
f 2004/2004/2004 2005/2005/2005 2069/2069/2069
f 2005/2005/2005 2070/2070/2070 2069/2069/2069
f 2005/2005/2005 2006/2006/2006 2070/2070/2070
f 2006/2006/2006 2071/2071/2071 2070/2070/2070
f 2006/2006/2006 2007/2007/2007 2071/2071/2071
f 2007/2007/2007 2072/2072/2072 2071/2071/2071
f 2007/2007/2007 2008/2008/2008 2072/2072/2072
f 2008/2008/2008 2073/2073/2073 2072/2072/2072
f 2008/2008/2008 2009/2009/2009 2073/2073/2073
f 2009/2009/2009 2074/2074/2074 2073/2073/2073
f 2009/2009/2009 2010/2010/2010 2074/2074/2074
f 2010/2010/2010 2075/2075/2075 2074/2074/2074
f 2010/2010/2010 2011/2011/2011 2075/2075/2075
f 2011/2011/2011 2076/2076/2076 2075/2075/2075
f 2011/2011/2011 2012/2012/2012 2076/2076/2076
f 2012/2012/2012 2077/2077/2077 2076/2076/2076
f 2012/2012/2012 2013/2013/2013 2077/2077/2077
f 2013/2013/2013 2078/2078/2078 2077/2077/2077
f 2013/2013/2013 2014/2014/2014 2078/2078/2078
f 2014/2014/2014 2079/2079/2079 2078/2078/2078
f 2014/2014/2014 2015/2015/2015 2079/2079/2079
f 2015/2015/2015 2080/2080/2080 2079/2079/2079
f 2016/2016/2016 2017/2017/2017 2081/2081/2081
f 2017/2017/2017 2082/2082/2082 2081/2081/2081
f 2017/2017/2017 2018/2018/2018 2082/2082/2082
f 2018/2018/2018 2083/2083/2083 2082/2082/2082
f 2018/2018/2018 2019/2019/2019 2083/2083/2083
f 2019/2019/2019 2084/2084/2084 2083/2083/2083
f 2019/2019/2019 2020/2020/2020 2084/2084/2084
f 2020/2020/2020 2085/2085/2085 2084/2084/2084
f 2020/2020/2020 2021/2021/2021 2085/2085/2085
f 2021/2021/2021 2086/2086/2086 2085/2085/2085
f 2021/2021/2021 2022/2022/2022 2086/2086/2086
f 2022/2022/2022 2087/2087/2087 2086/2086/2086
f 2022/2022/2022 2023/2023/2023 2087/2087/2087
f 2023/2023/2023 2088/2088/2088 2087/2087/2087
f 2023/2023/2023 2024/2024/2024 2088/2088/2088
f 2024/2024/2024 2089/2089/2089 2088/2088/2088
f 2024/2024/2024 2025/2025/2025 2089/2089/2089
f 2025/2025/2025 2090/2090/2090 2089/2089/2089
f 2025/2025/2025 2026/2026/2026 2090/2090/2090
f 2026/2026/2026 2091/2091/2091 2090/2090/2090
f 2026/2026/2026 2027/2027/2027 2091/2091/2091
f 2027/2027/2027 2092/2092/2092 2091/2091/2091
f 2027/2027/2027 2028/2028/2028 2092/2092/2092
f 2028/2028/2028 2093/2093/2093 2092/2092/2092
f 2028/2028/2028 2029/2029/2029 2093/2093/2093
f 2029/2029/2029 2094/2094/2094 2093/2093/2093
f 2029/2029/2029 2030/2030/2030 2094/2094/2094
f 2030/2030/2030 2095/2095/2095 2094/2094/2094
f 2030/2030/2030 2031/2031/2031 2095/2095/2095
f 2031/2031/2031 2096/2096/2096 2095/2095/2095
f 2031/2031/2031 2032/2032/2032 2096/2096/2096
f 2032/2032/2032 2097/2097/2097 2096/2096/2096
f 2032/2032/2032 2033/2033/2033 2097/2097/2097
f 2033/2033/2033 2098/2098/2098 2097/2097/2097
f 2033/2033/2033 2034/2034/2034 2098/2098/2098
f 2034/2034/2034 2099/2099/2099 2098/2098/2098
f 2034/2034/2034 2035/2035/2035 2099/2099/2099
f 2035/2035/2035 2100/2100/2100 2099/2099/2099
f 2035/2035/2035 2036/2036/2036 2100/2100/2100
f 2036/2036/2036 2101/2101/2101 2100/2100/2100
f 2036/2036/2036 2037/2037/2037 2101/2101/2101
f 2037/2037/2037 2102/2102/2102 2101/2101/2101
f 2037/2037/2037 2038/2038/2038 2102/2102/2102
f 2038/2038/2038 2103/2103/2103 2102/2102/2102
f 2038/2038/2038 2039/2039/2039 2103/2103/2103
f 2039/2039/2039 2104/2104/2104 2103/2103/2103
f 2039/2039/2039 2040/2040/2040 2104/2104/2104
f 2040/2040/2040 2105/2105/2105 2104/2104/2104
f 2040/2040/2040 2041/2041/2041 2105/2105/2105
f 2041/2041/2041 2106/2106/2106 2105/2105/2105
f 2041/2041/2041 2042/2042/2042 2106/2106/2106
f 2042/2042/2042 2107/2107/2107 2106/2106/2106
f 2042/2042/2042 2043/2043/2043 2107/2107/2107
f 2043/2043/2043 2108/2108/2108 2107/2107/2107
f 2043/2043/2043 2044/2044/2044 2108/2108/2108
f 2044/2044/2044 2109/2109/2109 2108/2108/2108
f 2044/2044/2044 2045/2045/2045 2109/2109/2109
f 2045/2045/2045 2110/2110/2110 2109/2109/2109
f 2045/2045/2045 2046/2046/2046 2110/2110/2110
f 2046/2046/2046 2111/2111/2111 2110/2110/2110
f 2046/2046/2046 2047/2047/2047 2111/2111/2111
f 2047/2047/2047 2112/2112/2112 2111/2111/2111
f 2047/2047/2047 2048/2048/2048 2112/2112/2112
f 2048/2048/2048 2113/2113/2113 2112/2112/2112
f 2048/2048/2048 2049/2049/2049 2113/2113/2113
f 2049/2049/2049 2114/2114/2114 2113/2113/2113
f 2049/2049/2049 2050/2050/2050 2114/2114/2114
f 2050/2050/2050 2115/2115/2115 2114/2114/2114
f 2050/2050/2050 2051/2051/2051 2115/2115/2115
f 2051/2051/2051 2116/2116/2116 2115/2115/2115
f 2051/2051/2051 2052/2052/2052 2116/2116/2116
f 2052/2052/2052 2117/2117/2117 2116/2116/2116
f 2052/2052/2052 2053/2053/2053 2117/2117/2117
f 2053/2053/2053 2118/2118/2118 2117/2117/2117
f 2053/2053/2053 2054/2054/2054 2118/2118/2118
f 2054/2054/2054 2119/2119/2119 2118/2118/2118
f 2054/2054/2054 2055/2055/2055 2119/2119/2119
f 2055/2055/2055 2120/2120/2120 2119/2119/2119
f 2055/2055/2055 2056/2056/2056 2120/2120/2120
f 2056/2056/2056 2121/2121/2121 2120/2120/2120
f 2056/2056/2056 2057/2057/2057 2121/2121/2121
f 2057/2057/2057 2122/2122/2122 2121/2121/2121
f 2057/2057/2057 2058/2058/2058 2122/2122/2122
f 2058/2058/2058 2123/2123/2123 2122/2122/2122
f 2058/2058/2058 2059/2059/2059 2123/2123/2123
f 2059/2059/2059 2124/2124/2124 2123/2123/2123
f 2059/2059/2059 2060/2060/2060 2124/2124/2124
f 2060/2060/2060 2125/2125/2125 2124/2124/2124
f 2060/2060/2060 2061/2061/2061 2125/2125/2125
f 2061/2061/2061 2126/2126/2126 2125/2125/2125
f 2061/2061/2061 2062/2062/2062 2126/2126/2126
f 2062/2062/2062 2127/2127/2127 2126/2126/2126
f 2062/2062/2062 2063/2063/2063 2127/2127/2127
f 2063/2063/2063 2128/2128/2128 2127/2127/2127
f 2063/2063/2063 2064/2064/2064 2128/2128/2128
f 2064/2064/2064 2129/2129/2129 2128/2128/2128
f 2064/2064/2064 2065/2065/2065 2129/2129/2129
f 2065/2065/2065 2130/2130/2130 2129/2129/2129
f 2065/2065/2065 2066/2066/2066 2130/2130/2130
f 2066/2066/2066 2131/2131/2131 2130/2130/2130
f 2066/2066/2066 2067/2067/2067 2131/2131/2131
f 2067/2067/2067 2132/2132/2132 2131/2131/2131
f 2067/2067/2067 2068/2068/2068 2132/2132/2132
f 2068/2068/2068 2133/2133/2133 2132/2132/2132
f 2068/2068/2068 2069/2069/2069 2133/2133/2133
f 2069/2069/2069 2134/2134/2134 2133/2133/2133
f 2069/2069/2069 2070/2070/2070 2134/2134/2134
f 2070/2070/2070 2135/2135/2135 2134/2134/2134
f 2070/2070/2070 2071/2071/2071 2135/2135/2135
f 2071/2071/2071 2136/2136/2136 2135/2135/2135
f 2071/2071/2071 2072/2072/2072 2136/2136/2136
f 2072/2072/2072 2137/2137/2137 2136/2136/2136
f 2072/2072/2072 2073/2073/2073 2137/2137/2137
f 2073/2073/2073 2138/2138/2138 2137/2137/2137
f 2073/2073/2073 2074/2074/2074 2138/2138/2138
f 2074/2074/2074 2139/2139/2139 2138/2138/2138
f 2074/2074/2074 2075/2075/2075 2139/2139/2139
f 2075/2075/2075 2140/2140/2140 2139/2139/2139
f 2075/2075/2075 2076/2076/2076 2140/2140/2140
f 2076/2076/2076 2141/2141/2141 2140/2140/2140
f 2076/2076/2076 2077/2077/2077 2141/2141/2141
f 2077/2077/2077 2142/2142/2142 2141/2141/2141
f 2077/2077/2077 2078/2078/2078 2142/2142/2142
f 2078/2078/2078 2143/2143/2143 2142/2142/2142
f 2078/2078/2078 2079/2079/2079 2143/2143/2143
f 2079/2079/2079 2144/2144/2144 2143/2143/2143
f 2079/2079/2079 2080/2080/2080 2144/2144/2144
f 2080/2080/2080 2145/2145/2145 2144/2144/2144
f 2081/2081/2081 2082/2082/2082 2146/2146/2146
f 2082/2082/2082 2147/2147/2147 2146/2146/2146
f 2082/2082/2082 2083/2083/2083 2147/2147/2147
f 2083/2083/2083 2148/2148/2148 2147/2147/2147
f 2083/2083/2083 2084/2084/2084 2148/2148/2148
f 2084/2084/2084 2149/2149/2149 2148/2148/2148
f 2084/2084/2084 2085/2085/2085 2149/2149/2149
f 2085/2085/2085 2150/2150/2150 2149/2149/2149
f 2085/2085/2085 2086/2086/2086 2150/2150/2150
f 2086/2086/2086 2151/2151/2151 2150/2150/2150
f 2086/2086/2086 2087/2087/2087 2151/2151/2151
f 2087/2087/2087 2152/2152/2152 2151/2151/2151
f 2087/2087/2087 2088/2088/2088 2152/2152/2152
f 2088/2088/2088 2153/2153/2153 2152/2152/2152
f 2088/2088/2088 2089/2089/2089 2153/2153/2153
f 2089/2089/2089 2154/2154/2154 2153/2153/2153
f 2089/2089/2089 2090/2090/2090 2154/2154/2154
f 2090/2090/2090 2155/2155/2155 2154/2154/2154
f 2090/2090/2090 2091/2091/2091 2155/2155/2155
f 2091/2091/2091 2156/2156/2156 2155/2155/2155
f 2091/2091/2091 2092/2092/2092 2156/2156/2156
f 2092/2092/2092 2157/2157/2157 2156/2156/2156
f 2092/2092/2092 2093/2093/2093 2157/2157/2157
f 2093/2093/2093 2158/2158/2158 2157/2157/2157
f 2093/2093/2093 2094/2094/2094 2158/2158/2158
f 2094/2094/2094 2159/2159/2159 2158/2158/2158
f 2094/2094/2094 2095/2095/2095 2159/2159/2159
f 2095/2095/2095 2160/2160/2160 2159/2159/2159
f 2095/2095/2095 2096/2096/2096 2160/2160/2160
f 2096/2096/2096 2161/2161/2161 2160/2160/2160
f 2096/2096/2096 2097/2097/2097 2161/2161/2161
f 2097/2097/2097 2162/2162/2162 2161/2161/2161
f 2097/2097/2097 2098/2098/2098 2162/2162/2162
f 2098/2098/2098 2163/2163/2163 2162/2162/2162
f 2098/2098/2098 2099/2099/2099 2163/2163/2163
f 2099/2099/2099 2164/2164/2164 2163/2163/2163
f 2099/2099/2099 2100/2100/2100 2164/2164/2164
f 2100/2100/2100 2165/2165/2165 2164/2164/2164
f 2100/2100/2100 2101/2101/2101 2165/2165/2165
f 2101/2101/2101 2166/2166/2166 2165/2165/2165
f 2101/2101/2101 2102/2102/2102 2166/2166/2166
f 2102/2102/2102 2167/2167/2167 2166/2166/2166
f 2102/2102/2102 2103/2103/2103 2167/2167/2167
f 2103/2103/2103 2168/2168/2168 2167/2167/2167
f 2103/2103/2103 2104/2104/2104 2168/2168/2168
f 2104/2104/2104 2169/2169/2169 2168/2168/2168
f 2104/2104/2104 2105/2105/2105 2169/2169/2169
f 2105/2105/2105 2170/2170/2170 2169/2169/2169
f 2105/2105/2105 2106/2106/2106 2170/2170/2170
f 2106/2106/2106 2171/2171/2171 2170/2170/2170
f 2106/2106/2106 2107/2107/2107 2171/2171/2171
f 2107/2107/2107 2172/2172/2172 2171/2171/2171
f 2107/2107/2107 2108/2108/2108 2172/2172/2172
f 2108/2108/2108 2173/2173/2173 2172/2172/2172
f 2108/2108/2108 2109/2109/2109 2173/2173/2173
f 2109/2109/2109 2174/2174/2174 2173/2173/2173
f 2109/2109/2109 2110/2110/2110 2174/2174/2174
f 2110/2110/2110 2175/2175/2175 2174/2174/2174
f 2110/2110/2110 2111/2111/2111 2175/2175/2175
f 2111/2111/2111 2176/2176/2176 2175/2175/2175
f 2111/2111/2111 2112/2112/2112 2176/2176/2176
f 2112/2112/2112 2177/2177/2177 2176/2176/2176
f 2112/2112/2112 2113/2113/2113 2177/2177/2177
f 2113/2113/2113 2178/2178/2178 2177/2177/2177
f 2113/2113/2113 2114/2114/2114 2178/2178/2178
f 2114/2114/2114 2179/2179/2179 2178/2178/2178
f 2114/2114/2114 2115/2115/2115 2179/2179/2179
f 2115/2115/2115 2180/2180/2180 2179/2179/2179
f 2115/2115/2115 2116/2116/2116 2180/2180/2180
f 2116/2116/2116 2181/2181/2181 2180/2180/2180
f 2116/2116/2116 2117/2117/2117 2181/2181/2181
f 2117/2117/2117 2182/2182/2182 2181/2181/2181
f 2117/2117/2117 2118/2118/2118 2182/2182/2182
f 2118/2118/2118 2183/2183/2183 2182/2182/2182
f 2118/2118/2118 2119/2119/2119 2183/2183/2183
f 2119/2119/2119 2184/2184/2184 2183/2183/2183
f 2119/2119/2119 2120/2120/2120 2184/2184/2184
f 2120/2120/2120 2185/2185/2185 2184/2184/2184
f 2120/2120/2120 2121/2121/2121 2185/2185/2185
f 2121/2121/2121 2186/2186/2186 2185/2185/2185
f 2121/2121/2121 2122/2122/2122 2186/2186/2186
f 2122/2122/2122 2187/2187/2187 2186/2186/2186
f 2122/2122/2122 2123/2123/2123 2187/2187/2187
f 2123/2123/2123 2188/2188/2188 2187/2187/2187
f 2123/2123/2123 2124/2124/2124 2188/2188/2188
f 2124/2124/2124 2189/2189/2189 2188/2188/2188
f 2124/2124/2124 2125/2125/2125 2189/2189/2189
f 2125/2125/2125 2190/2190/2190 2189/2189/2189
f 2125/2125/2125 2126/2126/2126 2190/2190/2190
f 2126/2126/2126 2191/2191/2191 2190/2190/2190
f 2126/2126/2126 2127/2127/2127 2191/2191/2191
f 2127/2127/2127 2192/2192/2192 2191/2191/2191
f 2127/2127/2127 2128/2128/2128 2192/2192/2192
f 2128/2128/2128 2193/2193/2193 2192/2192/2192
f 2128/2128/2128 2129/2129/2129 2193/2193/2193
f 2129/2129/2129 2194/2194/2194 2193/2193/2193
f 2129/2129/2129 2130/2130/2130 2194/2194/2194
f 2130/2130/2130 2195/2195/2195 2194/2194/2194
f 2130/2130/2130 2131/2131/2131 2195/2195/2195
f 2131/2131/2131 2196/2196/2196 2195/2195/2195
f 2131/2131/2131 2132/2132/2132 2196/2196/2196
f 2132/2132/2132 2197/2197/2197 2196/2196/2196
f 2132/2132/2132 2133/2133/2133 2197/2197/2197
f 2133/2133/2133 2198/2198/2198 2197/2197/2197
f 2133/2133/2133 2134/2134/2134 2198/2198/2198
f 2134/2134/2134 2199/2199/2199 2198/2198/2198
f 2134/2134/2134 2135/2135/2135 2199/2199/2199
f 2135/2135/2135 2200/2200/2200 2199/2199/2199
f 2135/2135/2135 2136/2136/2136 2200/2200/2200
f 2136/2136/2136 2201/2201/2201 2200/2200/2200
f 2136/2136/2136 2137/2137/2137 2201/2201/2201
f 2137/2137/2137 2202/2202/2202 2201/2201/2201
f 2137/2137/2137 2138/2138/2138 2202/2202/2202
f 2138/2138/2138 2203/2203/2203 2202/2202/2202
f 2138/2138/2138 2139/2139/2139 2203/2203/2203
f 2139/2139/2139 2204/2204/2204 2203/2203/2203
f 2139/2139/2139 2140/2140/2140 2204/2204/2204
f 2140/2140/2140 2205/2205/2205 2204/2204/2204
f 2140/2140/2140 2141/2141/2141 2205/2205/2205
f 2141/2141/2141 2206/2206/2206 2205/2205/2205
f 2141/2141/2141 2142/2142/2142 2206/2206/2206
f 2142/2142/2142 2207/2207/2207 2206/2206/2206
f 2142/2142/2142 2143/2143/2143 2207/2207/2207
f 2143/2143/2143 2208/2208/2208 2207/2207/2207
f 2143/2143/2143 2144/2144/2144 2208/2208/2208
f 2144/2144/2144 2209/2209/2209 2208/2208/2208
f 2144/2144/2144 2145/2145/2145 2209/2209/2209
f 2145/2145/2145 2210/2210/2210 2209/2209/2209
