# OBJ export from CozyBlanket
mtllib export.mtl
v -6.3346529007 -32.2607612610 -2.3005094528
v 8.4549674988 -11.5068521500 2.4981358051
v 7.4362454414 -5.9856839180 2.1386940479
v -7.1548857689 -32.1476135254 -2.4455394745
v 6.9356136322 -0.8062705994 2.0715119839
v -7.8023014069 -31.6907882690 -2.1455125809
v 8.7967109680 4.1471004486 1.9085009098
v -5.8130474091 -32.2419815063 -1.4674823284
v -8.0187721252 -32.5705413818 -1.0879678726
v 10.0777797699 7.1795101166 1.6150681973
v 3.5197272301 12.0046968460 3.2406167984
v 3.1406888962 -0.9567766190 3.5002701283
v -7.0344905853 -32.7329483032 -0.6326731443
v 3.4945657253 14.0421152115 3.3184537888
v 4.5705409050 15.1565389633 -1.9982562065
v 5.2599296570 13.3814039230 -1.7731263638
v 5.8077230453 8.3123197556 3.0389471054
v 4.4664607048 4.3721113205 3.5491313934
v 7.6475896835 12.0445756912 1.4548807144
v 11.6788597107 10.6667547226 0.1689109802
v 11.0636568069 6.7207298279 1.3144607544
v 12.1198492050 10.3881158829 0.1774969697
v 1.5505332947 -11.3126220703 4.9006714821
v 2.3828070164 -6.1335372925 4.1616797447
v -6.7272858620 -38.1596946716 -1.7301039696
v 2.7169096470 11.5718965530 1.1543308496
v -7.1394052505 -38.6169509888 -0.9620962143
v 0.9616436958 12.4589185715 -1.1180794239
v 8.1229324341 12.3552274704 -1.6442682743
v -7.9116768837 -39.0074615479 -0.6654137373
v 2.8418419361 13.0930089951 -5.5681982040
v 6.6815700531 12.2246923447 -4.7701334953
v 0.9568453431 12.6366853714 -2.1005256176
v 3.0271148682 12.5708951950 -2.0886499882
v -8.6690759659 -38.9118881226 -0.9401113987
v -9.0396156311 -38.6631813049 -1.3470382690
v 0.9896836877 15.5887117386 -1.1147780418
v 1.0061625242 15.4199361801 -2.0616979599
v -8.7090263367 -38.6104774475 -2.2199175358
v -8.0054359436 -38.3454933167 -2.4961552620
v 11.5149707794 10.5815382004 -3.4390654564
v 11.8836269379 10.9833669662 -1.5513429642
v 12.3727645874 10.5908575058 -1.5371916294
v 11.9199705124 10.0660963058 -3.4286384583
v 11.7028312683 5.0547866821 1.5072753429
v 13.4517164230 8.0713100433 0.1727428436
v 14.0113849640 8.5042142868 -1.7304422855
v 13.3249931335 8.0030555725 -3.7571525574
v 10.1042661667 4.1881017685 1.4190266132
v 9.3227510452 1.3915376663 -0.2925174236
v 9.2033243179 2.8834562302 -1.5827379227
v 9.7467517853 -5.7898941040 -0.3867608309
v 10.2251605988 -11.2748613358 0.0093407631
v 10.5231571198 8.0737352371 -4.6530098915
v 9.6417188644 8.9115819931 -4.5961036682
v 9.0269804001 4.8610734940 -4.4041061401
v 7.6853556633 4.9686956406 -5.3828845024
v 3.7815320492 9.5875597000 -6.7980680466
v 2.3678629398 11.9743909836 -5.9132723808
v -7.2360672951 -38.1325531006 -2.2985973358
v -6.1001834869 -30.9233093262 -2.2877976894
v -6.9632120132 -30.4665260315 -2.4155249596
v 3.4126391411 5.0360269547 -7.5301718712
v 8.7128438950 -11.3700380325 -6.1792240143
v 3.7441980839 -11.3980283737 -8.3221378326
v -7.5737776756 -30.6610946655 -2.1734926701
v 8.0921401978 -5.0734186172 -5.4464020729
v 3.5498528481 -5.4193940163 -7.7468504906
v -7.8845677376 -31.2911453247 -1.7410674095
v -7.6450352669 -30.0578498840 -1.0942056179
v 3.4441297054 -0.4112682343 -7.3768773079
v 7.9345378876 -0.2680850029 -5.4372014999
v 8.9359722137 1.4088211060 -3.0904202461
v 9.3207378387 -0.4462957382 -1.7031121254
v 9.1086835861 -5.4026389122 -3.9331741333
v 10.5113430023 -11.3504810333 -4.2887635231
v 9.5144405365 -5.5404806137 -2.0150012970
v 10.4716444016 -11.3072729111 -2.2416820526
v 9.5664463043 1.9057102203 -1.6695656776
v 10.9772796631 -1.5043482780 -1.7344706059
v 13.7802362442 0.1169567108 1.9164370298
v 11.2230834961 5.7763490677 -4.8591070175
v 16.6634788513 1.9097642899 0.7360117435
v 17.6835556030 2.7509450912 -1.8417212963
v 16.8949775696 2.2411804199 -4.8860416412
v 13.2038087845 -0.3145618439 -5.5123567581
v 17.6307449341 0.2419462204 -5.0590572357
v 18.6734771729 1.1974668503 -2.0067930222
v 21.2748718262 -5.4653139114 -5.4898595810
v 22.4694900513 -4.4979496002 -1.7251999378
v 17.6379928589 0.4137001038 0.9993171692
v 21.2062492371 -5.8809123039 1.8854991198
v 14.4976205826 -1.6366281509 2.0220003128
v 17.7485580444 -8.7371292114 2.2222924232
v 11.8948316574 -3.4589543343 -1.5768115520
v 15.3367080688 -10.4391269684 -1.1943507195
v 13.9366979599 -1.8770356178 -5.6421442032
v 16.9690475464 -8.7274646759 -5.4568343163
v 17.9102821350 -5.4354300499 -1.7220182419
v 17.4531936646 -5.9040989876 -2.4061820507
v 17.5866165161 -5.9318027496 -0.7366417646
v 16.9261817932 -6.8313241005 -0.6909061670
v 16.7280921936 -6.7784943581 -2.4741258621
v 16.5145034790 -7.3163857460 -1.5409767628
v 18.1936187744 -8.6740121841 -0.6520835161
v 18.9103813171 -8.4656581879 -0.9798812866
v 17.3327293396 -9.0719203949 -1.3292489052
v 17.5730705261 -8.7391052246 -2.2528040409
v 18.5195617676 -8.4309062958 -2.3773176670
v 19.0684852600 -8.1603803635 -1.8321869373
v 18.7846374512 -9.8486099243 -0.6332170963
v 19.5543212891 -9.3735952377 -1.0841169357
v 19.6193199158 -9.3568477631 -1.9984681606
v 18.8483772278 -9.7269229889 -2.4947643280
v 18.0088157654 -10.2509155273 -2.1315472126
v 17.9775009155 -10.4566764832 -1.1913623810
v 21.9994926453 -10.8183097839 -0.2360016108
v 18.5055580139 -14.7870130539 -0.0853109360
v 17.2468528748 -11.1504058838 -0.6061556339
v 20.8522720337 -9.3004188538 -0.8561338186
v 22.9245109558 -12.5454587936 -0.0965814590
v 18.8829460144 -15.3806476593 -0.3161847591
v 19.6979446411 -16.4563865662 -0.8647972345
v 23.6084976196 -14.5590896606 -0.8760566711
v 24.2891387939 -15.9968070984 -0.7916917801
v 20.4475746155 -17.9671707153 -0.7717006207
v 23.2007827759 -12.3512792587 -1.0424888134
v 22.9113960266 -11.0591526031 -0.7257655859
v 20.9138603210 -9.6084241867 -2.7619929314
v 18.9013442993 -9.9824523926 -2.8166415691
v 20.7103805542 -13.7803783417 -2.7905702591
v 22.8513221741 -11.0871610641 -2.5417592525
v 18.7764015198 -14.6322345734 -2.7163476944
v 17.1326293945 -11.2246074677 -2.5567116737
v 24.8942871094 -11.5245494843 -2.0514075756
v 18.8882446289 -10.0720672607 -0.4686139822
v 20.6947708130 -13.6287708282 -0.5917068720
v 20.9713592529 -14.2619199753 -0.6646898985
v 21.6149826050 -15.4670972824 -0.7876620293
v 22.3465538025 -16.8819618225 -0.7753376961
v 22.8952751160 -12.5244827271 -2.4142196178
v 22.7780952454 -12.8623685837 -2.5381574631
v 24.4688796997 -12.4003448486 -2.2626075745
v 24.6894760132 -12.3576173782 -0.9916813374
v 24.8983573914 -11.4715604782 -0.8904931545
v 21.7616500854 -10.4579486847 -2.6668567657
v 23.1999168396 -13.3527069092 -0.4449428320
v 23.0054588318 -13.6491489410 -2.5584886074
v 17.7053642273 -13.0522003174 -0.1205552816
v 17.8401870728 -12.9640769958 -2.7093503475
v 19.9559860229 -12.2776241302 -3.0231165886
v 19.8905830383 -12.0472536087 -0.3507949114
v 24.2671546936 -16.3265991211 -1.9573535919
v 23.5034828186 -14.7334766388 -2.5597484112
v 22.4588661194 -17.1574859619 -2.2032189369
v 21.6643218994 -15.5545063019 -2.4170403481
v 21.0694961548 -14.4863185883 -2.6398730278
v 20.6769790649 -18.2324562073 -2.1261777878
v 19.6970062256 -16.4337463379 -2.5358746052
v 19.2146530151 -15.3475933075 -2.6656944752
v -5.5390586853 -30.4956092834 -1.5770719051
v 1.0080543756 15.8513746262 -2.0602436066
v 0.9743350148 15.9625577927 -1.1205756664
v -6.0742979050 -31.1271362305 -0.9164767265
v 1.3809620142 17.8428306580 -2.2614829540
v -6.7177791595 -30.2365303040 -0.6635006666
v 1.0602815151 16.8682022095 -0.9732275009
v -5.2676515579 -29.8467102051 -1.5055329800
v -5.7161207199 -30.0818290710 -0.7414984703
v 4.7442669868 19.5422744751 -7.0425782204
v -6.6163630486 -29.8699760437 -0.6432565451
v 3.8679006100 16.0972213745 0.1245713234
v 4.0205473900 17.2017478943 2.4298276901
v -7.6375532150 -29.5024757385 -1.1378138065
v -7.8296113014 -29.4108200073 -1.5525953770
v 5.4605345726 24.8025207520 -6.5019526482
v -7.5157961845 -29.4240570068 -2.2253770828
v 5.3776974678 26.3036575317 -5.8971447945
v -6.8443546295 -29.5648078918 -2.6875891685
v 2.6601731777 29.4534187317 -3.0790848732
v 5.5017580986 24.8809814453 2.3000457287
v 5.5374355316 24.3560523987 2.5457363129
v 5.3372731209 24.4135131836 6.5197858810
v 5.3823189735 24.9187927246 6.4561176300
v 3.0609154701 25.4713630676 8.8783264160
v 3.0546257496 24.9496612549 8.8696708679
v -5.7016224861 -29.6407661438 -2.2628045082
v -11.9002122879 -41.9188270569 2.8187844753
v 2.4047296047 29.4258499146 1.6125150919
v 5.4473886490 23.7905540466 1.1829655170
v -12.8949594498 -42.2243843079 4.9947309494
v -13.2655143738 -42.4722061157 7.1098489761
v 4.6471199989 28.2278060913 -4.4976892471
v 4.3658866882 29.0027465820 0.7970944643
v -7.4341349602 -42.4733467102 4.4956903458
v 5.4251451492 24.2640724182 -6.5487217903
v 2.8750810623 25.3226242065 3.1119689941
v -8.0665645599 -42.4998245239 6.6956753731
v -8.9987382889 -42.8065032959 8.7946414948
v -10.3944120407 -42.4975624084 8.7901458740
v 1.2958475351 -10.9714136124 3.6381018162
v -11.9287290573 -42.2873268127 8.3511295319
v 7.3387303352 -11.2596378326 1.9953929186
v 2.1170077324 -16.5194778442 3.1698410511
v -9.7033710480 -41.7726860046 6.7929816246
v 2.2551321983 -19.7257766724 2.5652709007
v -11.2478246689 -41.6856956482 6.5515108109
v 6.8360753059 -17.3856658936 2.2891049385
v 7.8678469658 -10.8709058762 -0.4810599089
v 7.8442254066 -10.9723310471 -2.3563334942
v 7.9058971405 -11.0834589005 -3.6366963387
v 7.1263399124 -11.2113380432 -5.0200729370
v 3.5686914921 -11.2652139664 -7.0501389503
v -9.5326080322 -41.4163322449 5.7320938110
v 6.5061841011 -20.4462432861 2.5891666412
v 2.5069837570 -23.5449447632 2.0786147118
v 12.4064893723 -29.2281990051 -1.4095461369
v 6.9652099609 -23.3708686829 2.6454730034
v 8.4091682434 -30.6175651550 2.8459525108
v 3.9260680676 -31.2391395569 1.2806278467
v 9.6149549484 -20.7076835632 0.7016177773
v 10.1100511551 -23.1891860962 0.8052241802
v 9.0832357407 -17.6904258728 0.3928517103
v 10.5847616196 -22.5717067719 -1.5343925953
v 10.0999031067 -20.3840179443 -1.6657168865
v 9.4820756912 -17.7944717407 -1.6433007717
v 9.6340751648 -22.9083976746 -4.0945553780
v 9.2548894882 -20.6091480255 -4.0259914398
v 8.7279777527 -17.7076168060 -3.7825388908
v 7.3805456161 -23.2483615875 -5.3151006699
v 7.1975631714 -20.8623962402 -5.1928882599
v 7.0960965157 -18.0135421753 -5.2618951797
v 3.3340315819 -18.0505008698 -6.3805632591
v -10.8797626495 -41.3096771240 5.3790144920
v 2.9839932919 -21.0243453979 -5.5100631714
v -8.9704656601 -40.6188163757 3.8194596767
v 3.0261018276 -23.2109775543 -5.3537654877
v -10.3322067261 -40.5243988037 3.4297871590
v 2.1842410564 -32.2159996033 -1.5156767368
v 3.8657226562 -31.7606849670 -4.5657258034
v 8.1575126648 -30.6066894531 -5.6247477531
v 11.9807481766 -29.4570083618 -4.1865410805
v 11.6220235825 -29.4654426575 0.9991847277
v 10.8716945648 -43.4574623108 10.9725532532
v 12.8613357544 -43.3406181335 10.4532718658
v 12.8561649323 -44.9812240601 10.1766395569
v 10.8018712997 -45.0743026733 10.8793888092
v 13.6722831726 -43.6567230225 7.4422841072
v 13.3998069763 -45.3037300110 7.4776678085
v 11.9951877594 -43.9140090942 2.4070076942
v 11.4399261475 -45.6265640259 2.3786039352
v 11.1143207550 -43.6988563538 0.4158805609
v 10.8681793213 -45.4596099854 0.2809295058
v 10.6119680405 -43.6977653503 -2.0383064747
v 10.4551582336 -45.4871253967 -1.8774216175
v 9.4779443741 -43.8265914917 -4.1007871628
v 9.3035888672 -45.3371009827 -3.9272346497
v 8.1549949646 -43.7718658447 -4.7412014008
v 8.0233116150 -45.1470870972 -4.5358843803
v 6.5755352974 -43.9399414062 -4.0900654793
v 6.5805182457 -45.3017730713 -3.9631986618
v 13.0229330063 -43.8295860291 4.7814550400
v 12.7013959885 -45.5506172180 4.5025148392
v 8.7362833023 -43.6861763000 9.4684677124
v 8.8197050095 -45.3854789734 9.4452934265
v 7.5523676872 -43.9601898193 6.7865767479
v 7.5207610130 -45.4624290466 6.8663983345
v 7.2131505013 -44.0650634766 4.1721191406
v 7.0202803612 -45.5549087524 4.1861844063
v 6.9067449570 -44.1013069153 1.9831190109
v 6.8745360374 -45.5469360352 1.9746901989
v 6.0175170898 -43.9262733459 -0.7105475664
v 6.0489740372 -45.5729408264 -0.7505381107
v 5.6807742119 -43.9563331604 -3.1050252914
v 5.6816258430 -45.4923744202 -2.9313950539
v 11.5343437195 -45.5229530334 6.9994978905
v 9.8421421051 -45.6110992432 7.8342952728
v 10.1416540146 -45.6565551758 3.0529422760
v 8.7563886642 -45.6865959167 3.5959088802
v 9.5546627045 -45.6773567200 1.1249957085
v 7.9829955101 -45.6951637268 1.7518215179
v 7.8333649635 -45.6483306885 -1.3492147923
v 9.1757125854 -45.6098365784 -1.6399295330
v 9.4854755402 -42.0324478149 -3.9590373039
v 10.5323638916 -42.0279769897 -1.7966239452
v 9.2470932007 -40.1351318359 -3.4583411217
v 10.5125989914 -40.1407699585 -1.2424001694
v 10.3106517792 -39.7427673340 1.2297056913
v 11.0671367645 -41.2303466797 0.9267891645
v 9.0576667786 -40.5243339539 -2.4259560108
v 9.5111160278 -41.0459861755 -1.1001079082
v 8.2771310806 -40.1696090698 -3.8904643059
v 8.1867809296 -42.0571823120 -4.5924367905
v 7.1605796814 -40.1723976135 -3.6034660339
v 6.8290233612 -42.1115875244 -3.9291410446
v 8.2388706207 -40.5775527954 -2.6565036774
v 7.5691742897 -40.5394058228 -2.5961368084
v 9.0682983398 -41.0163993835 -0.2893075943
v 8.3137331009 -40.9183349609 0.1734253764
v 7.9885449409 -39.8795242310 1.7864940166
v 6.2758388519 -42.3468284607 -0.6023700237
v 6.8967123032 -40.4882469177 -0.1319890022
v 5.8180379868 -42.2115402222 -2.8437316418
v 6.4721851349 -40.2400665283 -2.6437151432
v 7.0907378197 -40.6092643738 -1.9085569382
v 7.2308025360 -40.7376785278 -0.7141606808
v 7.0713133812 -42.0107841492 1.6611618996
v 10.3322162628 -40.5243988037 3.4297871590
v 8.9704751968 -40.6188163757 3.8194596767
v 10.8797721863 -41.3096771240 5.3790144920
v 9.5326175690 -41.4163322449 5.7320938110
v 11.2478342056 -41.6856956482 6.5515108109
v 9.7033805847 -41.7726860046 6.7929816246
v 11.9287385941 -42.2873268127 8.3511295319
v 10.3944215775 -42.4975624084 8.7901458740
v 8.9987478256 -42.8065032959 8.7946414948
v 8.0665740967 -42.4998245239 6.6956753731
v 7.4341444969 -42.4733467102 4.4956903458
v 13.2655239105 -42.4722061157 7.1098489761
v 12.8949689865 -42.2243843079 4.9947309494
v 11.9002218246 -41.9188270569 2.8187844753
v 5.7016320229 -29.6407661438 -2.2628045082
v 6.8443641663 -29.5648078918 -2.6875891685
v 7.5158057213 -29.4240570068 -2.2253770828
v 7.8296208382 -29.4108200073 -1.5525953770
v 7.6375627518 -29.5024757385 -1.1378138065
v 6.6163725853 -29.8699760437 -0.6432565451
v 5.7161302567 -30.0818290710 -0.7414984703
v 5.2676610947 -29.8467102051 -1.5055329800
v 6.7177886963 -30.2365303040 -0.6635006666
v 6.0743074417 -31.1271362305 -0.9164767265
v 5.5390682220 -30.4956092834 -1.5770719051
v 7.6450448036 -30.0578498840 -1.0942056179
v 7.8845772743 -31.2911453247 -1.7410674095
v 7.5737872124 -30.6610946655 -2.1734926701
v 6.9632215500 -30.4665260315 -2.4155249596
v 6.1001930237 -30.9233093262 -2.2877976894
v 7.2360768318 -38.1325531006 -2.2985973358
v 8.0054454803 -38.3454933167 -2.4961552620
v 8.7090358734 -38.6104774475 -2.2199175358
v 9.0396251678 -38.6631813049 -1.3470382690
v 8.6690855026 -38.9118881226 -0.9401113987
v 7.9116864204 -39.0074615479 -0.6654137373
v 7.1394147873 -38.6169509888 -0.9620962143
v 6.7272953987 -38.1596946716 -1.7301039696
v 7.0345001221 -32.7329483032 -0.6326731443
v 8.0187816620 -32.5705413818 -1.0879678726
v 5.8130569458 -32.2419815063 -1.4674823284
v 7.8023109436 -31.6907882690 -2.1455125809
v 7.1548953056 -32.1476135254 -2.4455394745
v 6.3346624374 -32.2607612610 -2.3005094528
v 0.0000047684 -11.4203090668 5.0049886703
v -8.4549579620 -11.5068521500 2.4981358051
v -7.4362359047 -5.9856839180 2.1386940479
v 0.0000047684 -6.1966104507 4.2761158943
v -6.9356040955 -0.8062705994 2.0715119839
v 0.0000047684 -1.0048298836 3.7539486885
v -8.7967014313 4.1471004486 1.9085009098
v 0.0000047684 4.2766275406 3.7581353188
v 0.0000047684 9.3049783707 4.2086491585
v -10.0777702332 7.1795101166 1.6150681973
v -3.5197176933 12.0046968460 3.2406167984
v -3.1406793594 -0.9567766190 3.5002701283
v 0.0000047684 10.1657705307 3.7966685295
v -3.4945561886 14.0421152115 3.3184537888
v -4.5705313683 15.1565389633 -1.9982562065
v -5.2599201202 13.3814039230 -1.7731263638
v -5.8077135086 8.3123197556 3.0389471054
v -4.4664511681 4.3721113205 3.5491313934
v -7.6475801468 12.0445756912 1.4548807144
v -11.6788501740 10.6667547226 0.1689109802
v -11.0636472702 6.7207298279 1.3144607544
v -12.1198396683 10.3881158829 0.1774969697
v -1.5505237579 -11.3126220703 4.9006714821
v -2.3827974796 -6.1335372925 4.1616797447
v 0.0000047684 10.2931203842 2.9776706696
v -2.7169001102 11.5718965530 1.1543308496
v 0.0000047684 12.3812437057 -0.6765042543
v -0.9616341591 12.4589185715 -1.1180794239
v -8.1229228973 12.3552274704 -1.6442682743
v 0.0000047684 15.1589841843 -5.7965354919
v -2.8418323994 13.0930089951 -5.5681982040
v -6.6815605164 12.2246923447 -4.7701334953
v -0.9568358064 12.6366853714 -2.1005256176
v -3.0271053314 12.5708951950 -2.0886499882
v 0.0000047684 12.6393022537 -2.5393939018
v 0.0000047684 12.8997850418 -4.2380862236
v -0.9896741509 15.5887117386 -1.1147780418
v -1.0061529875 15.4199361801 -2.0616979599
v 0.0000047684 15.3056650162 -2.5237722397
v 0.0000047684 15.5767526627 -0.6265943050
v -11.5149612427 10.5815382004 -3.4390654564
v -11.8836174011 10.9833669662 -1.5513429642
v -12.3727550507 10.5908575058 -1.5371916294
v -11.9199609756 10.0660963058 -3.4286384583
v -11.7028217316 5.0547866821 1.5072753429
v -13.4517068863 8.0713100433 0.1727428436
v -14.0113754272 8.5042142868 -1.7304422855
v -13.3249835968 8.0030555725 -3.7571525574
v -10.1042566299 4.1881017685 1.4190266132
v -9.3227415085 1.3915376663 -0.2925174236
v -9.2033147812 2.8834562302 -1.5827379227
v -9.7467422485 -5.7898941040 -0.3867608309
v -10.2251510620 -11.2748613358 0.0093407631
v -10.5231475830 8.0737352371 -4.6530098915
v -9.6417093277 8.9115819931 -4.5961036682
v -9.0269708633 4.8610734940 -4.4041061401
v -7.6853461266 4.9686956406 -5.3828845024
v -3.7815225124 9.5875597000 -6.7980680466
v -2.3678534031 11.9743909836 -5.9132723808
v 0.0000047684 11.9378690720 -6.4205665588
v 0.0000047684 9.1326646805 -7.0431046486
v 0.0000047684 5.0216751099 -7.9673876762
v -3.4126296043 5.0360269547 -7.5301718712
v -8.7128343582 -11.3700380325 -6.1792240143
v -3.7441885471 -11.3980283737 -8.3221378326
v 0.0000047684 -11.4070730209 -8.6754169464
v -8.0921306610 -5.0734186172 -5.4464020729
v -3.5498433113 -5.4193940163 -7.7468504906
v 0.0000047684 -5.2699346542 -7.7945990562
v 0.0000047684 -0.3419904709 -7.7563805580
v -3.4441201687 -0.4112682343 -7.3768773079
v -7.9345283508 -0.2680850029 -5.4372014999
v -8.9359626770 1.4088211060 -3.0904202461
v -9.3207283020 -0.4462957382 -1.7031121254
v -9.1086740494 -5.4026389122 -3.9331741333
v -10.5113334656 -11.3504810333 -4.2887635231
v -9.5144309998 -5.5404806137 -2.0150012970
v -10.4716348648 -11.3072729111 -2.2416820526
v -9.5664367676 1.9057102203 -1.6695656776
v -10.9772701263 -1.5043482780 -1.7344706059
v -13.7802267075 0.1169567108 1.9164370298
v -11.2230739594 5.7763490677 -4.8591070175
v -16.6634712219 1.9097642899 0.7360117435
v -17.6835479736 2.7509450912 -1.8417212963
v -16.8949661255 2.2411804199 -4.8860416412
v -13.2037992477 -0.3145618439 -5.5123567581
v -17.6307334900 0.2419462204 -5.0590572357
v -18.6734657288 1.1974668503 -2.0067930222
v -21.2748603821 -5.4653139114 -5.4898595810
v -22.4694824219 -4.4979496002 -1.7251999378
v -17.6379814148 0.4137001038 0.9993171692
v -21.2062416077 -5.8809123039 1.8854991198
v -14.4976110458 -1.6366281509 2.0220003128
v -17.7485466003 -8.7371292114 2.2222924232
v -11.8948221207 -3.4589543343 -1.5768115520
v -15.3366985321 -10.4391269684 -1.1943507195
v -13.9366884232 -1.8770356178 -5.6421442032
v -16.9690361023 -8.7274646759 -5.4568343163
v -17.9102706909 -5.4354300499 -1.7220182419
v -17.4531822205 -5.9040989876 -2.4061820507
v -17.5866088867 -5.9318027496 -0.7366417646
v -16.9261741638 -6.8313241005 -0.6909061670
v -16.7280845642 -6.7784943581 -2.4741258621
v -16.5144920349 -7.3163857460 -1.5409767628
v -18.1936073303 -8.6740121841 -0.6520835161
v -18.9103698730 -8.4656581879 -0.9798812866
v -17.3327217102 -9.0719203949 -1.3292489052
v -17.5730590820 -8.7391052246 -2.2528040409
v -18.5195541382 -8.4309062958 -2.3773176670
v -19.0684738159 -8.1603803635 -1.8321869373
v -18.7846298218 -9.8486099243 -0.6332170963
v -19.5543136597 -9.3735952377 -1.0841169357
v -19.6193122864 -9.3568477631 -1.9984681606
v -18.8483695984 -9.7269229889 -2.4947643280
v -18.0088043213 -10.2509155273 -2.1315472126
v -17.9774894714 -10.4566764832 -1.1913623810
v -21.9994850159 -10.8183097839 -0.2360016108
v -18.5055503845 -14.7870130539 -0.0853109360
v -17.2468414307 -11.1504058838 -0.6061556339
v -20.8522644043 -9.3004188538 -0.8561338186
v -22.9244995117 -12.5454587936 -0.0965814590
v -18.8829383850 -15.3806476593 -0.3161847591
v -19.6979370117 -16.4563865662 -0.8647972345
v -23.6084861755 -14.5590896606 -0.8760566711
v -24.2891311646 -15.9968070984 -0.7916917801
v -20.4475631714 -17.9671707153 -0.7717006207
v -23.2007713318 -12.3512792587 -1.0424888134
v -22.9113883972 -11.0591526031 -0.7257655859
v -20.9138488770 -9.6084241867 -2.7619929314
v -18.9013328552 -9.9824523926 -2.8166415691
v -20.7103691101 -13.7803783417 -2.7905702591
v -22.8513107300 -11.0871610641 -2.5417592525
v -18.7763900757 -14.6322345734 -2.7163476944
v -17.1326217651 -11.2246074677 -2.5567116737
v -24.8942794800 -11.5245494843 -2.0514075756
v -18.8882369995 -10.0720672607 -0.4686139822
v -20.6947631836 -13.6287708282 -0.5917068720
v -20.9713478088 -14.2619199753 -0.6646898985
v -21.6149711609 -15.4670972824 -0.7876620293
v -22.3465461731 -16.8819618225 -0.7753376961
v -22.8952636719 -12.5244827271 -2.4142196178
v -22.7780876160 -12.8623685837 -2.5381574631
v -24.4688682556 -12.4003448486 -2.2626075745
v -24.6894645691 -12.3576173782 -0.9916813374
v -24.8983497620 -11.4715604782 -0.8904931545
v -21.7616424561 -10.4579486847 -2.6668567657
v -23.1999092102 -13.3527069092 -0.4449428320
v -23.0054473877 -13.6491489410 -2.5584886074
v -17.7053527832 -13.0522003174 -0.1205552816
v -17.8401756287 -12.9640769958 -2.7093503475
v -19.9559745789 -12.2776241302 -3.0231165886
v -19.8905715942 -12.0472536087 -0.3507949114
v -24.2671470642 -16.3265991211 -1.9573535919
v -23.5034713745 -14.7334766388 -2.5597484112
v -22.4588584900 -17.1574859619 -2.2032189369
v -21.6643104553 -15.5545063019 -2.4170403481
v -21.0694885254 -14.4863185883 -2.6398730278
v -20.6769714355 -18.2324562073 -2.1261777878
v -19.6969985962 -16.4337463379 -2.5358746052
v -19.2146415710 -15.3475933075 -2.6656944752
v 0.0000047684 15.8492288589 -2.5053691864
v -1.0080448389 15.8513746262 -2.0602436066
v -0.9743254781 15.9625577927 -1.1205756664
v 0.0000047684 15.8707799911 -0.6442850828
v -1.3809524775 17.8428306580 -2.2614829540
v 0.0000047684 18.1876831055 -2.9016695023
v -1.0602719784 16.8682022095 -0.9732275009
v 0.0000047684 16.6143722534 -0.6321798563
v 0.0000047684 19.6177482605 -7.6796984673
v -4.7442574501 19.5422744751 -7.0425782204
v 0.0000047684 16.1143302917 0.1155897379
v -3.8678910732 16.0972213745 0.1245713234
v -4.0205378532 17.2017478943 2.4298276901
v 0.0000047684 16.1355552673 4.5852031708
v 0.0000047684 24.6950035095 -8.0642871857
v -5.4605250359 24.8025207520 -6.5019526482
v 0.0000047684 26.3963699341 -7.2535710335
v -5.3776879311 26.3036575317 -5.8971447945
v 0.0000047684 29.8210220337 -3.8738293648
v -2.6601636410 29.4534187317 -3.0790848732
v -5.5017485619 24.8809814453 2.3000457287
v -5.5374259949 24.3560523987 2.5457363129
v -5.3372635841 24.4135131836 6.5197858810
v -5.3823094368 24.9187927246 6.4561176300
v -3.0609059334 25.4713630676 8.8783264160
v -3.0546162128 24.9496612549 8.8696708679
v 0.0000047684 25.7947273254 9.8050498962
v 0.0000047684 25.2792282104 9.7182559967
v -2.4047200680 29.4258499146 1.6125150919
v -5.4473791122 23.7905540466 1.1829655170
v 0.0000047684 29.8359413147 2.2280089855
v 0.0000047684 28.4300956726 -5.8553504944
v -4.6471104622 28.2278060913 -4.4976892471
v -4.3658771515 29.0027465820 0.7970944643
v 0.0000047684 25.7868347168 3.9779968262
v -5.4251356125 24.2640724182 -6.5487217903
v -2.8750715256 25.3226242065 3.1119689941
v 0.0000047684 24.0862007141 -8.0170841217
v 0.0000047684 21.3749122620 4.5225763321
v 0.0000047684 25.1721382141 4.1440014839
v -1.2958379984 -10.9714136124 3.6381018162
v 0.0000047684 -10.9615221024 3.8565614223
v -7.3387207985 -11.2596378326 1.9953929186
v -2.1169981956 -16.5194778442 3.1698410511
v 0.0000047684 -16.0884323120 3.4937224388
v -2.2551226616 -19.7257766724 2.5652709007
v 0.0000047684 -18.8495368958 2.0030434132
v -6.8360657692 -17.3856658936 2.2891049385
v -7.8678374290 -10.8709058762 -0.4810599089
v -7.8442158699 -10.9723310471 -2.3563334942
v -7.9058876038 -11.0834589005 -3.6366963387
v -7.1263303757 -11.2113380432 -5.0200729370
v -3.5686819553 -11.2652139664 -7.0501389503
v 0.0000047684 -10.9159927368 -7.5102972984
v -6.5061745644 -20.4462432861 2.5891666412
v -2.5069742203 -23.5449447632 2.0786147118
v -12.4064798355 -29.2281990051 -1.4095461369
v -6.9652004242 -23.3708686829 2.6454730034
v -8.4091587067 -30.6175651550 2.8459525108
v -3.9260585308 -31.2391395569 1.2806278467
v -9.6149454117 -20.7076835632 0.7016177773
v -10.1100416183 -23.1891860962 0.8052241802
v -9.0832262039 -17.6904258728 0.3928517103
v -10.5847520828 -22.5717067719 -1.5343925953
v -10.0998935699 -20.3840179443 -1.6657168865
v -9.4820661545 -17.7944717407 -1.6433007717
v -9.6340656281 -22.9083976746 -4.0945553780
v -9.2548799515 -20.6091480255 -4.0259914398
v -8.7279682159 -17.7076168060 -3.7825388908
v -7.3805360794 -23.2483615875 -5.3151006699
v -7.1975536346 -20.8623962402 -5.1928882599
v -7.0960869789 -18.0135421753 -5.2618951797
v -3.3340220451 -18.0505008698 -6.3805632591
v 0.0000047684 -17.9614982605 -6.7096390724
v -2.9839837551 -21.0243453979 -5.5100631714
v 0.0000047684 -20.8308525085 -2.8875713348
v -3.0260922909 -23.2109775543 -5.3537654877
v 0.0000047684 -21.5809707642 -1.7742323875
v -2.1842315197 -32.2159996033 -1.5156767368
v -3.8657131195 -31.7606849670 -4.5657258034
v -8.1575031281 -30.6066894531 -5.6247477531
v -11.9807386398 -29.4570083618 -4.1865410805
v -11.6220140457 -29.4654426575 0.9991847277
v -10.8716850281 -43.4574623108 10.9725532532
v -12.8613262177 -43.3406181335 10.4532718658
v -12.8561553955 -44.9812240601 10.1766395569
v -10.8018617630 -45.0743026733 10.8793888092
v -13.6722736359 -43.6567230225 7.4422841072
v -13.3997974396 -45.3037300110 7.4776678085
v -11.9951782227 -43.9140090942 2.4070076942
v -11.4399166107 -45.6265640259 2.3786039352
v -11.1143112183 -43.6988563538 0.4158805609
v -10.8681697845 -45.4596099854 0.2809295058
v -10.6119585037 -43.6977653503 -2.0383064747
v -10.4551486969 -45.4871253967 -1.8774216175
v -9.4779348373 -43.8265914917 -4.1007871628
v -9.3035793304 -45.3371009827 -3.9272346497
v -8.1549854279 -43.7718658447 -4.7412014008
v -8.0233020782 -45.1470870972 -4.5358843803
v -6.5755257607 -43.9399414062 -4.0900654793
v -6.5805087090 -45.3017730713 -3.9631986618
v -13.0229234695 -43.8295860291 4.7814550400
v -12.7013864517 -45.5506172180 4.5025148392
v -8.7362737656 -43.6861763000 9.4684677124
v -8.8196954727 -45.3854789734 9.4452934265
v -7.5523581505 -43.9601898193 6.7865767479
v -7.5207514763 -45.4624290466 6.8663983345
v -7.2131409645 -44.0650634766 4.1721191406
v -7.0202708244 -45.5549087524 4.1861844063
v -6.9067354202 -44.1013069153 1.9831190109
v -6.8745265007 -45.5469360352 1.9746901989
v -6.0175075531 -43.9262733459 -0.7105475664
v -6.0489645004 -45.5729408264 -0.7505381107
v -5.6807646751 -43.9563331604 -3.1050252914
v -5.6816163063 -45.4923744202 -2.9313950539
v -11.5343341827 -45.5229530334 6.9994978905
v -9.8421325684 -45.6110992432 7.8342952728
v -10.1416444778 -45.6565551758 3.0529422760
v -8.7563791275 -45.6865959167 3.5959088802
v -9.5546531677 -45.6773567200 1.1249957085
v -7.9829859734 -45.6951637268 1.7518215179
v -7.8333554268 -45.6483306885 -1.3492147923
v -9.1757030487 -45.6098365784 -1.6399295330
v -9.4854660034 -42.0324478149 -3.9590373039
v -10.5323543549 -42.0279769897 -1.7966239452
v -9.2470836639 -40.1351318359 -3.4583411217
v -10.5125894547 -40.1407699585 -1.2424001694
v -10.3106422424 -39.7427673340 1.2297056913
v -11.0671272278 -41.2303466797 0.9267891645
v -9.0576572418 -40.5243339539 -2.4259560108
v -9.5111064911 -41.0459861755 -1.1001079082
v -8.2771215439 -40.1696090698 -3.8904643059
v -8.1867713928 -42.0571823120 -4.5924367905
v -7.1605701447 -40.1723976135 -3.6034660339
v -6.8290138245 -42.1115875244 -3.9291410446
v -8.2388610840 -40.5775527954 -2.6565036774
v -7.5691647530 -40.5394058228 -2.5961368084
v -9.0682888031 -41.0163993835 -0.2893075943
v -8.3137235641 -40.9183349609 0.1734253764
v -7.9885354042 -39.8795242310 1.7864940166
v -6.2758293152 -42.3468284607 -0.6023700237
v -6.8967027664 -40.4882469177 -0.1319890022
v -5.8180284500 -42.2115402222 -2.8437316418
v -6.4721755981 -40.2400665283 -2.6437151432
v -7.0907282829 -40.6092643738 -1.9085569382
v -7.2307929993 -40.7376785278 -0.7141606808
v -7.0713038445 -42.0107841492 1.6611618996
vn 0.5380796194 -0.0796055943 -0.8391265869
vn 0.4421618879 -0.6813361049 0.5833300352
vn 0.5569667220 0.0921346471 0.8254085183
vn -0.1022178978 0.0220561996 -0.9945174456
vn 0.5269565582 -0.0420592427 0.8488509059
vn -0.7217773795 0.1130144969 -0.6828359365
vn 0.4633242786 -0.1533796787 0.8728145361
vn 0.9877945781 -0.1555268317 -0.0085553350
vn -0.7190471292 0.1071388200 0.6866531372
vn 0.3326821327 0.0958011076 0.9381603599
vn 0.4030748308 0.2780231237 0.8719139099
vn 0.2093882263 0.0162417088 0.9776976705
vn -0.0113566956 0.0020156279 0.9999334216
vn 0.0463706218 0.8474494815 0.5288470387
vn 0.2698711157 0.9627568722 0.0163936280
vn 0.5991559029 0.7991396785 -0.0488693267
vn 0.2843714356 0.0760675669 0.9556916356
vn 0.2211642563 -0.0379248038 0.9744989276
vn 0.3388673365 0.6922617555 0.6371362805
vn 0.4591262639 0.6644514799 0.5896670818
vn 0.2763133347 0.0560724698 0.9594304562
vn 0.5836874843 0.5212814212 0.6225548983
vn 0.1226579770 -0.7169719338 0.6862260699
vn 0.2080740184 0.1025064290 0.9727269411
vn 0.9870405197 -0.1202383563 -0.1062717363
vn -0.5802578926 0.8124154210 0.0572881401
vn 0.7379740477 -0.0496414937 0.6730008721
vn 0.4093934298 0.7259587646 0.5526127219
vn 0.3123735189 0.9499374032 -0.0064477283
vn 0.0434438512 0.1810906678 0.9825063348
vn 0.3837647438 0.4744747579 -0.7922110558
vn 0.3521773219 0.6931636930 -0.6288841963
vn 0.5132390261 0.8469194174 -0.1389714777
vn -0.5437617898 0.7490423918 0.3784953356
vn -0.6482217312 0.2294964343 0.7260440588
vn -0.9794701338 0.1853246540 0.0793279335
vn 0.8438451886 0.0114591084 0.5364643931
vn 0.8457938433 0.0072052130 -0.5334611535
vn -0.7148431540 0.1417309493 -0.6847712398
vn -0.0984280407 0.0645246282 -0.9930501580
vn 0.4757376015 0.6546826363 -0.5874218941
vn 0.5157204866 0.8555881977 -0.0447344594
vn 0.7348527312 0.6769176126 -0.0421198830
vn 0.5563757420 0.5023365021 -0.6618942618
vn -0.2333353162 -0.0173936207 0.9722407460
vn 0.6112890840 0.3904553950 0.6883823872
vn 0.8264146447 0.5629856586 -0.0092749577
vn 0.5513188839 0.4393607676 -0.7092317939
vn 0.8366280198 -0.2696911097 0.4767810702
vn 0.9561150074 -0.1439304501 0.2552022040
vn 0.6229663491 -0.7103976607 -0.3274874985
vn 0.9373326302 0.1042187586 0.3324845135
vn 0.7143459916 -0.6484248638 0.2631634176
vn 0.2674069107 0.0920880139 -0.9591732621
vn 0.3525589705 0.1695660204 -0.9202986360
vn 0.7927245498 -0.1788117439 -0.5827642083
vn 0.5116152763 -0.0149480514 -0.8590847254
vn 0.2304696441 0.2264639288 -0.9463603497
vn 0.1760343313 0.2931942940 -0.9397068024
vn 0.5324978232 -0.0369721092 -0.8456234932
vn 0.5400452614 -0.1393212527 -0.8300244212
vn -0.1360923797 -0.0738222077 -0.9879419208
vn 0.2520730495 0.0553667918 -0.9661229849
vn 0.4806729853 -0.6444247961 -0.5947018266
vn 0.1667297781 -0.6896228790 -0.7047138214
vn -0.6843655705 0.0419690832 -0.7279302478
vn 0.6515345573 0.1036740243 -0.7515013814
vn 0.2433206141 0.0863092840 -0.9660983086
vn -0.9815879464 0.1408369988 -0.1290348470
vn -0.7234835029 0.0512113646 0.6884396672
vn 0.2607139647 0.0152045321 -0.9652963281
vn 0.6737588644 0.0234760325 -0.7385783195
vn 0.9306550622 -0.0454105213 -0.3630687892
vn 0.9874942899 0.0492804088 -0.1497551203
vn 0.9200538993 0.1299322844 -0.3696191907
vn 0.7653235197 -0.5779587626 -0.2832729518
vn 0.9892796874 0.1081313863 -0.0981492773
vn 0.7311773896 -0.6821632981 -0.0057142400
vn -0.9515546560 -0.3049234748 0.0395650938
vn -0.9328105450 -0.3576464951 0.0441961698
vn -0.2695869207 -0.0259572417 0.9626261592
vn -0.3472119570 0.0106159942 -0.9377265573
vn 0.5501078367 0.3812319636 0.7429963350
vn 0.8507754207 0.5232662559 0.0487191044
vn 0.5384613872 0.3763830662 -0.7539198399
vn -0.4062546492 -0.0906350017 -0.9092537761
vn 0.4804618657 0.3141372800 -0.8188248873
vn 0.8484986424 0.5290642977 0.0118719675
vn 0.7372258306 -0.3449847102 -0.5809333920
vn 0.9804234505 -0.1968239546 0.0055108662
vn 0.5102192163 0.3789702654 0.7720478773
vn 0.7710562348 -0.3574251533 0.5269910693
vn -0.3249638379 -0.0680189729 0.9432771206
vn 0.2613726854 -0.7617164254 0.5928510427
vn -0.9090672731 -0.4071868360 0.0882929191
vn -0.1397153139 -0.9890540242 0.0474537350
vn -0.4081403315 -0.1688004434 -0.8971777558
vn 0.1258319318 -0.7906738520 -0.5991671085
vn 0.6831158996 -0.7199637890 -0.1224934831
vn 0.7201125622 -0.6497609019 -0.2434103042
vn 0.8136862516 -0.5811575651 -0.0130593721
vn 0.6947225332 -0.6665790081 0.2702460587
vn 0.6221692562 -0.7279471159 -0.2880945504
vn 0.3769080043 -0.9260242581 0.0204817839
vn -0.1432663351 -0.0636559799 0.9876348376
vn 0.6472221613 0.3140421808 0.6946086287
vn -0.8751685619 -0.3872714937 0.2900010943
vn -0.5615295172 -0.2617409825 -0.7849690318
vn 0.2708882689 0.1298402399 -0.9538139701
vn 0.8686888218 0.4198282063 -0.2629145682
vn -0.2735339403 0.4526481628 0.8486983180
vn 0.3221920729 0.7744013071 0.5445133448
vn 0.3405910432 0.8492655754 -0.4034176767
vn -0.1577413976 0.5383362174 -0.8278356791
vn -0.7989406586 0.3611131012 -0.4809273481
vn -0.8512609601 0.4152856469 0.3207687140
vn 0.4052252173 0.4835125506 0.7758917809
vn -0.5251304507 -0.4205589890 0.7398432493
vn -0.7855007648 0.2447153628 0.5684214830
vn 0.3300555348 0.8142693043 0.4775236547
vn 0.5397513509 -0.0172210652 0.8416482806
vn -0.5139895678 -0.5171418190 0.6843821406
vn -0.6206730008 -0.4332071841 0.6535263062
vn 0.7418369651 0.2503722608 0.6220865250
vn 0.7786446810 -0.1845713407 0.5997048616
vn -0.2953611910 -0.7202184796 0.6277316809
vn 0.5967260003 -0.6178927422 0.5119829774
vn 0.5243679285 0.7093589902 0.4710074365
vn 0.3360991478 0.6765424013 -0.6552311182
vn -0.2474851012 0.4943773150 -0.8332719803
vn 0.0647782534 -0.0703975037 -0.9954135418
vn 0.3461764455 0.6032662392 -0.7184926867
vn -0.5744415522 -0.3862766325 -0.7216697931
vn -0.8240022063 0.1876066625 -0.5346252918
vn 0.7786639333 0.3913774490 -0.4904142916
vn -0.2327127457 0.5011431575 0.8334867954
vn 0.0705086067 -0.1190078706 0.9903866053
vn 0.1133642569 -0.1951323897 0.9742032290
vn 0.0496384315 -0.0836524963 0.9952579141
vn 0.2762152255 -0.5309542418 0.8011197448
vn 0.4651903808 -0.4751800299 -0.7468613386
vn 0.6052570343 -0.0435078554 -0.7948403358
vn 0.4717202783 -0.6516532302 -0.5939933658
vn 0.5138598680 -0.6808682680 0.5218874812
vn 0.7227069736 0.3697561622 0.5839307308
vn 0.4936095774 0.5140760541 -0.7014809251
vn 0.7473143339 0.0808637738 0.6595319510
vn 0.6359558702 0.1815306842 -0.7500712276
vn -0.6506882310 -0.2401280999 0.7203772664
vn -0.6809209585 -0.2751689851 -0.6786962748
vn 0.0108331339 -0.0134941265 -0.9998502135
vn -0.0029822844 0.0623776913 0.9980482459
vn 0.8042657375 -0.4173128307 -0.4230917394
vn 0.6243196726 0.1495707780 -0.7667160630
vn 0.3822360039 -0.7184707522 -0.5811155438
vn 0.0770722926 -0.1340912879 -0.9879672527
vn 0.0660803244 -0.0925536007 -0.9935125709
vn -0.1525052041 -0.8800588250 -0.4497094452
vn -0.5434135199 -0.4246387184 -0.7241435051
vn -0.5130585432 -0.4122938216 -0.7528511286
vn 0.9509472847 -0.2975258827 -0.0847203583
vn 0.8493629694 -0.0851420239 -0.5208965540
vn 0.8266056180 -0.0679585859 0.5586634278
vn 0.5943163633 -0.1359637678 0.7926549315
vn 0.1894107759 -0.7853527665 -0.5893594027
vn -0.1447580457 -0.0298570096 0.9890165329
vn 0.4904710054 -0.8549057245 -0.1690392941
vn 0.0071774437 -0.9989041090 -0.0462507717
vn 0.0301210489 -0.9711469412 0.2365719378
vn 0.6001470685 -0.5060991049 -0.6194248199
vn -0.3011354804 -0.8410471678 0.4493962228
vn 0.5467147231 -0.8271580338 -0.1300484985
vn 0.7041533589 -0.5212456584 0.4821524322
vn -0.5847467780 -0.7804085016 0.2214359492
vn -0.5852782726 -0.8097640872 -0.0416126475
vn 0.7759191394 0.1189846024 -0.6195096970
vn -0.5301932693 -0.8059750795 -0.2632476091
vn 0.7550629973 0.4010966420 -0.5186533332
vn -0.3023235798 -0.9196322560 -0.2507529557
vn 0.2563630342 0.9440947771 -0.2072754204
vn 0.9006544352 0.3856263757 0.2002842575
vn 0.9232546687 -0.2633123398 0.2797631919
vn 0.6433949471 -0.6838501096 0.3440811634
vn 0.7814428806 0.5638701320 0.2672030628
vn 0.4623570442 0.6185914874 0.6352720857
vn 0.3179108500 -0.6693210602 0.6715221405
vn -0.0281044692 -0.9710685611 -0.2371411175
vn -0.8486994505 0.4866869152 -0.2069905847
vn 0.3379752338 0.7867654562 0.5165006518
vn 0.9879984856 -0.1543008834 0.0071011535
vn -0.7840141058 0.6009696126 -0.1554266214
vn -0.7314612269 0.6796659827 0.0549412519
vn 0.6364325285 0.6777405739 -0.3682678640
vn 0.6664147377 0.6710734367 0.3248873651
vn 0.8585090637 0.4550953507 0.2363271415
vn 0.7883517146 -0.0931242108 -0.6081359982
vn 0.2997673750 0.8114850521 0.5016287565
vn 0.7130317092 0.6346132159 0.2980801463
vn 0.5385683179 0.7187753320 0.4396660328
vn 0.1576095074 0.8942573667 0.4188829958
vn 0.0988182276 -0.8269917369 0.5534616113
vn -0.2835214436 0.9081265330 0.3080934584
vn 0.3012596965 -0.8892597556 0.3441797793
vn 0.0737058073 -0.1252397746 0.9893849492
vn 0.2135543674 0.9259597063 0.3114375174
vn -0.2764526904 -0.2360389233 0.9315897822
vn -0.1801375300 0.9615378380 0.2073537111
vn 0.4654227197 0.0366107821 0.8843309283
vn 0.6197209954 -0.7667458653 0.1674711704
vn 0.7267271876 -0.6865406036 -0.0230126698
vn 0.5808671713 -0.7737572789 -0.2527705729
vn 0.3763673306 -0.7951939106 -0.4754095972
vn 0.1348225772 -0.8223270774 -0.5528120399
vn 0.2729863822 0.9100853205 0.3118063807
vn 0.2619752586 0.0162591375 0.9649375677
vn -0.5335238576 -0.1884618700 0.8245205879
vn 0.8602313995 -0.5099037290 -0.0003794475
vn 0.1771685779 0.0228188820 0.9839159846
vn 0.2656241655 -0.6924975514 0.6707391739
vn -0.2514044344 -0.7956076264 0.5511845350
vn 0.8010495305 0.1702030003 0.5738906264
vn 0.7677628398 0.1903739721 0.6117991209
vn 0.8821310997 0.1629344821 0.4419243038
vn 0.9708427191 0.2384930551 -0.0241955724
vn 0.9756098390 0.2074564248 -0.0717443675
vn 0.9769489765 0.2053220719 -0.0584248640
vn 0.7194570899 0.1795351207 -0.6709311008
vn 0.7604891658 0.1470275521 -0.6324865222
vn 0.8443641663 0.1377252936 -0.5177652836
vn 0.1951255649 0.0395304263 -0.9799813032
vn 0.3238999546 0.0026013579 -0.9460877776
vn 0.4852843285 -0.0143573396 -0.8742384911
vn 0.1049815565 -0.2341322303 -0.9665200114
vn -0.2634639442 0.9454922676 0.1913924813
vn -0.2376496345 -0.3021696806 -0.9231556058
vn 0.3582298458 0.8461956978 0.3944923580
vn -0.4621647894 -0.1305739433 -0.8771284223
vn -0.3882062733 0.8903873563 0.2377101779
vn -0.5068632364 -0.8618327975 -0.0182722285
vn -0.1534305960 -0.8112026453 -0.5642777085
vn 0.2752179801 -0.7248314023 -0.6315650940
vn 0.7184283137 -0.4920395613 -0.4916887283
vn 0.7319497466 -0.5260658860 0.4330177009
vn -0.1379243731 0.4265346825 0.8938931823
vn 0.6066785455 0.4133111537 0.6790544987
vn 0.6006438136 -0.5940034389 0.5351513624
vn -0.1103648767 -0.5999758244 0.7923690081
vn 0.9830927253 0.1784284562 0.0411315672
vn 0.7293654084 -0.6817153096 0.0573603585
vn 0.9167319536 -0.0438071452 -0.3970937729
vn 0.5626698136 -0.7905790210 -0.2416349798
vn 0.9588123560 -0.0316144861 -0.2822754979
vn 0.6624780893 -0.7240221500 -0.1921324581
vn 0.9373824596 -0.0264666285 -0.3472948074
vn 0.6650116444 -0.6979067326 -0.2658678591
vn 0.6846859455 -0.0441346131 -0.7275007367
vn 0.4694551826 -0.6822109818 -0.5605356097
vn 0.0281761400 -0.0153972730 -0.9994844198
vn 0.0137498537 -0.6121165156 -0.7906481028
vn -0.5792976618 0.0237014163 -0.8147714138
vn -0.4085157514 -0.6516699195 -0.6390940547
vn 0.9484702945 -0.0110757025 -0.3166724145
vn 0.6474599838 -0.7319054008 -0.2123913318
vn -0.7211647034 0.3193662763 0.6147575378
vn -0.5627412796 -0.6399052143 0.5233004689
vn -0.9422548413 0.1675669849 0.2899604142
vn -0.7295070291 -0.6355803013 0.2526998222
vn -0.9828819036 0.1141338423 0.1446256191
vn -0.7603952289 -0.6395687461 0.1129198968
vn -0.9745042324 0.0742748380 0.2117186785
vn -0.7111927867 -0.6876097918 0.1462788582
vn -0.9706289172 0.0551627986 0.2341721207
vn -0.7143748403 -0.6865509152 0.1353385299
vn -0.9489966035 0.0488113686 -0.3114850521
vn -0.7372491360 -0.6369341016 -0.2253411561
vn 0.0737532675 -0.9945430160 0.0737880021
vn 0.0162755288 -0.9959209561 0.0887494460
vn 0.0369654112 -0.9993131161 -0.0026140392
vn -0.0231972877 -0.9995599389 0.0184911638
vn 0.0477418154 -0.9985097051 -0.0264401715
vn -0.0396414548 -0.9992029071 0.0047007198
vn -0.0080585890 -0.9976565838 -0.0679451898
vn 0.0360713899 -0.9961427450 -0.0799899474
vn 0.6829222441 0.1624935567 -0.7121888399
vn 0.9347354770 0.1341937482 -0.3290313184
vn 0.4002154171 0.8427808285 -0.3599279225
vn 0.4511318505 0.8669319153 -0.2119174749
vn 0.4246190488 0.9023170471 -0.0743132979
vn 0.9450172186 0.2984115779 -0.1337644756
vn 0.1651750505 0.9785862565 -0.1228258386
vn 0.0711292326 0.9781895280 0.1951559037
vn 0.0145463971 0.8344818950 -0.5508434176
vn 0.0176101550 0.1999502778 -0.9796477556
vn -0.3562631011 0.8218232989 -0.4446154237
vn -0.5778909326 0.2090952247 -0.7888733745
vn 0.0350189246 0.8930702806 -0.4485520720
vn -0.1834591776 0.9127981663 -0.3648866415
vn 0.0624969415 0.9797962308 0.1899831146
vn 0.0860972703 0.9946197867 0.0576089770
vn -0.4903060496 0.8598294258 0.1424544156
vn -0.9481980801 0.1942883581 0.2513409257
vn -0.5050972700 0.8621788025 0.0390453152
vn -0.9472063780 0.2169956267 -0.2360360026
vn -0.5509907007 0.8315850496 -0.0698245093
vn -0.3482740521 0.9334886074 -0.0854644552
vn -0.1084650606 0.9292841554 0.3530808985
vn -0.9067647457 0.2754561305 0.3192203939
vn 0.3882060945 0.8903875351 0.2377099693
vn -0.3582296669 0.8461959362 0.3944921792
vn 0.2634640932 0.9454922080 0.1913927346
vn -0.2729860246 0.9100852609 0.3118066788
vn 0.1801376641 0.9615373611 0.2073554546
vn -0.2135541141 0.9259585738 0.3114405870
vn 0.2835220397 0.9081267715 0.3080926239
vn -0.1576099843 0.8942577243 0.4188820422
vn -0.5385678411 0.7187755704 0.4396662116
vn -0.7130311131 0.6346129179 0.2980824411
vn -0.8585089445 0.4550955892 0.2363266349
vn 0.7314619422 0.6796651483 0.0549433902
vn 0.7840144038 0.6009694338 -0.1554254889
vn 0.8486997485 0.4866868556 -0.2069892287
vn 0.0281063449 -0.9710680246 -0.2371435016
vn 0.3023255169 -0.9196319580 -0.2507514954
vn 0.5301944017 -0.8059743047 -0.2632474303
vn 0.5852779150 -0.8097641468 -0.0416142382
vn 0.5847475529 -0.7804081440 0.2214349359
vn 0.3011375964 -0.8410472870 0.4493947029
vn -0.0301201269 -0.9711464047 0.2365742475
vn -0.0071751717 -0.9989041090 -0.0462504961
vn 0.1447593719 -0.0298566688 0.9890163541
vn -0.5943154097 -0.1359635741 0.7926557064
vn -0.9509474635 -0.2975256443 -0.0847199038
vn 0.7234843969 0.0512107611 0.6884385943
vn 0.9815879464 0.1408369690 -0.1290353835
vn 0.6843661666 0.0419700630 -0.7279296517
vn 0.1360943168 -0.0738218054 -0.9879416823
vn -0.5400441885 -0.1393209100 -0.8300253153
vn -0.5324952006 -0.0369717106 -0.8456252217
vn 0.0984276459 0.0645247176 -0.9930501580
vn 0.7148417234 0.1417306066 -0.6847726703
vn 0.9794703722 0.1853244156 0.0793260485
vn 0.6482194066 0.2294954658 0.7260463834
vn -0.0434440151 0.1810907125 0.9825063348
vn -0.7379753590 -0.0496414974 0.6729994416
vn -0.9870401025 -0.1202383712 -0.1062757224
vn 0.0113566834 0.0020156354 0.9999334812
vn 0.7190497518 0.1071391702 0.6866503954
vn -0.9877945781 -0.1555268914 -0.0085553126
vn 0.7217776179 0.1130149812 -0.6828356981
vn 0.1022185311 0.0220563393 -0.9945173860
vn -0.5380795002 -0.0796056986 -0.8391266465
vn -0.0000000047 -0.7661236525 0.6426931620
vn -0.4421616793 -0.6813362241 0.5833300948
vn -0.5569666028 0.0921346173 0.8254085779
vn -0.0000000024 0.1226168126 0.9924540520
vn -0.5269565582 -0.0420592651 0.8488509059
vn 0.0000000000 0.0489064455 0.9988033175
vn -0.4633243978 -0.1533796787 0.8728145361
vn 0.0000000071 -0.0129298773 0.9999163151
vn 0.0000000148 0.0625692606 0.9980406761
vn -0.3326821625 0.0958011523 0.9381603003
vn -0.4030747116 0.2780230045 0.8719140291
vn -0.2093882114 0.0162417255 0.9776976705
vn 0.0000000000 0.5312160254 0.8472364545
vn -0.0463706329 0.8474495411 0.5288470387
vn -0.2698710859 0.9627568722 0.0163934845
vn -0.5991557240 0.7991396785 -0.0488691069
vn -0.2843714356 0.0760675967 0.9556916356
vn -0.2211642712 -0.0379247889 0.9744989276
vn -0.3388672769 0.6922618151 0.6371362805
vn -0.4591253102 0.6644499898 0.5896694064
vn -0.2763133943 0.0560725369 0.9594304562
vn -0.5836859941 0.5212798715 0.6225575805
vn -0.1226578876 -0.7169715166 0.6862264872
vn -0.2080740631 0.1025064588 0.9727269411
vn -0.0000000590 0.9887877107 -0.1493284404
vn 0.5802578330 0.8124154806 0.0572879799
vn 0.0000000000 0.6096609831 0.7926622629
vn -0.4093933702 0.7259588242 0.5526127815
vn -0.3123734891 0.9499374032 -0.0064475574
vn 0.0000000486 0.8897918463 -0.4563667178
vn -0.3837647736 0.4744748175 -0.7922110558
vn -0.3521773219 0.6931637526 -0.6288840771
vn -0.5132389665 0.8469194174 -0.1389714181
vn 0.5437617898 0.7490423918 0.3784952164
vn 0.0000000386 0.8586139083 -0.5126227140
vn 0.0000000511 0.7421775460 0.6702032089
vn -0.8438446522 0.0114590144 0.5364651084
vn -0.8457944989 0.0072051450 -0.5334602594
vn -0.0000001882 0.0121937413 -0.9999256134
vn -0.0000001385 0.0174779482 0.9998472929
vn -0.4757370949 0.6546820402 -0.5874230266
vn -0.5157206655 0.8555881977 -0.0447332002
vn -0.7348530293 0.6769174337 -0.0421182923
vn -0.5563749671 0.5023360252 -0.6618953347
vn 0.2333353460 -0.0173937362 0.9722407460
vn -0.6112888455 0.3904554248 0.6883825660
vn -0.8264145255 0.5629857183 -0.0092747938
vn -0.5513187051 0.4393607378 -0.7092319131
vn -0.8366281986 -0.2696910203 0.4767809808
vn -0.9561150074 -0.1439304501 0.2552021146
vn -0.6229661703 -0.7103976607 -0.3274878263
vn -0.9373326302 0.1042187884 0.3324844837
vn -0.7143458128 -0.6484248638 0.2631638944
vn -0.2674068213 0.0920880511 -0.9591732025
vn -0.3525589705 0.1695661545 -0.9202986360
vn -0.7927244902 -0.1788118780 -0.5827642083
vn -0.5116152763 -0.0149481930 -0.8590846658
vn -0.2304696441 0.2264638841 -0.9463603497
vn -0.1760343164 0.2931942940 -0.9397068024
vn -0.0000000072 0.2515575886 -0.9678423405
vn 0.0000000024 0.2387329638 -0.9710853100
vn 0.0000000145 0.0751326531 -0.9971734881
vn -0.2520730793 0.0553667136 -0.9661229849
vn -0.4806729257 -0.6444247961 -0.5947017670
vn -0.1667297632 -0.6896229386 -0.7047137618
vn 0.0000000173 -0.7262314558 -0.6874502301
vn -0.6515346169 0.1036740169 -0.7515013814
vn -0.2433206141 0.0863092840 -0.9660981894
vn 0.0000000000 0.0800145715 -0.9967937469
vn 0.0000000119 0.0037682212 -0.9999929070
vn -0.2607139647 0.0152044510 -0.9652963281
vn -0.6737588644 0.0234760400 -0.7385783195
vn -0.9306551218 -0.0454104431 -0.3630688190
vn -0.9874942899 0.0492804646 -0.1497552842
vn -0.9200538993 0.1299322695 -0.3696192801
vn -0.7653233409 -0.5779587030 -0.2832737267
vn -0.9892796874 0.1081314161 -0.0981494263
vn -0.7311774492 -0.6821634769 -0.0057144463
vn 0.9515547752 -0.3049234450 0.0395651460
vn 0.9328106046 -0.3576464355 0.0441962071
vn 0.2695868611 -0.0259573646 0.9626261592
vn 0.3472120166 0.0106159607 -0.9377265573
vn -0.5501082540 0.3812316358 0.7429962754
vn -0.8507757783 0.5232657790 0.0487188809
vn -0.5384613276 0.3763826787 -0.7539200783
vn 0.4062546790 -0.0906349644 -0.9092537165
vn -0.4804617465 0.3141370416 -0.8188250065
vn -0.8484989405 0.5290638208 0.0118716238
vn -0.7372255325 -0.3449847698 -0.5809336901
vn -0.9804234505 -0.1968237460 0.0055105030
vn -0.5102192163 0.3789698184 0.7720480561
vn -0.7710561752 -0.3574251831 0.5269910693
vn 0.3249638677 -0.0680190921 0.9432771802
vn -0.2613721192 -0.7617167234 0.5928509831
vn 0.9090673327 -0.4071867168 0.0882929191
vn 0.1397156566 -0.9890539646 0.0474532582
vn 0.4081403911 -0.1688003987 -0.8971776962
vn -0.1258315295 -0.7906739116 -0.5991671085
vn -0.6831166744 -0.7199633121 -0.1224933639
vn -0.7201135159 -0.6497603059 -0.2434091717
vn -0.8136862516 -0.5811575055 -0.0130603593
vn -0.6947227716 -0.6665784121 0.2702471912
vn -0.6221681237 -0.7279474139 -0.2880961597
vn -0.3769111037 -0.9260230064 0.0204800852
vn 0.1432684213 -0.0636567920 0.9876345396
vn -0.6472209692 0.3140421808 0.6946096420
vn 0.8751688004 -0.3872703314 0.2900020480
vn 0.5615293980 -0.2617411315 -0.7849690318
vn -0.2708882391 0.1298407316 -0.9538139701
vn -0.8686879873 0.4198295474 -0.2629148364
vn 0.2735338509 0.4526473284 0.8486987352
vn -0.3221899569 0.7744037509 0.5445111990
vn -0.3405895829 0.8492650986 -0.4034197927
vn 0.1577396244 0.5383337140 -0.8278375864
vn 0.7989396453 0.3611125946 -0.4809294939
vn 0.8512602448 0.4152838588 0.3207729757
vn -0.4052243233 0.4835114181 0.7758929729
vn 0.5251298547 -0.4205569625 0.7398447990
vn 0.7855001092 0.2447142005 0.5684227347
vn -0.3300553560 0.8142693043 0.4775237143
vn -0.5397469401 -0.0172220077 0.8416511416
vn 0.5139898062 -0.5171403289 0.6843831539
vn 0.6206731200 -0.4332085252 0.6535252333
vn -0.7418351173 0.2503713667 0.6220891476
vn -0.7786478996 -0.1845725030 0.5997003913
vn 0.2953620851 -0.7202167511 0.6277332306
vn -0.5967240334 -0.6178898811 0.5119887590
vn -0.5243668556 0.7093578577 0.4710104465
vn -0.3360985816 0.6765421629 -0.6552315950
vn 0.2474841475 0.4943748713 -0.8332737088
vn -0.0647779331 -0.0703981444 -0.9954134226
vn -0.3461755216 0.6032661200 -0.7184931636
vn 0.5744433403 -0.3862771094 -0.7216680646
vn 0.8240011334 0.1876060665 -0.5346271396
vn -0.7786741257 0.3913796246 -0.4903963804
vn 0.2327105105 0.5011422634 0.8334879875
vn -0.0705080405 -0.1190085113 0.9903866649
vn -0.1133643463 -0.1951329112 0.9742031097
vn -0.0496386215 -0.0836528763 0.9952579141
vn -0.2762153149 -0.5309545994 0.8011195064
vn -0.4651930332 -0.4751797915 -0.7468598485
vn -0.6052616835 -0.0435067452 -0.7948367000
vn -0.4717222452 -0.6516581774 -0.5939862132
vn -0.5138540864 -0.6808634996 0.5218994617
vn -0.7226998806 0.3697476685 0.5839448571
vn -0.4936097562 0.5140769482 -0.7014800906
vn -0.7473115325 0.0808634609 0.6595352292
vn -0.6359590292 0.1815309972 -0.7500685453
vn 0.6506878734 -0.2401283979 0.7203774452
vn 0.6809212565 -0.2751695514 -0.6786958575
vn -0.0108329598 -0.0134939170 -0.9998503327
vn 0.0029821452 0.0623776950 0.9980482459
vn -0.8042634130 -0.4173123240 -0.4230965078
vn -0.6243209839 0.1495706886 -0.7667149305
vn -0.3822359741 -0.7184708714 -0.5811154842
vn -0.0770722404 -0.1340910494 -0.9879673123
vn -0.0660799742 -0.0925539061 -0.9935125709
vn 0.1525052190 -0.8800598979 -0.4497072995
vn 0.5434120297 -0.4246376157 -0.7241451740
vn 0.5130596161 -0.4122936726 -0.7528504133
vn -0.0000001723 -0.0787460878 -0.9968946576
vn -0.8493635654 -0.0851421878 -0.5208957195
vn -0.8266052604 -0.0679586381 0.5586638451
vn -0.0000001139 -0.0320591033 0.9994860291
vn -0.1894106418 -0.7853527665 -0.5893594027
vn 0.0000000813 -0.7665724158 -0.6421579123
vn -0.4904710054 -0.8549056053 -0.1690399498
vn 0.0000000967 -0.9592965841 0.2824008167
vn 0.0000000368 -0.5614073873 -0.8275396228
vn -0.6001471281 -0.5060990453 -0.6194248199
vn -0.0000000051 -0.9746135473 -0.2238934338
vn -0.5467147827 -0.8271579742 -0.1300485283
vn -0.7041534185 -0.5212456584 0.4821523726
vn -0.0000000499 -0.6344640255 0.7729523182
vn 0.0000001155 0.1963948011 -0.9805249572
vn -0.7759190202 0.1189846098 -0.6195097566
vn -0.0000000149 0.5041829944 -0.8635969162
vn -0.7550626397 0.4010963738 -0.5186541080
vn -0.0000000419 0.9508479238 -0.3096584082
vn -0.2563633323 0.9440948367 -0.2072749883
vn -0.9006544352 0.3856264055 0.2002840191
vn -0.9232544899 -0.2633121908 0.2797640562
vn -0.6433931589 -0.6838501692 0.3440845013
vn -0.7814415693 0.5638704896 0.2672063410
vn -0.4623557329 0.6185911298 0.6352732182
vn -0.3179092705 -0.6693207622 0.6715231538
vn -0.0000004733 0.6464788914 0.7629318237
vn -0.0000004446 -0.6463430524 0.7630468607
vn -0.3379753232 0.7867653370 0.5165006518
vn -0.9879983664 -0.1543010324 0.0071018082
vn -0.0000000130 0.8124814630 0.5829868913
vn 0.0000000203 0.7271272540 -0.6865026951
vn -0.6364326477 0.6777404547 -0.3682679236
vn -0.6664149165 0.6710732579 0.3248875439
vn -0.0000000213 0.8706786036 0.4918524921
vn -0.7883518338 -0.0931242928 -0.6081358790
vn -0.2997674346 0.8114849925 0.5016289353
vn 0.0000001611 -0.0035595212 -0.9999936819
vn -0.0000000415 -0.0035849328 0.9999936223
vn -0.0000000017 -0.7615606785 0.6480935812
vn -0.0988181457 -0.8269914389 0.5534620285
vn 0.0000000000 -0.8690218329 0.4947737455
vn -0.3012595177 -0.8892596960 0.3441798687
vn -0.0737057850 -0.1252398044 0.9893849492
vn 0.0000000049 -0.1822646856 0.9832495451
vn 0.2764527202 -0.2360389680 0.9315897822
vn 0.0000000215 -0.4275877178 0.9039738178
vn -0.4654227495 0.0366107896 0.8843309283
vn -0.6197209358 -0.7667459846 0.1674714386
vn -0.7267271280 -0.6865406632 -0.0230127852
vn -0.5808671713 -0.7737571597 -0.2527709901
vn -0.3763674200 -0.7951939106 -0.4754093289
vn -0.1348224878 -0.8223270178 -0.5528119802
vn 0.0000000146 -0.8593391776 -0.5114060044
vn -0.2619753778 0.0162591990 0.9649375677
vn 0.5335240364 -0.1884619296 0.8245206475
vn -0.8602313995 -0.5099036098 -0.0003790456
vn -0.1771686375 0.0228189286 0.9839159846
vn -0.2656241953 -0.6924973130 0.6707393527
vn 0.2514040172 -0.7956073880 0.5511850119
vn -0.8010497689 0.1702031195 0.5738903284
vn -0.7677629590 0.1903741062 0.6117987633
vn -0.8821313381 0.1629345566 0.4419239163
vn -0.9708427191 0.2384930253 -0.0241955798
vn -0.9756097794 0.2074564695 -0.0717443302
vn -0.9769489765 0.2053221464 -0.0584254488
vn -0.7194572687 0.1795351356 -0.6709310412
vn -0.7604891658 0.1470276266 -0.6324865222
vn -0.8443640471 0.1377253085 -0.5177654624
vn -0.1951255500 0.0395304598 -0.9799813032
vn -0.3238997161 0.0026013139 -0.9460878968
vn -0.4852842987 -0.0143573899 -0.8742386103
vn -0.1049815714 -0.2341323793 -0.9665200114
vn 0.0000000206 -0.3586286604 -0.9334803820
vn 0.2376494855 -0.3021696210 -0.9231556058
vn -0.0000001470 -0.4968911707 -0.8678128123
vn 0.4621646702 -0.1305738389 -0.8771284223
vn -0.0000001036 -0.9896969795 -0.1431781650
vn 0.5068631172 -0.8618328571 -0.0182722900
vn 0.1534304321 -0.8112025261 -0.5642780066
vn -0.2752180696 -0.7248311639 -0.6315653920
vn -0.7184286118 -0.4920395911 -0.4916883111
vn -0.7319499254 -0.5260657668 0.4330173731
vn 0.1379247606 0.4265335500 0.8938936591
vn -0.6066783071 0.4133111537 0.6790547371
vn -0.6006454825 -0.5940049887 0.5351477265
vn 0.1103662029 -0.5999753475 0.7923692465
vn -0.9830928445 0.1784281731 0.0411320254
vn -0.7293655872 -0.6817158461 0.0573524162
vn -0.9167322516 -0.0438071191 -0.3970930576
vn -0.5626707673 -0.7905793190 -0.2416318506
vn -0.9588122368 -0.0316145420 -0.2822757959
vn -0.6624790430 -0.7240223289 -0.1921279728
vn -0.9373825788 -0.0264666546 -0.3472944796
vn -0.6650120616 -0.6979070902 -0.2658660114
vn -0.6846840978 -0.0441338457 -0.7275025249
vn -0.4694530666 -0.6822091341 -0.5605395436
vn -0.0281754285 -0.0153976372 -0.9994844794
vn -0.0137479072 -0.6121155024 -0.7906488180
vn 0.5792999268 0.0237006191 -0.8147698045
vn 0.4085177779 -0.6516693830 -0.6390933394
vn -0.9484720230 -0.0110757500 -0.3166671991
vn -0.6474614143 -0.7319058180 -0.2123856992
vn 0.7211641073 0.3193652630 0.6147586703
vn 0.5627414584 -0.6399046779 0.5233010650
vn 0.9422540665 0.1675668210 0.2899630666
vn 0.7295059562 -0.6355796456 0.2527045310
vn 0.9828817248 0.1141337901 0.1446272433
vn 0.7603949904 -0.6395685673 0.1129216924
vn 0.9745046496 0.0742749199 0.2117165625
vn 0.7111931443 -0.6876100898 0.1462762058
vn 0.9706295133 0.0551629514 0.2341696173
vn 0.7143752575 -0.6865510345 0.1353353411
vn 0.9489970207 0.0488117039 -0.3114835918
vn 0.7372500300 -0.6369326711 -0.2253424972
vn -0.0737532824 -0.9945434332 0.0737823173
vn -0.0162755214 -0.9959209561 0.0887497291
vn -0.0369654037 -0.9993131161 -0.0026138760
vn 0.0231972933 -0.9995599389 0.0184904765
vn -0.0477417558 -0.9985097647 -0.0264376793
vn 0.0396413729 -0.9992029071 0.0046999590
vn 0.0080588749 -0.9976564050 -0.0679458678
vn -0.0360714830 -0.9961429834 -0.0799882114
vn -0.6829217076 0.1624931693 -0.7121896148
vn -0.9347357750 0.1341937184 -0.3290306032
vn -0.4002169073 0.8427817822 -0.3599241376
vn -0.4511308074 0.8669317961 -0.2119203955
vn -0.4246187210 0.9023171067 -0.0743152723
vn -0.9450168014 0.2984113693 -0.1337683052
vn -0.1651766300 0.9785863161 -0.1228226125
vn -0.0711327791 0.9781900644 0.1951518655
vn -0.0145450961 0.8344831467 -0.5508413911
vn -0.0176097155 0.1999500990 -0.9796478748
vn 0.3562615514 0.8218223453 -0.4446185827
vn 0.5778908134 0.2090951651 -0.7888734937
vn -0.0350210778 0.8930723667 -0.4485480189
vn 0.1834602356 0.9127967954 -0.3648895621
vn -0.0625000224 0.9797964096 0.1899808198
vn -0.0860972777 0.9946199656 0.0576061383
vn 0.4903063476 0.8598295450 0.1424523890
vn 0.9481982589 0.1942883879 0.2513405383
vn 0.5050979853 0.8621785045 0.0390410051
vn 0.9472065568 0.2169955522 -0.2360354513
vn 0.5509883165 0.8315859437 -0.0698330030
vn 0.3482748568 0.9334874153 -0.0854735598
vn 0.1084642932 0.9292873144 0.3530729115
vn 0.9067652225 0.2754561007 0.3192193210
vt 0.1135702282 0.3022445142
vt 0.0519491732 0.3157596290
vt 0.1063338667 0.2538995445
vt 0.1135702282 0.3022445142
vt 0.0519806296 0.2619252503
vt 0.1063338667 0.2538995445
vt 0.0374771357 0.3205790818
vt 0.9729961157 0.2665860951
vt 0.1008884683 0.1972777992
vt 0.1063338667 0.2538995445
vt 0.0544578210 0.2040538192
vt 0.1008884683 0.1972777992
vt 0.0270038843 0.2665860951
vt 0.9807860851 0.2096684426
vt 0.1127759740 0.1375590712
vt 0.1008884683 0.1972777992
vt 0.0602121726 0.1417164654
vt 0.1127759740 0.1375590712
vt 0.0192139111 0.2096684426
vt 0.9906492233 0.1500568390
vt 0.1233573258 0.1013213620
vt 0.1127759740 0.1375590712
vt 0.0705671832 0.0946443826
vt 0.1233573258 0.1013213620
vt 0.0093507795 0.1500568390
vt 0.9995117188 0.0911924094
vt 0.0705671832 0.0946443826
vt 0.0004882812 0.0911924094
vt 0.0602121726 0.1417164654
vt 0.0093507795 0.1500568390
vt 0.0004882812 0.0911924094
vt 0.4030068219 0.7827148438
vt 0.3904612362 0.7720560431
vt 0.4030068219 0.7827148438
vt 0.4367864430 0.7520445585
vt 0.3904612362 0.7720560431
vt 0.4477539062 0.7559090853
vt 0.5632135868 0.7520445585
vt 0.3437159657 0.7827148438
vt 0.0394420959 0.0535442308
vt 0.3473005295 0.7626819015
vt 0.3437159657 0.7827148438
vt 0.3904612362 0.7720560431
vt 0.3473005295 0.7626819015
vt 0.0519806296 0.2619252503
vt 0.0544578210 0.2040538192
vt 0.0519491732 0.3157596290
vt 0.0519806296 0.2619252503
vt 0.0705671832 0.0946443826
vt 0.0914136171 0.0486112423
vt 0.0602121726 0.1417164654
vt 0.0705671832 0.0946443826
vt 0.0544578210 0.2040538192
vt 0.0602121726 0.1417164654
vt 0.1415605545 0.0571304038
vt 0.1233573258 0.1013213620
vt 0.0914136171 0.0486112423
vt 0.0394420959 0.0535442308
vt 0.1357156634 0.1052254885
vt 0.1233573258 0.1013213620
vt 0.1468452513 0.0601494536
vt 0.1161231101 0.6107704043
vt 0.1415605545 0.0571304038
vt 0.1468452513 0.0601494536
vt 0.0519491732 0.3157596290
vt 0.0374771357 0.3205790818
vt 0.0519806296 0.2619252503
vt 0.0270038843 0.2665860951
vt 0.0544578210 0.2040538192
vt 0.0192139111 0.2096684426
vt 0.0914136171 0.0486112423
vt 0.1415605545 0.0571304038
vt 0.3918986917 0.7448216677
vt 0.3904612362 0.7720560431
vt 0.4314298630 0.7446020842
vt 0.3918986917 0.7448216677
vt 0.4367864430 0.7520445585
vt 0.5685701370 0.7446020842
vt 0.3771574497 0.7142310143
vt 0.3918986917 0.7448216677
vt 0.3897347450 0.7082114220
vt 0.3731869161 0.3347491622
vt 0.4314298630 0.7446020842
vt 0.6102652550 0.7082114220
vt 0.1095654666 0.0168364998
vt 0.0914136171 0.0486112423
vt 0.0773821548 0.0004882812
vt 0.2104210556 0.0178455636
vt 0.2943100631 0.7549758554
vt 0.2437212467 0.0043945312
vt 0.2962514460 0.7106959820
vt 0.2943100631 0.7549758554
vt 0.3473005295 0.7626819015
vt 0.2962514460 0.7106959820
vt 0.2403341532 0.0450472757
vt 0.2104210556 0.0178455636
vt 0.2863602042 0.0361768976
vt 0.2403341532 0.0450472757
vt 0.3615835309 0.7354354262
vt 0.3918986917 0.7448216677
vt 0.3641960621 0.7114303112
vt 0.3615835309 0.7354354262
vt 0.3771574497 0.7142310143
vt 0.3747583926 0.3240816593
vt 0.3615835309 0.7354354262
vt 0.3473005295 0.7626819015
vt 0.3353206217 0.6991180778
vt 0.3615835309 0.7354354262
vt 0.3581998050 0.6987304688
vt 0.6646794081 0.6991180778
vt 0.3641960621 0.7114303112
vt 0.3741704524 0.3127785921
vt 0.8451281786 0.1936364472
vt 0.8260886669 0.1629399806
vt 0.4052721560 0.3232239485
vt 0.3747583926 0.3240816593
vt 0.4074026644 0.3336263895
vt 0.4052721560 0.3232239485
vt 0.3731869161 0.3347491622
vt 0.4074026644 0.3336263895
vt 0.7970236540 0.9296182394
vt 0.7850207090 0.9218863845
vt 0.4052721560 0.3232239485
vt 0.4028900564 0.3113493621
vt 0.4070895314 0.3455659151
vt 0.4074026644 0.3336263895
vt 0.3725585938 0.3461914062
vt 0.5929104686 0.3455659151
vt 0.1670664996 0.0381317809
vt 0.1095654666 0.0168364998
vt 0.1805373281 0.0572686680
vt 0.1670664996 0.0381317809
vt 0.2403341532 0.0450472757
vt 0.1805373281 0.0572686680
vt 0.1514425576 0.0391054600
vt 0.1415605545 0.0571304038
vt 0.1577148288 0.0428988673
vt 0.0877501592 0.6435143352
vt 0.1514425576 0.0391054600
vt 0.1606445312 0.0422679521
vt 0.1746309996 0.0624006242
vt 0.4995117188 0.5305067301
vt 0.1805373281 0.0572686680
vt 0.1746309996 0.0624006242
vt 0.1351985931 0.6069108248
vt 0.1161231101 0.6107704043
vt 0.1169554293 0.6431841254
vt 0.1351985931 0.6069108248
vt 0.0877501592 0.6435143352
vt 0.1169554293 0.6431841254
vt 0.1162416562 0.6653854251
vt 0.1169554293 0.6431841254
vt 0.0874023438 0.6625276804
vt 0.4700280130 0.5308823586
vt 0.4683965445 0.5067105293
vt 0.4700280130 0.5308823586
vt 0.4962041378 0.5084614754
vt 0.4683965445 0.5067105293
vt 0.1284319758 0.1349977702
vt 0.1127759740 0.1375590712
vt 0.1357156634 0.1052254885
vt 0.1284319758 0.1349977702
vt 0.1403119862 0.1723197699
vt 0.1008884683 0.1972777992
vt 0.1284319758 0.1349977702
vt 0.1403119862 0.1723197699
vt 0.1576834470 0.1581671238
vt 0.1403119862 0.1723197699
vt 0.1357156634 0.1052254885
vt 0.1344357282 0.5578345656
vt 0.1407775581 0.2517008483
vt 0.1063338667 0.2538995445
vt 0.1403119862 0.1723197699
vt 0.1407775581 0.2517008483
vt 0.1375938207 0.3019544482
vt 0.1135702282 0.3022445142
vt 0.1407775581 0.2517008483
vt 0.1375938207 0.3019544482
vt 0.1914842129 0.0911765248
vt 0.4962041378 0.5084614754
vt 0.2028105855 0.0817230865
vt 0.1914842129 0.0911765248
vt 0.1805373281 0.0572686680
vt 0.2028105855 0.0817230865
vt 0.2031499445 0.1333955079
vt 0.1914842129 0.0911765248
vt 0.2236779630 0.1320222914
vt 0.2031499445 0.1333955079
vt 0.2028105855 0.0817230865
vt 0.2236779630 0.1320222914
vt 0.2768197060 0.0801863298
vt 0.2028105855 0.0817230865
vt 0.2403341532 0.0450472757
vt 0.2768197060 0.0801863298
vt 0.2922387421 0.0498344302
vt 0.2768197060 0.0801863298
vt 0.2863602042 0.0361768976
vt 0.2786434889 0.7574539781
vt 0.2612304688 0.7324573398
vt 0.2922387421 0.0498344302
vt 0.2962514460 0.7106959820
vt 0.7387695312 0.7324573398
vt 0.3208007812 0.0854447782
vt 0.2768197060 0.0801863298
vt 0.3208007812 0.0515514351
vt 0.6791992188 0.0854447782
vt 0.3208007812 0.0854447782
vt 0.6795107126 0.1345589459
vt 0.3204892576 0.1345589459
vt 0.2807596326 0.1333659738
vt 0.2807596326 0.1333659738
vt 0.2768197060 0.0801863298
vt 0.2807596326 0.1333659738
vt 0.2236779630 0.1320222914
vt 0.2779126167 0.2502705455
vt 0.2732895613 0.3086656928
vt 0.2732895613 0.3086656928
vt 0.2282488942 0.3023328781
vt 0.2282488942 0.3023328781
vt 0.2251213044 0.2463452816
vt 0.8046959639 0.9137352705
vt 0.7850207090 0.9218863845
vt 0.3091993928 0.3165788054
vt 0.2732895613 0.3086656928
vt 0.2235201001 0.1941203326
vt 0.2236779630 0.1320222914
vt 0.2788682580 0.1955724657
vt 0.2807596326 0.1333659738
vt 0.6820610762 0.1959598511
vt 0.3204892576 0.1345589459
vt 0.2251213044 0.2463452816
vt 0.2779126167 0.2502705455
vt 0.2779126167 0.2502705455
vt 0.3159135282 0.2507215142
vt 0.7850207090 0.9218863845
vt 0.8699516058 0.9239917994
vt 0.2788682580 0.1955724657
vt 0.2779126167 0.2502705455
vt 0.2235201001 0.1941203326
vt 0.2251213044 0.2463452816
vt 0.3179389238 0.1959598511
vt 0.2788682580 0.1955724657
vt 0.2788682580 0.1955724657
vt 0.2235201001 0.1941203326
vt 0.2031499445 0.1333955079
vt 0.1934387237 0.1772371531
vt 0.1934387237 0.1772371531
vt 0.1739113033 0.1629399806
vt 0.1739113033 0.1629399806
vt 0.4867257774 0.4798323512
vt 0.1934387237 0.1772371531
vt 0.1795400977 0.1993750483
vt 0.1548718065 0.1936364472
vt 0.1403119862 0.1723197699
vt 0.2235201001 0.1941203326
vt 0.1934387237 0.1772371531
vt 0.2282488942 0.3023328781
vt 0.2094964534 0.3023056090
vt 0.2094964534 0.3023056090
vt 0.2070422322 0.2507744431
vt 0.2070422322 0.2507744431
vt 0.2251213044 0.2463452816
vt 0.2094964534 0.3023056090
vt 0.1945707947 0.3074191213
vt 0.1945707947 0.3074191213
vt 0.1577148438 0.2491284609
vt 0.1876648068 0.2537885904
vt 0.2070422322 0.2507744431
vt 0.1569419503 0.3061923981
vt 0.1375938207 0.3019544482
vt 0.1407775581 0.2517008483
vt 0.1577148438 0.2491284609
vt 0.2070422322 0.2507744431
vt 0.1934387237 0.1772371531
vt 0.1548718065 0.1936364472
vt 0.1876648068 0.2537885904
vt 0.1451714486 0.5541211963
vt 0.4564790726 0.4184921682
vt 0.1351985931 0.6069108248
vt 0.1451714486 0.5541211963
vt 0.1840399206 0.5438994169
vt 0.4453088045 0.4153238237
vt 0.1921386868 0.5962210894
vt 0.1840399206 0.5438994169
vt 0.1351985931 0.6069108248
vt 0.1921386868 0.5962210894
vt 0.4613527060 0.4715670943
vt 0.4867257774 0.4798323512
vt 0.4453088045 0.4153238237
vt 0.4613527060 0.4715670943
vt 0.4613527060 0.4715670943
vt 0.4683965445 0.5067105293
vt 0.1932980418 0.6355000734
vt 0.1921386868 0.5962210894
vt 0.1169554293 0.6431841254
vt 0.1932980418 0.6355000734
vt 0.1906993687 0.6671969891
vt 0.1932980418 0.6355000734
vt 0.1162416562 0.6653854251
vt 0.3948257565 0.5327148438
vt 0.3950515985 0.4987106621
vt 0.3948257565 0.5327148438
vt 0.4683965445 0.5067105293
vt 0.3950515985 0.4987106621
vt 0.3950042129 0.4512612522
vt 0.3950515985 0.4987106621
vt 0.4613527060 0.4715670943
vt 0.3950042129 0.4512612522
vt 0.4061740339 0.4037203193
vt 0.3950042129 0.4512612522
vt 0.3950515985 0.4987106621
vt 0.3727429211 0.4939367175
vt 0.3727429211 0.4939367175
vt 0.3746888638 0.5306639671
vt 0.3746888638 0.5306639671
vt 0.1906993687 0.6671969891
vt 0.3727429211 0.4939367175
vt 0.2985943854 0.4882866740
vt 0.2985943854 0.4882866740
vt 0.1108398438 0.8567526340
vt 0.2997042537 0.5327148438
vt 0.2107023895 0.6694335938
vt 0.2107023895 0.6694335938
vt 0.2129916549 0.6339819431
vt 0.2129916549 0.6339819431
vt 0.1932980418 0.6355000734
vt 0.2851983905 0.6694335938
vt 0.0323640034 0.8959960938
vt 0.2917039990 0.6256879568
vt 0.2129916549 0.6339819431
vt 0.2129916549 0.6339819431
vt 0.2121963948 0.5919983387
vt 0.2121963948 0.5919983387
vt 0.1921386868 0.5962210894
vt 0.2917039990 0.6256879568
vt 0.0014648438 0.8581104279
vt 0.2954101562 0.5769002438
vt 0.2121963948 0.5919983387
vt 0.2121963948 0.5919983387
vt 0.2073279619 0.5402705669
vt 0.2073279619 0.5402705669
vt 0.4061740339 0.4037203193
vt 0.2954101562 0.5769002438
vt 0.0066194213 0.8093514442
vt 0.2913914025 0.5278320312
vt 0.3835654557 0.3965276778
vt 0.3835654557 0.3965276778
vt 0.3769720197 0.4479864240
vt 0.3769720197 0.4479864240
vt 0.3950042129 0.4512612522
vt 0.3000937700 0.3754882812
vt 0.0550053902 0.7875976562
vt 0.2983398438 0.4292230606
vt 0.3769720197 0.4479864240
vt 0.3769720197 0.4479864240
vt 0.3727429211 0.4939367175
vt 0.2983398438 0.4292230606
vt 0.1081758142 0.8126770854
vt 0.1081758142 0.8126770854
vt 0.0585490167 0.8330823183
vt 0.0585490167 0.8330823183
vt 0.2084960938 0.7368164062
vt 0.0621553957 0.8427150249
vt 0.0766513944 0.8959960938
vt 0.0577974543 0.8490814567
vt 0.2133835703 0.7900895476
vt 0.0452788658 0.8491992950
vt 0.0323640034 0.8959960938
vt 0.0452788658 0.8491992950
vt 0.2187111080 0.7792530060
vt 0.0363903120 0.8409229517
vt 0.0014648438 0.8581104279
vt 0.0550053902 0.7875976562
vt 0.0485163517 0.8258316517
vt 0.0485163517 0.8258316517
vt 0.2110442519 0.7466430068
vt 0.0066194213 0.8093514442
vt 0.0371139906 0.8294160366
vt 0.0371139906 0.8294160366
vt 0.2164564282 0.7575177550
vt 0.2133835703 0.7900895476
vt 0.2446762770 0.7907862067
vt 0.2446762770 0.7907862067
vt 0.2429976612 0.7819293141
vt 0.2429976612 0.7819293141
vt 0.2187111080 0.7792530060
vt 0.0363903120 0.8409229517
vt 0.2215155214 0.7682282329
vt 0.2429976612 0.7819293141
vt 0.2427197695 0.7690222263
vt 0.2427197695 0.7690222263
vt 0.2215155214 0.7682282329
vt 0.2427197695 0.7690222263
vt 0.2399201393 0.7581604123
vt 0.2399201393 0.7581604123
vt 0.2164564282 0.7575177550
vt 0.2399201393 0.7581604123
vt 0.2407338023 0.7470769882
vt 0.2407338023 0.7470769882
vt 0.2110442519 0.7466430068
vt 0.2407338023 0.7470769882
vt 0.2402294874 0.7382532954
vt 0.2402294874 0.7382532954
vt 0.2108024508 0.8022460938
vt 0.2428244352 0.8006072044
vt 0.2446762770 0.7907862067
vt 0.2572719455 0.7817701697
vt 0.2429976612 0.7819293141
vt 0.2566731870 0.7924683094
vt 0.2699875832 0.9077926874
vt 0.2446762770 0.7907862067
vt 0.2566731870 0.7924683094
vt 0.2568915188 0.8022460938
vt 0.2660115957 0.9195616841
vt 0.2428244352 0.8006072044
vt 0.2542492747 0.7385168672
vt 0.2550508976 0.7488948107
vt 0.0824653283 0.9008789062
vt 0.2407338023 0.7470769882
vt 0.2550508976 0.7488948107
vt 0.2570124865 0.7597982883
vt 0.0723863691 0.9043015242
vt 0.2399201393 0.7581604123
vt 0.2570124865 0.7597982883
vt 0.2592773438 0.7697039843
vt 0.2613759339 0.8854171634
vt 0.2427197695 0.7690222263
vt 0.2592773438 0.7697039843
vt 0.2572719455 0.7817701697
vt 0.2701424658 0.8939092159
vt 0.2814731300 0.8890648484
vt 0.2733220458 0.9081655145
vt 0.3001748919 0.8869022131
vt 0.2814731300 0.8890648484
vt 0.3204786479 0.9101682901
vt 0.3174974620 0.8856238723
vt 0.4651882648 0.5723942518
vt 0.4577510357 0.5727007985
vt 0.3246413469 0.8847585917
vt 0.3174974620 0.8856238723
vt 0.3279748857 0.9087104201
vt 0.3246413469 0.8847585917
vt 0.2967838645 0.9410536289
vt 0.4877929688 0.5864257812
vt 0.3403773904 0.8830976486
vt 0.3246413469 0.8847585917
vt 0.3428032994 0.9064035416
vt 0.3403773904 0.8830976486
vt 0.3464748859 0.9575195312
vt 0.0935415328 0.9637143016
vt 0.3562939167 0.8851104975
vt 0.3403773904 0.8830976486
vt 0.3586263657 0.9040292501
vt 0.3562939167 0.8851104975
vt 0.3488969803 0.9289084673
vt 0.3605380058 0.9215134978
vt 0.4711310267 0.5788149238
vt 0.4877929688 0.5864257812
vt 0.4728443027 0.5619440079
vt 0.4711310267 0.5788149238
vt 0.4847052991 0.5474745631
vt 0.4728443027 0.5619440079
vt 0.4728443027 0.5619440079
vt 0.4646151960 0.5684966445
vt 0.2744595110 0.9321442842
vt 0.2581989169 0.9465846419
vt 0.4711310267 0.5788149238
vt 0.4651882648 0.5723942518
vt 0.0716699436 0.9086177945
vt 0.0704387501 0.9348977804
vt 0.0928202495 0.9135737419
vt 0.0716699436 0.9086177945
vt 0.4485695958 0.5807164907
vt 0.4577510357 0.5727007985
vt 0.2718272507 0.8714466095
vt 0.2814731300 0.8890648484
vt 0.2941290736 0.8605256677
vt 0.0486394018 0.9100925326
vt 0.3174974620 0.8856238723
vt 0.3196145296 0.8579101562
vt 0.0716699436 0.9086177945
vt 0.0486394018 0.9100925326
vt 0.0469646156 0.9518504143
vt 0.0702525005 0.9532851577
vt 0.2660115957 0.9195616841
vt 0.2744595110 0.9321442842
vt 0.4651882648 0.5723942518
vt 0.4646151960 0.5684966445
vt 0.2563476562 0.9262379408
vt 0.0928202495 0.9135737419
vt 0.0723863691 0.9043015242
vt 0.0716699436 0.9086177945
vt 0.0612385646 0.9023883343
vt 0.2718272507 0.8714466095
vt 0.4488912225 0.5596460104
vt 0.4597748518 0.5690090656
vt 0.2733220458 0.9081655145
vt 0.2744595110 0.9321442842
vt 0.4577510357 0.5727007985
vt 0.4597748518 0.5690090656
vt 0.4488912225 0.5596460104
vt 0.4340820312 0.5405273438
vt 0.3428032994 0.9064035416
vt 0.3488969803 0.9289084673
vt 0.3586263657 0.9040292501
vt 0.3605380058 0.9215134978
vt 0.4646151960 0.5684966445
vt 0.4597748518 0.5690090656
vt 0.3204786479 0.9101682901
vt 0.3279748857 0.9087104201
vt 0.3279748857 0.9087104201
vt 0.3428032994 0.9064035416
vt 0.3428032994 0.9064035416
vt 0.3586263657 0.9040292501
vt 0.2733220458 0.9081655145
vt 0.2699875832 0.9077926874
vt 0.2814731300 0.8890648484
vt 0.2701424658 0.8939092159
vt 0.4451338351 0.5864257812
vt 0.3241198361 0.9392095804
vt 0.4485695958 0.5807164907
vt 0.4451338351 0.5864257812
vt 0.4711310267 0.5788149238
vt 0.4485695958 0.5807164907
vt 0.4728443027 0.5619440079
vt 0.4488912225 0.5596460104
vt 0.4485695958 0.5807164907
vt 0.4488912225 0.5596460104
vt 0.4340820312 0.5405273438
vt 0.0952799469 0.9548398256
vt 0.3345099986 0.9352533817
vt 0.3279748857 0.9087104201
vt 0.3241198361 0.9392095804
vt 0.3345099986 0.9352533817
vt 0.3204786479 0.9101682901
vt 0.3241198361 0.9392095804
vt 0.3345099986 0.9352533817
vt 0.3488969803 0.9289084673
vt 0.3534056842 0.9510071874
vt 0.3345099986 0.9352533817
vt 0.4847052991 0.5474745631
vt 0.2693276107 0.9575195312
vt 0.2581989169 0.9465846419
vt 0.0971679688 0.9260970354
vt 0.2967838645 0.9410536289
vt 0.2744595110 0.9321442842
vt 0.3001748919 0.8869022131
vt 0.3174974620 0.8856238723
vt 0.0463867188 0.9307182431
vt 0.3196145296 0.8579101562
vt 0.0704387501 0.9348977804
vt 0.0702525005 0.9532851577
vt 0.3001748919 0.8869022131
vt 0.2941290736 0.8605256677
vt 0.0463867188 0.9307182431
vt 0.0704387501 0.9348977804
vt 0.2967838645 0.9410536289
vt 0.2997528911 0.9111738205
vt 0.2997528911 0.9111738205
vt 0.2733220458 0.9081655145
vt 0.2997528911 0.9111738205
vt 0.3001748919 0.8869022131
vt 0.3204786479 0.9101682901
vt 0.2997528911 0.9111738205
vt 0.0704387501 0.9348977804
vt 0.0971679688 0.9260970354
vt 0.0702525005 0.9532851577
vt 0.0952799469 0.9548398256
vt 0.3488969803 0.9289084673
vt 0.3628524542 0.9411500692
vt 0.3628524542 0.9411500692
vt 0.0925138593 0.9975585938
vt 0.3703836799 0.9235408306
vt 0.3605380058 0.9215134978
vt 0.3534056842 0.9510071874
vt 0.0929751173 0.9768944979
vt 0.0929751173 0.9768944979
vt 0.0706361905 0.9758952260
vt 0.0706361905 0.9758952260
vt 0.0703291222 0.9958469868
vt 0.0703291222 0.9958469868
vt 0.3703836799 0.9235408306
vt 0.0935415328 0.9637143016
vt 0.0702363923 0.9621616602
vt 0.0702363923 0.9621616602
vt 0.0706361905 0.9758952260
vt 0.0702525005 0.9532851577
vt 0.0702363923 0.9621616602
vt 0.0706361905 0.9758952260
vt 0.0467475392 0.9743471742
vt 0.0467475392 0.9743471742
vt 0.3675882518 0.8776336908
vt 0.0472283997 0.9975585938
vt 0.3735351562 0.9017239809
vt 0.0702363923 0.9621616602
vt 0.0475954190 0.9611240625
vt 0.0475954190 0.9611240625
vt 0.3446618319 0.8642843366
vt 0.0469646156 0.9518504143
vt 0.3298926353 0.8594345450
vt 0.3246413469 0.8847585917
vt 0.3298926353 0.8594345450
vt 0.3403773904 0.8830976486
vt 0.3446618319 0.8642843366
vt 0.3562939167 0.8851104975
vt 0.3675882518 0.8776336908
vt 0.3586263657 0.9040292501
vt 0.3735351562 0.9017239809
vt 0.4052721560 0.3232239485
vt 0.4101177454 0.3229507804
vt 0.4101177454 0.3229507804
vt 0.4086605310 0.3108732104
vt 0.7906826735 0.8940879703
vt 0.7951577902 0.8895745277
vt 0.4074026644 0.3336263895
vt 0.4115858376 0.3336414099
vt 0.4115858376 0.3336414099
vt 0.4101177454 0.3229507804
vt 0.4070895314 0.3455659151
vt 0.5897497535 0.3455308080
vt 0.4102502465 0.3455308080
vt 0.4115858376 0.3336414099
vt 0.4101177454 0.3229507804
vt 0.4324922562 0.3206890225
vt 0.4324922562 0.3206890225
vt 0.4048521221 0.5627966523
vt 0.7769421339 0.9122446775
vt 0.8046959639 0.9137352705
vt 0.4115858376 0.3336414099
vt 0.4216522872 0.3347427249
vt 0.4216522872 0.3347427249
vt 0.3892458975 0.5709431171
vt 0.4102502465 0.3455308080
vt 0.5819457769 0.3461914062
vt 0.4180542231 0.3461914062
vt 0.3717080355 0.5616207123
vt 0.3892458975 0.5709431171
vt 0.4154550135 0.6278644204
vt 0.4154550135 0.6278644204
vt 0.4558420181 0.6011533141
vt 0.8048042655 0.9016042352
vt 0.7767917514 0.9009333849
vt 0.3691548109 0.5488160849
vt 0.6412627697 0.5465733409
vt 0.3587372005 0.5465733409
vt 0.3503866494 0.5888075233
vt 0.3503866494 0.5888075233
vt 0.3717080355 0.5616207123
vt 0.3587372005 0.5465733409
vt 0.6997070312 0.5424804688
vt 0.3002929688 0.5424804688
vt 0.3958001435 0.9370956421
vt 0.3227963150 0.5963272452
vt 0.3503866494 0.5888075233
vt 0.3503866494 0.5888075233
vt 0.4154550135 0.6278644204
vt 0.4154550135 0.6278644204
vt 0.4210037589 0.6741672754
vt 0.4216264486 0.6801757812
vt 0.3374023438 0.8414990306
vt 0.3350702822 0.6733818650
vt 0.4210037589 0.6741672754
vt 0.3796763420 0.7927578688
vt 0.3912282288 0.8053600788
vt 0.3912282288 0.8053600788
vt 0.3556305766 0.8531159759
vt 0.7837249637 0.8881298900
vt 0.7951577902 0.8895745277
vt 0.4086994827 0.8229712248
vt 0.4214370251 0.8472789526
vt 0.4214370251 0.8472789526
vt 0.4080496132 0.8754103780
vt 0.4080496132 0.8754103780
vt 0.6187585592 0.8663727045
vt 0.3796763420 0.7927578688
vt 0.3201269209 0.6801757812
vt 0.4780273438 0.7709960938
vt 0.4822263122 0.3081054688
vt 0.4762817919 0.7772224545
vt 0.3912282288 0.8053600788
vt 0.4829101562 0.3144454360
vt 0.4457653165 0.3352838159
vt 0.4457653165 0.3352838159
vt 0.4425948262 0.3311597407
vt 0.4425948262 0.3311597407
vt 0.0092773438 0.6101763844
vt 0.3503866494 0.5888075233
vt 0.3350702822 0.6733818650
vt 0.4198295474 0.3597494960
vt 0.0168519765 0.5655730367
vt 0.4250928760 0.3615983129
vt 0.4198295474 0.3597494960
vt 0.4457653165 0.3352838159
vt 0.4250928760 0.3615983129
vt 0.4096679688 0.3952909708
vt 0.0460842103 0.5429649949
vt 0.8048042655 0.9016042352
vt 0.7906826735 0.8940879703
vt 0.4250928760 0.3615983129
vt 0.4156951010 0.3959960938
vt 0.4651450515 0.8291247487
vt 0.0534928814 0.6511886716
vt 0.4733359814 0.8528378606
vt 0.4214370251 0.8472789526
vt 0.7906826735 0.8940879703
vt 0.8737674952 0.8997620940
vt 0.7970236540 0.9296182394
vt 0.7982417941 0.9403011799
vt 0.0805664062 0.6476132274
vt 0.4733359814 0.8528378606
vt 0.8635542989 0.9330422282
vt 0.7970236540 0.9296182394
vt 0.0805664062 0.5375976562
vt 0.9281724691 0.6004148126
vt 0.4086994827 0.8229712248
vt 0.3912282288 0.8053600788
vt 0.0302556716 0.6547851562
vt 0.4762817919 0.7772224545
vt 0.4210037589 0.6741672754
vt 0.4813835919 0.6514209509
vt 0.3812414706 0.8663727045
vt 0.4086994827 0.8229712248
vt 0.4086994827 0.8229712248
vt 0.4651450515 0.8291247487
vt 0.0391867459 0.6054925919
vt 0.0092773438 0.6101763844
vt 0.4838867188 0.6581505537
vt 0.5186164379 0.6514209509
vt 0.0718275234 0.6004148126
vt 0.0391867459 0.6054925919
vt 0.0534928814 0.6511886716
vt 0.0391867459 0.6054925919
vt 0.0391867459 0.6054925919
vt 0.0460842103 0.5429649949
vt 0.3201269209 0.6801757812
vt 0.3350702822 0.6733818650
vt 0.4216264486 0.6801757812
vt 0.4210037589 0.6741672754
vt 0.3227963150 0.5963272452
vt 0.4682831466 0.9474892616
vt 0.7982417941 0.9403011799
vt 0.7985594273 0.9493475556
vt 0.4360921383 0.8897332549
vt 0.4682831466 0.9474892616
vt 0.3836694360 0.8916717172
vt 0.5639078617 0.8897332549
vt 0.4829101562 0.3859182894
vt 0.4457653165 0.3352838159
vt 0.8634569049 0.9413468242
vt 0.7982417941 0.9403011799
vt 0.4742946625 0.8893599510
vt 0.4829101562 0.3144454360
vt 0.4360921383 0.8897332549
vt 0.5257053375 0.8893599510
vt 0.7993942499 0.8814235926
vt 0.7951577902 0.8895745277
vt 0.0552580617 0.3277315497
vt 0.2924354970 0.3690130711
vt 0.0519491732 0.3157596290
vt 0.0552580617 0.3277315497
vt 0.1092224121 0.3117257953
vt 0.2924804688 0.3870123327
vt 0.1135702282 0.3022445142
vt 0.1092224121 0.3117257953
vt 0.8676204681 0.8822122812
vt 0.7985594273 0.9493475556
vt 0.2172534317 0.4007430375
vt 0.2223572433 0.3724057078
vt 0.2924804688 0.3870123327
vt 0.2172534317 0.4007430375
vt 0.7806736231 0.9507563114
vt 0.7993942499 0.8814235926
vt 0.1751874536 0.4058750868
vt 0.1825100183 0.3760275841
vt 0.2172534317 0.4007430375
vt 0.1751874536 0.4058750868
vt 0.2074635029 0.4618199766
vt 0.2172534317 0.4007430375
vt 0.2855433822 0.4695612192
vt 0.2074635029 0.4618199766
vt 0.1311444491 0.3217824697
vt 0.2855433822 0.4695612192
vt 0.1375938207 0.3019544482
vt 0.1311444491 0.3217824697
vt 0.1472596824 0.3294361234
vt 0.2916094065 0.5012334585
vt 0.1569419503 0.3061923981
vt 0.2080987394 0.3282333612
vt 0.2181146890 0.3215242028
vt 0.4660075307 0.3030455709
vt 0.2094964534 0.3023056090
vt 0.2181146890 0.3215242028
vt 0.2319881618 0.3182574213
vt 0.4496917129 0.3008265793
vt 0.2282488942 0.3023328781
vt 0.2319881618 0.3182574213
vt 0.2696719170 0.3200488985
vt 0.4292070270 0.3002761602
vt 0.2732895613 0.3086656928
vt 0.2696719170 0.3200488985
vt 0.3091993928 0.3165788054
vt 0.6949533224 0.3286132812
vt 0.3050466478 0.3286132812
vt 0.3753205240 0.3039337993
vt 0.2074635029 0.4618199766
vt 0.1703269631 0.4579586089
vt 0.1703269631 0.4579586089
vt 0.1751874536 0.4058750868
vt 0.1751874536 0.4058750868
vt 0.1317169070 0.4173641503
vt 0.0823660046 0.5035948753
vt 0.0792512745 0.4775812328
vt 0.4606083632 0.0922968239
vt 0.4819335938 0.0846510082
vt 0.1386445165 0.4641301930
vt 0.1317169070 0.4173641503
vt 0.1703269631 0.4579586089
vt 0.1386445165 0.4641301930
vt 0.0617130399 0.4477936924
vt 0.1317169070 0.4173641503
vt 0.0792512745 0.4775812328
vt 0.0617130399 0.4477936924
vt 0.1386445165 0.4641301930
vt 0.0792512745 0.4775812328
vt 0.1395791620 0.5016286373
vt 0.1386445165 0.4641301930
vt 0.1669456363 0.4993152618
vt 0.1395791620 0.5016286373
vt 0.1703269631 0.4579586089
vt 0.1669456363 0.4993152618
vt 0.2035338730 0.4980828762
vt 0.2074635029 0.4618199766
vt 0.2916094065 0.5012334585
vt 0.2035338730 0.4980828762
vt 0.2035338730 0.4980828762
vt 0.1669456363 0.4993152618
vt 0.1463272572 0.5268554688
vt 0.1395791620 0.5016286373
vt 0.1721161157 0.5268465877
vt 0.4819335938 0.1557611227
vt 0.1669456363 0.4993152618
vt 0.1721161157 0.5268465877
vt 0.2038260400 0.5234768987
vt 0.4800062180 0.1813997924
vt 0.2035338730 0.4980828762
vt 0.2038260400 0.5234768987
vt 0.2924804688 0.5247827172
vt 0.4786835909 0.2135728300
vt 0.4522479773 0.1532506496
vt 0.4819335938 0.1557611227
vt 0.4509204626 0.1792312264
vt 0.4522479773 0.1532506496
vt 0.4800062180 0.1813997924
vt 0.4509204626 0.1792312264
vt 0.4506105185 0.2148954570
vt 0.4509204626 0.1792312264
vt 0.4786835909 0.2135728300
vt 0.4506105185 0.2148954570
vt 0.4496917129 0.3008265793
vt 0.4506105185 0.2148954570
vt 0.4251247942 0.1507974863
vt 0.4522479773 0.1532506496
vt 0.4233740270 0.1776193976
vt 0.4251247942 0.1507974863
vt 0.4509204626 0.1792312264
vt 0.4233740270 0.1776193976
vt 0.4229193032 0.2124562562
vt 0.4233740270 0.1776193976
vt 0.4506105185 0.2148954570
vt 0.4229193032 0.2124562562
vt 0.4292070270 0.3002761602
vt 0.4229193032 0.2124562562
vt 0.3739030361 0.2131118029
vt 0.4229193032 0.2124562562
vt 0.3753205240 0.3039337993
vt 0.3739030361 0.2131118029
vt 0.3314208388 0.2130270153
vt 0.3739030361 0.2131118029
vt 0.3255397677 0.3100585938
vt 0.6685791612 0.2130270153
vt 0.3719674945 0.1733362377
vt 0.3739030361 0.2131118029
vt 0.3281651139 0.1574046910
vt 0.3719674945 0.1733362377
vt 0.3314208388 0.2130270153
vt 0.6718348861 0.1574046910
vt 0.3719674945 0.1733362377
vt 0.4233740270 0.1776193976
vt 0.3281651139 0.1574046910
vt 0.6762695312 0.1435839087
vt 0.3237304688 0.1435839087
vt 0.3772958517 0.1482557952
vt 0.3772958517 0.1482557952
vt 0.3719674945 0.1733362377
vt 0.3772958517 0.1482557952
vt 0.4251247942 0.1507974863
vt 0.3237304688 0.1435839087
vt 0.0365752727 0.4269125462
vt 0.3810392618 0.0495899655
vt 0.4018409848 0.0721628815
vt 0.4018409848 0.0721628815
vt 0.3772958517 0.1482557952
vt 0.4018409848 0.0721628815
vt 0.4321096539 0.0853581578
vt 0.4321096539 0.0853581578
vt 0.4251247942 0.1507974863
vt 0.4321096539 0.0853581578
vt 0.4606083632 0.0922968239
vt 0.4606083632 0.0922968239
vt 0.4522479773 0.1532506496
vt 0.1463272572 0.5268554688
vt 0.4819335938 0.0846510082
vt 0.0758042186 0.5244748592
vt 0.0823660046 0.5035948753
vt 0.0823660046 0.5035948753
vt 0.1395791620 0.5016286373
vt 0.8719941378 0.8895906210
vt 0.7951577902 0.8895745277
vt 0.1317169070 0.4173641503
vt 0.1301447153 0.3637695312
vt 0.0617130399 0.4477936924
vt 0.0365752727 0.4269125462
vt 0.1810698807 0.3476975560
vt 0.1254882812 0.8361574411
vt 0.1828865707 0.3295898438
vt 0.1810698807 0.3476975560
vt 0.2050488144 0.3322414756
vt 0.0190429688 0.7371844649
vt 0.2045102566 0.3499659002
vt 0.2050488144 0.3322414756
vt 0.1515317261 0.3531997800
vt 0.1276824027 0.8599800467
vt 0.1493604481 0.3350657821
vt 0.1515317261 0.3531997800
vt 0.1828865707 0.3295898438
vt 0.0448450893 0.7641782761
vt 0.0929124579 0.3661297858
vt 0.1885726452 0.8725585938
vt 0.0926811472 0.3464345932
vt 0.0929124579 0.3661297858
vt 0.1202186868 0.3410435915
vt 0.1040416732 0.7867725492
vt 0.0693123564 0.3672967851
vt 0.2142332792 0.8644295931
vt 0.0690121800 0.3477946520
vt 0.0693123564 0.3672967851
vt 0.0926811472 0.3464345932
vt 0.1301178038 0.7906727791
vt 0.0456953570 0.3703790605
vt 0.2379518896 0.8636946082
vt 0.0420537814 0.3509967327
vt 0.0456953570 0.3703790605
vt 0.0690121800 0.3477946520
vt 0.1595146656 0.7976937890
vt 0.0202682111 0.3726693392
vt 0.2618488669 0.8645811081
vt 0.0170467086 0.3562467694
vt 0.0202682111 0.3726693392
vt 0.0420537814 0.3509967327
vt 0.1882021576 0.8032226562
vt 0.0048780120 0.3745117188
vt 0.2865077853 0.8574727178
vt 0.0014648438 0.3596267402
vt 0.4010045528 0.3745117188
vt 0.0170467086 0.3562467694
vt 0.2065429688 0.8027661443
vt 0.3841530383 0.3731732368
vt 0.2963867188 0.8453194499
vt 0.3872177303 0.3585346937
vt 0.3841530383 0.3731732368
vt 0.4057617188 0.3600075245
vt 0.1926983297 0.6746663451
vt 0.1493604481 0.3350657821
vt 0.0743940175 0.7781935334
vt 0.1551842690 0.8725585938
vt 0.1190849617 0.3604038358
vt 0.1190849617 0.3604038358
vt 0.1202186868 0.3410435915
vt 0.2329676002 0.3375554085
vt 0.0202855449 0.7120032907
vt 0.2305551022 0.3560085595
vt 0.2329676002 0.3375554085
vt 0.2045102566 0.3499659002
vt 0.1458981633 0.8185088038
vt 0.2641386986 0.3444210589
vt 0.0438024141 0.6909829378
vt 0.2615130842 0.3606663346
vt 0.2641386986 0.3444210589
vt 0.2305551022 0.3560085595
vt 0.1764964461 0.8110351562
vt 0.2924006283 0.3487787843
vt 0.0765248016 0.6796907783
vt 0.2907419801 0.3651277423
vt 0.2924006283 0.3487787843
vt 0.2615130842 0.3606663346
vt 0.2061302066 0.8124762774
vt 0.3161620498 0.3518381417
vt 0.1064948589 0.6761452556
vt 0.3146340251 0.3675809801
vt 0.3161620498 0.3518381417
vt 0.2907419801 0.3651277423
vt 0.2299287915 0.8164359331
vt 0.3469222486 0.3533296585
vt 0.1303395182 0.6741004586
vt 0.3452727795 0.3712744117
vt 0.3469222486 0.3533296585
vt 0.3146340251 0.3675809801
vt 0.2608575225 0.8145062923
vt 0.3452727795 0.3712744117
vt 0.2848935127 0.8160885572
vt 0.3691819012 0.3731341362
vt 0.3729182482 0.3566501141
vt 0.3729182482 0.3566501141
vt 0.1589113027 0.6733614206
vt 0.3691819012 0.3731341362
vt 0.2937552035 0.8283666372
vt 0.3872177303 0.3585346937
vt 0.1810795665 0.6723632812
vt 0.1885726452 0.8725585938
vt 0.1650748551 0.8537362814
vt 0.1650748551 0.8537362814
vt 0.1276824027 0.8599800467
vt 0.1650748551 0.8537362814
vt 0.1605581194 0.8335230947
vt 0.1605581194 0.8335230947
vt 0.1254882812 0.8361574411
vt 0.1605581194 0.8335230947
vt 0.1764964461 0.8110351562
vt 0.2142332792 0.8644295931
vt 0.2103680968 0.8488099575
vt 0.2103680968 0.8488099575
vt 0.1650748551 0.8537362814
vt 0.2103680968 0.8488099575
vt 0.2080741227 0.8326040506
vt 0.2080741227 0.8326040506
vt 0.1605581194 0.8335230947
vt 0.2080741227 0.8326040506
vt 0.2061302066 0.8124762774
vt 0.2379518896 0.8636946082
vt 0.2322504520 0.8473482728
vt 0.2322504520 0.8473482728
vt 0.2103680968 0.8488099575
vt 0.2322504520 0.8473482728
vt 0.2295153588 0.8289641738
vt 0.2295153588 0.8289641738
vt 0.2080741227 0.8326040506
vt 0.2295153588 0.8289641738
vt 0.2299287915 0.8164359331
vt 0.2295153588 0.8289641738
vt 0.2627137303 0.8351300955
vt 0.2627137303 0.8351300955
vt 0.2608575225 0.8145062923
vt 0.2618488669 0.8645811081
vt 0.2624632716 0.8502256274
vt 0.2624632716 0.8502256274
vt 0.2322504520 0.8473482728
vt 0.2624632716 0.8502256274
vt 0.2627137303 0.8351300955
vt 0.2627137303 0.8351300955
vt 0.2937552035 0.8283666372
vt 0.2963867188 0.8453194499
vt 0.2624632716 0.8502256274
vt 0.1595146656 0.7976937890
vt 0.1609694660 0.7775857449
vt 0.1609694660 0.7775857449
vt 0.1882832348 0.7817974091
vt 0.1882832348 0.7817974091
vt 0.1882021576 0.8032226562
vt 0.1609694660 0.7775857449
vt 0.1595766544 0.7549530864
vt 0.1595766544 0.7549530864
vt 0.1867137104 0.7604277134
vt 0.1867137104 0.7604277134
vt 0.1882832348 0.7817974091
vt 0.1609694660 0.7775857449
vt 0.1316492856 0.7606923580
vt 0.1316492856 0.7606923580
vt 0.1358220279 0.7426459193
vt 0.1358220279 0.7426459193
vt 0.1595766544 0.7549530864
vt 0.1301178038 0.7906727791
vt 0.1316492856 0.7606923580
vt 0.1595766544 0.7549530864
vt 0.1656599939 0.7410365343
vt 0.1656599939 0.7410365343
vt 0.1079473123 0.8857260346
vt 0.1805017143 0.7498357892
vt 0.1867137104 0.7604277134
vt 0.1867137104 0.7604277134
vt 0.1981897056 0.7582875490
vt 0.1981897056 0.7582875490
vt 0.2017575353 0.6949701309
vt 0.2051985115 0.7814503908
vt 0.1882832348 0.7817974091
vt 0.1933714449 0.7100372910
vt 0.1860831976 0.7048365474
vt 0.1860831976 0.7048365474
vt 0.1899495274 0.6902630329
vt 0.1899495274 0.6902630329
vt 0.2017575353 0.6949701309
vt 0.1805017143 0.7498357892
vt 0.1100704446 0.8774414062
vt 0.1895562857 0.7459715605
vt 0.1933714449 0.7100372910
vt 0.1839090586 0.7164015770
vt 0.1119056940 0.9458802342
vt 0.1801639497 0.7118274570
vt 0.1860831976 0.7048365474
vt 0.1358220279 0.7426459193
vt 0.1589260250 0.7332990170
vt 0.1589260250 0.7332990170
vt 0.1003416479 0.8986432552
vt 0.1358220279 0.7426459193
vt 0.1366906911 0.7189608812
vt 0.1366906911 0.7189608812
vt 0.1554097533 0.7241688967
vt 0.1554097533 0.7241688967
vt 0.1000976562 0.9076200128
vt 0.1586796492 0.6886429787
vt 0.1784742177 0.6872877479
vt 0.1567881405 0.7084815502
vt 0.1586796492 0.6886429787
vt 0.1780899912 0.7028604150
vt 0.1567881405 0.7084815502
vt 0.1860831976 0.7048365474
vt 0.1780899912 0.7028604150
vt 0.1780899912 0.7028604150
vt 0.1784742177 0.6872877479
vt 0.1784742177 0.6872877479
vt 0.1899495274 0.6902630329
vt 0.1801639497 0.7118274570
vt 0.1112108231 0.9376168847
vt 0.1726937145 0.7095572948
vt 0.1780899912 0.7028604150
vt 0.1726937145 0.7095572948
vt 0.1079575419 0.9269194007
vt 0.1626121700 0.7119644284
vt 0.1567881405 0.7084815502
vt 0.1366906911 0.7189608812
vt 0.1567881405 0.7084815502
vt 0.1626121700 0.7119644284
vt 0.1013524383 0.9161517024
vt 0.1366906911 0.7189608812
vt 0.1355668008 0.6957746744
vt 0.1355668008 0.6957746744
vt 0.1586796492 0.6886429787
vt 0.1358220279 0.7426459193
vt 0.1112294346 0.7371422052
vt 0.1112294346 0.7371422052
vt 0.1117833853 0.7211011648
vt 0.1117833853 0.7211011648
vt 0.1366906911 0.7189608812
vt 0.1112294346 0.7371422052
vt 0.0861248896 0.7354478836
vt 0.0861248896 0.7354478836
vt 0.0872355402 0.7192068100
vt 0.0872355402 0.7192068100
vt 0.1117833853 0.7211011648
vt 0.0861248896 0.7354478836
vt 0.0713381916 0.7345572114
vt 0.0713381916 0.7345572114
vt 0.0744499266 0.7169400454
vt 0.0744499266 0.7169400454
vt 0.0872355402 0.7192068100
vt 0.0713381916 0.7345572114
vt 0.0483804718 0.7346433997
vt 0.0483804718 0.7346433997
vt 0.0487587303 0.7163090110
vt 0.0487587303 0.7163090110
vt 0.0744499266 0.7169400454
vt 0.0483804718 0.7346433997
vt 0.0190429688 0.7371844649
vt 0.0202855449 0.7120032907
vt 0.0487587303 0.7163090110
vt 0.0438024141 0.6909829378
vt 0.0530277789 0.7005158663
vt 0.0530277789 0.7005158663
vt 0.0487587303 0.7163090110
vt 0.0765248016 0.6796907783
vt 0.0787886605 0.6971690059
vt 0.0787886605 0.6971690059
vt 0.0530277789 0.7005158663
vt 0.1064948589 0.6761452556
vt 0.1042526960 0.6942214370
vt 0.1042526960 0.6942214370
vt 0.0787886605 0.6971690059
vt 0.1303395182 0.6741004586
vt 0.1355668008 0.6957746744
vt 0.1355668008 0.6957746744
vt 0.1042526960 0.6942214370
vt 0.1589113027 0.6733614206
vt 0.1586796492 0.6886429787
vt 0.1810795665 0.6723632812
vt 0.1784742177 0.6872877479
vt 0.1926983297 0.6746663451
vt 0.1899495274 0.6902630329
vt 0.2051985115 0.7814503908
vt 0.2065429688 0.6806069613
vt 0.0787886605 0.6971690059
vt 0.0744499266 0.7169400454
vt 0.1042526960 0.6942214370
vt 0.0872355402 0.7192068100
vt 0.1355668008 0.6957746744
vt 0.1117833853 0.7211011648
vt 0.0483804718 0.7346433997
vt 0.0554142967 0.7538300157
vt 0.0554142967 0.7538300157
vt 0.0448450893 0.7641782761
vt 0.0713381916 0.7345572114
vt 0.0783469304 0.7598623037
vt 0.0783469304 0.7598623037
vt 0.0554142967 0.7538300157
vt 0.0861248896 0.7354478836
vt 0.1060077772 0.7623442411
vt 0.1060077772 0.7623442411
vt 0.0783469304 0.7598623037
vt 0.1316492856 0.7606923580
vt 0.1112294346 0.7371422052
vt 0.1316492856 0.7606923580
vt 0.1060077772 0.7623442411
vt 0.1040416732 0.7867725492
vt 0.1060077772 0.7623442411
vt 0.0783469304 0.7598623037
vt 0.0743940175 0.7781935334
vt 0.4018409848 0.0721628815
vt 0.4255130887 0.0512878001
vt 0.4255130887 0.0512878001
vt 0.2290589958 0.9526367188
vt 0.4349854589 0.0576383770
vt 0.4321096539 0.0853581578
vt 0.4349854589 0.0576383770
vt 0.2296852171 0.8873179555
vt 0.4419498444 0.0578052253
vt 0.4606083632 0.0922968239
vt 0.4419498444 0.0578052253
vt 0.2299456447 0.8951861858
vt 0.4476815760 0.0550197810
vt 0.0758042186 0.5244748592
vt 0.0455100797 0.4904367924
vt 0.2292111218 0.9001333714
vt 0.0474705100 0.4868127704
vt 0.0823660046 0.5035948753
vt 0.0474705100 0.4868127704
vt 0.2270698696 0.9125341773
vt 0.0478594787 0.4761767983
vt 0.0792512745 0.4775812328
vt 0.0478594787 0.4761767983
vt 0.2270929515 0.9220535755
vt 0.0447202548 0.4690596163
vt 0.0617130399 0.4477936924
vt 0.0447202548 0.4690596163
vt 0.2303538322 0.9307361245
vt 0.0356445312 0.4666560292
vt 0.3810392618 0.0495899655
vt 0.4208762944 0.0444335938
vt 0.2309570312 0.9400323033
vt 0.2270698696 0.9125341773
vt 0.2230578661 0.9122446775
vt 0.2230578661 0.9122446775
vt 0.2149792761 0.9218863845
vt 0.2149792761 0.9218863845
vt 0.2270929515 0.9220535755
vt 0.2149792761 0.9218863845
vt 0.2227556258 0.9312036633
vt 0.2227556258 0.9312036633
vt 0.2303538322 0.9307361245
vt 0.2292111218 0.9001333714
vt 0.2232082486 0.9009333849
vt 0.2232082486 0.9009333849
vt 0.2230578661 0.9122446775
vt 0.2299456447 0.8951861858
vt 0.2093172967 0.8940879703
vt 0.2093172967 0.8940879703
vt 0.2232082486 0.9009333849
vt 0.2296852171 0.8873179555
vt 0.2162750363 0.8881298900
vt 0.2162750363 0.8881298900
vt 0.2093172967 0.8940879703
vt 0.2284151912 0.8786581755
vt 0.2193263769 0.9507563114
vt 0.2186664045 0.8811025620
vt 0.2162750363 0.8881298900
vt 0.2309570312 0.9400323033
vt 0.2165751606 0.9405317307
vt 0.2165751606 0.9405317307
vt 0.2193263769 0.9507563114
vt 0.2227556258 0.9312036633
vt 0.2165751606 0.9405317307
vt 0.1116369814 0.9526367188
vt 0.1323795319 0.8822122812
vt 0.1339489967 0.9495712519
vt 0.1365430951 0.9413468242
vt 0.1365430951 0.9413468242
vt 0.1119056940 0.9458802342
vt 0.1079473123 0.8857260346
vt 0.1280058920 0.8895906210
vt 0.1280058920 0.8895906210
vt 0.1323795319 0.8822122812
vt 0.1003416479 0.8986432552
vt 0.1262325346 0.8997620940
vt 0.1262325346 0.8997620940
vt 0.1280058920 0.8895906210
vt 0.1000976562 0.9076200128
vt 0.1238656342 0.9061240554
vt 0.1238656342 0.9061240554
vt 0.1262325346 0.8997620940
vt 0.1013524383 0.9161517024
vt 0.1239572614 0.9154685736
vt 0.1239572614 0.9154685736
vt 0.1238656342 0.9061240554
vt 0.1079575419 0.9269194007
vt 0.1300483942 0.9239917994
vt 0.1300483942 0.9239917994
vt 0.1239572614 0.9154685736
vt 0.1112108231 0.9376168847
vt 0.1364456862 0.9330422282
vt 0.1364456862 0.9330422282
vt 0.1300483942 0.9239917994
vt 0.1365430951 0.9413468242
vt 0.1364456862 0.9330422282
vt 0.1951957345 0.9016042352
vt 0.1238656342 0.9061240554
vt 0.1953040659 0.9137352705
vt 0.1951957345 0.9016042352
vt 0.1239572614 0.9154685736
vt 0.1953040659 0.9137352705
vt 0.2029763162 0.9296182394
vt 0.2227556258 0.9312036633
vt 0.2017582059 0.9403011799
vt 0.2165751606 0.9405317307
vt 0.2048422396 0.8895745277
vt 0.1280058920 0.8895906210
vt 0.2014405578 0.9493475556
vt 0.2186664045 0.8811025620
vt 0.2006057501 0.8814235926
vt 0.1339489967 0.9495712519
vt 0.2048422396 0.8895745277
vt 0.2006057501 0.8814235926
vt 0.2017582059 0.9403011799
vt 0.1365430951 0.9413468242
vt 0.2014405578 0.9493475556
vt 0.2017582059 0.9403011799
vt 0.2029763162 0.9296182394
vt 0.1364456862 0.9330422282
vt 0.2017582059 0.9403011799
vt 0.2029763162 0.9296182394
vt 0.1262325346 0.8997620940
vt 0.2093172967 0.8940879703
vt 0.2093172967 0.8940879703
vt 0.1951957345 0.9016042352
vt 0.2048422396 0.8895745277
vt 0.2162750363 0.8881298900
vt 0.2232082486 0.9009333849
vt 0.1951957345 0.9016042352
vt 0.1953040659 0.9137352705
vt 0.2230578661 0.9122446775
vt 0.2048422396 0.8895745277
vt 0.2093172967 0.8940879703
vt 0.1300483942 0.9239917994
vt 0.2149792761 0.9218863845
vt 0.2149792761 0.9218863845
vt 0.1953040659 0.9137352705
vt 0.2149792761 0.9218863845
vt 0.2029763162 0.9296182394
vt 0.1576834470 0.1581671238
vt 0.1795400977 0.1993750483
vt 0.9480508566 0.3157596290
vt 0.8864297867 0.3022445142
vt 0.8864297867 0.3022445142
vt 0.8936661482 0.2538995445
vt 0.8936661482 0.2538995445
vt 0.9480193853 0.2619252503
vt 0.7834248543 0.9405317307
vt 0.7982417941 0.9403011799
vt 0.8936661482 0.2538995445
vt 0.8991115093 0.1972777992
vt 0.8991115093 0.1972777992
vt 0.9455421567 0.2040538192
vt 0.7772443891 0.9312036633
vt 0.7970236540 0.9296182394
vt 0.8991115093 0.1972777992
vt 0.8872240186 0.1375590712
vt 0.8872240186 0.1375590712
vt 0.9397878051 0.1417164654
vt 0.8046959639 0.9137352705
vt 0.8760427237 0.9154685736
vt 0.8872240186 0.1375590712
vt 0.8766427040 0.1013213620
vt 0.8766427040 0.1013213620
vt 0.9294328094 0.0946443826
vt 0.8048042655 0.9016042352
vt 0.8046959639 0.9137352705
vt 0.9995117188 0.0911924094
vt 0.9294328094 0.0946443826
vt 0.9906492233 0.1500568390
vt 0.9397878051 0.1417164654
vt 0.9605578780 0.0535442308
vt 0.5522460938 0.7559090853
vt 0.5969932079 0.7827148438
vt 0.6095387936 0.7720560431
vt 0.6095387936 0.7720560431
vt 0.5632135868 0.7520445585
vt 0.8761343956 0.9061240554
vt 0.8048042655 0.9016042352
vt 0.5969932079 0.7827148438
vt 0.9226178527 0.0004882812
vt 0.6562840343 0.7827148438
vt 0.6526994705 0.7626819015
vt 0.6526994705 0.7626819015
vt 0.6095387936 0.7720560431
vt 0.9455421567 0.2040538192
vt 0.9480193853 0.2619252503
vt 0.9480193853 0.2619252503
vt 0.9480508566 0.3157596290
vt 0.9085863829 0.0486112423
vt 0.9294328094 0.0946443826
vt 0.9294328094 0.0946443826
vt 0.9397878051 0.1417164654
vt 0.9397878051 0.1417164654
vt 0.9455421567 0.2040538192
vt 0.8766427040 0.1013213620
vt 0.8584394455 0.0571304038
vt 0.9605578780 0.0535442308
vt 0.9085863829 0.0486112423
vt 0.8766427040 0.1013213620
vt 0.8642843366 0.1052254885
vt 0.8642843366 0.1052254885
vt 0.9122498631 0.6435143352
vt 0.8531547785 0.0601494536
vt 0.8584394455 0.0571304038
vt 0.9625228643 0.3205790818
vt 0.9480508566 0.3157596290
vt 0.9729961157 0.2665860951
vt 0.9480193853 0.2619252503
vt 0.9807860851 0.2096684426
vt 0.9455421567 0.2040538192
vt 0.8584394455 0.0571304038
vt 0.9085863829 0.0486112423
vt 0.6095387936 0.7720560431
vt 0.6081013083 0.7448216677
vt 0.6081013083 0.7448216677
vt 0.5685701370 0.7446020842
vt 0.8635542989 0.9330422282
vt 0.8634569049 0.9413468242
vt 0.6081013083 0.7448216677
vt 0.6228425503 0.7142310143
vt 0.6228425503 0.7142310143
vt 0.6274414062 0.3461914062
vt 0.8699516058 0.9239917994
vt 0.8635542989 0.9330422282
vt 0.9085863829 0.0486112423
vt 0.8904345036 0.0168364998
vt 0.8904345036 0.0168364998
vt 0.7562787533 0.0043945312
vt 0.6562840343 0.7827148438
vt 0.7136397958 0.0361768976
vt 0.7056899071 0.7549758554
vt 0.7037485838 0.7106959820
vt 0.7037485838 0.7106959820
vt 0.6526994705 0.7626819015
vt 0.7895789146 0.0178455636
vt 0.7596658468 0.0450472757
vt 0.7596658468 0.0450472757
vt 0.7136397958 0.0361768976
vt 0.6081013083 0.7448216677
vt 0.6384164691 0.7354354262
vt 0.6384164691 0.7354354262
vt 0.6358039379 0.7114303112
vt 0.6358039379 0.7114303112
vt 0.6268130541 0.3347491622
vt 0.6526994705 0.7626819015
vt 0.6384164691 0.7354354262
vt 0.6384164691 0.7354354262
vt 0.6646794081 0.6991180778
vt 0.8635542989 0.9330422282
vt 0.8887891769 0.9376168847
vt 0.6418001652 0.6987304688
vt 0.6252416372 0.3240816593
vt 0.7037485838 0.7106959820
vt 0.3353206217 0.6991180778
vt 0.6252416372 0.3240816593
vt 0.5947278738 0.3232239485
vt 0.5947278738 0.3232239485
vt 0.5925973654 0.3336263895
vt 0.5925973654 0.3336263895
vt 0.6268130541 0.3347491622
vt 0.6258295774 0.3127785921
vt 0.4028900564 0.3113493621
vt 0.5971099138 0.3113493621
vt 0.5947278738 0.3232239485
vt 0.5925973654 0.3336263895
vt 0.5929104686 0.3455659151
vt 0.8760427237 0.9154685736
vt 0.8699516058 0.9239917994
vt 0.7895789146 0.0178455636
vt 0.8485574722 0.0391054600
vt 0.8329334855 0.0381317809
vt 0.8194626570 0.0572686680
vt 0.8194626570 0.0572686680
vt 0.7596658468 0.0450472757
vt 0.8584394455 0.0571304038
vt 0.8485574722 0.0391054600
vt 0.8531547785 0.0601494536
vt 0.9125976562 0.6625276804
vt 0.8422851562 0.0428988673
vt 0.8329334855 0.0381317809
vt 0.8393554688 0.0422679521
vt 0.5037958622 0.5084614754
vt 0.8253690004 0.0624006242
vt 0.8194626570 0.0572686680
vt 0.8838769197 0.6107704043
vt 0.8648014069 0.6069108248
vt 0.8648014069 0.6069108248
vt 0.8830446005 0.6431841254
vt 0.8830446005 0.6431841254
vt 0.9122498631 0.6435143352
vt 0.8830446005 0.6431841254
vt 0.8837583661 0.6653854251
vt 0.8837583661 0.6653854251
vt 0.5004882812 0.5305067301
vt 0.5299719572 0.5308823586
vt 0.5316034555 0.5067105293
vt 0.5316034555 0.5067105293
vt 0.5037958622 0.5084614754
vt 0.8872240186 0.1375590712
vt 0.8715680242 0.1349977702
vt 0.8715680242 0.1349977702
vt 0.8642843366 0.1052254885
vt 0.8991115093 0.1972777992
vt 0.8596880436 0.1723197699
vt 0.8596880436 0.1723197699
vt 0.8715680242 0.1349977702
vt 0.8596880436 0.1723197699
vt 0.8423165679 0.1581671238
vt 0.8423165679 0.1581671238
vt 0.8838769197 0.6107704043
vt 0.8936661482 0.2538995445
vt 0.8592224121 0.2517008483
vt 0.8592224121 0.2517008483
vt 0.8596880436 0.1723197699
vt 0.8864297867 0.3022445142
vt 0.8624061942 0.3019544482
vt 0.8624061942 0.3019544482
vt 0.8592224121 0.2517008483
vt 0.8253690004 0.0624006242
vt 0.5132741928 0.4798323512
vt 0.8085157871 0.0911765248
vt 0.7971894145 0.0817230865
vt 0.7971894145 0.0817230865
vt 0.8194626570 0.0572686680
vt 0.8085157871 0.0911765248
vt 0.7968500853 0.1333955079
vt 0.7968500853 0.1333955079
vt 0.7763220072 0.1320222914
vt 0.7763220072 0.1320222914
vt 0.7971894145 0.0817230865
vt 0.7971894145 0.0817230865
vt 0.7231802940 0.0801863298
vt 0.7231802940 0.0801863298
vt 0.7596658468 0.0450472757
vt 0.7231802940 0.0801863298
vt 0.7077612877 0.0498344302
vt 0.7077612877 0.0498344302
vt 0.7056899071 0.7549758554
vt 0.7213565111 0.7574539781
vt 0.6791992188 0.0515514351
vt 0.8699516058 0.9239917994
vt 0.8920424581 0.9269194007
vt 0.7231802940 0.0801863298
vt 0.6791992188 0.0854447782
vt 0.8761343956 0.9061240554
vt 0.8760427237 0.9154685736
vt 0.8760427237 0.9154685736
vt 0.8986475468 0.9161517024
vt 0.7192403674 0.1333659738
vt 0.6795107126 0.1345589459
vt 0.7231802940 0.0801863298
vt 0.7192403674 0.1333659738
vt 0.7763220072 0.1320222914
vt 0.7192403674 0.1333659738
vt 0.7267104387 0.3086656928
vt 0.7220873833 0.2502705455
vt 0.7717511058 0.3023328781
vt 0.7267104387 0.3086656928
vt 0.7748786807 0.2463452816
vt 0.7717511058 0.3023328781
vt 0.6908006072 0.3165788054
vt 0.3159135282 0.2507215142
vt 0.7267104387 0.3086656928
vt 0.6908006072 0.3165788054
vt 0.7763220072 0.1320222914
vt 0.7764798999 0.1941203326
vt 0.7192403674 0.1333659738
vt 0.7211317420 0.1955724657
vt 0.8737674952 0.8997620940
vt 0.8761343956 0.9061240554
vt 0.7220873833 0.2502705455
vt 0.7748786807 0.2463452816
vt 0.6840864420 0.2507215142
vt 0.7220873833 0.2502705455
vt 0.6840864420 0.2507215142
vt 0.3179389238 0.1959598511
vt 0.7220873833 0.2502705455
vt 0.7211317420 0.1955724657
vt 0.7748786807 0.2463452816
vt 0.7764798999 0.1941203326
vt 0.7211317420 0.1955724657
vt 0.6820610762 0.1959598511
vt 0.7764798999 0.1941203326
vt 0.7211317420 0.1955724657
vt 0.8065612912 0.1772371531
vt 0.7968500853 0.1333955079
vt 0.8260886669 0.1629399806
vt 0.8065612912 0.1772371531
vt 0.8085157871 0.0911765248
vt 0.5435209274 0.4184921682
vt 0.8204599023 0.1993750483
vt 0.8065612912 0.1772371531
vt 0.8596880436 0.1723197699
vt 0.8451281786 0.1936364472
vt 0.8065612912 0.1772371531
vt 0.7764798999 0.1941203326
vt 0.7905035615 0.3023056090
vt 0.7717511058 0.3023328781
vt 0.7929577827 0.2507744431
vt 0.7905035615 0.3023056090
vt 0.7748786807 0.2463452816
vt 0.7929577827 0.2507744431
vt 0.8054292202 0.3074191213
vt 0.7905035615 0.3023056090
vt 0.8123351932 0.2537885904
vt 0.8430580497 0.3061923981
vt 0.7929577827 0.2507744431
vt 0.8123351932 0.2537885904
vt 0.8624061942 0.3019544482
vt 0.8430580497 0.3061923981
vt 0.8422851562 0.2491284609
vt 0.8592224121 0.2517008483
vt 0.8065612912 0.1772371531
vt 0.7929577827 0.2507744431
vt 0.8422851562 0.2491284609
vt 0.8204599023 0.1993750483
vt 0.8655642867 0.5578345656
vt 0.5546911955 0.4153238237
vt 0.8548285365 0.5541211963
vt 0.8648014069 0.6069108248
vt 0.8548285365 0.5541211963
vt 0.5938259363 0.4037203193
vt 0.8159600496 0.5438994169
vt 0.8078613281 0.5962210894
vt 0.8078613281 0.5962210894
vt 0.8648014069 0.6069108248
vt 0.5132741928 0.4798323512
vt 0.5386472940 0.4715670943
vt 0.5386472940 0.4715670943
vt 0.5546911955 0.4153238237
vt 0.5316034555 0.5067105293
vt 0.5386472940 0.4715670943
vt 0.8078613281 0.5962210894
vt 0.8067019582 0.6355000734
vt 0.8067019582 0.6355000734
vt 0.8830446005 0.6431841254
vt 0.8067019582 0.6355000734
vt 0.8093006611 0.6671969891
vt 0.8093006611 0.6671969891
vt 0.5299719572 0.5308823586
vt 0.6051742435 0.5327148438
vt 0.6049484015 0.4987106621
vt 0.6049484015 0.4987106621
vt 0.5316034555 0.5067105293
vt 0.6049484015 0.4987106621
vt 0.6049957871 0.4512612522
vt 0.6049957871 0.4512612522
vt 0.5386472940 0.4715670943
vt 0.6049957871 0.4512612522
vt 0.5938259363 0.4037203193
vt 0.6272571087 0.4939367175
vt 0.6049484015 0.4987106621
vt 0.6253111362 0.5306639671
vt 0.6272571087 0.4939367175
vt 0.6051742435 0.5327148438
vt 0.7892975807 0.6694335938
vt 0.7014056444 0.4882866740
vt 0.6272571087 0.4939367175
vt 0.7002957463 0.5327148438
vt 0.8918241858 0.8126770854
vt 0.6253111362 0.5306639671
vt 0.7148016095 0.6694335938
vt 0.7870083451 0.6339819431
vt 0.7892975807 0.6694335938
vt 0.8067019582 0.6355000734
vt 0.7870083451 0.6339819431
vt 0.7082960010 0.6256879568
vt 0.9233486056 0.8959960938
vt 0.7870083451 0.6339819431
vt 0.7082960010 0.6256879568
vt 0.7878035903 0.5919983387
vt 0.7870083451 0.6339819431
vt 0.8078613281 0.5962210894
vt 0.7878035903 0.5919983387
vt 0.7045898438 0.5769002438
vt 0.9676359892 0.8959960938
vt 0.7878035903 0.5919983387
vt 0.7045898438 0.5769002438
vt 0.7926720381 0.5402705669
vt 0.7878035903 0.5919983387
vt 0.8159600496 0.5438994169
vt 0.6164345741 0.3965276778
vt 0.7086086273 0.5278320312
vt 0.9985351562 0.8581104279
vt 0.7926720381 0.5402705669
vt 0.6999062300 0.3754882812
vt 0.6230279803 0.4479864240
vt 0.6164345741 0.3965276778
vt 0.6049957871 0.4512612522
vt 0.6230279803 0.4479864240
vt 0.7016601562 0.4292230606
vt 0.9933806062 0.8093514442
vt 0.6230279803 0.4479864240
vt 0.7016601562 0.4292230606
vt 0.6272571087 0.4939367175
vt 0.6230279803 0.4479864240
vt 0.7014056444 0.4882866740
vt 0.9449946284 0.7875976562
vt 0.9414509535 0.8330823183
vt 0.8918241858 0.8126770854
vt 0.9378446341 0.8427150249
vt 0.7889557481 0.7466430068
vt 0.8891601562 0.8567526340
vt 0.9422025681 0.8490814567
vt 0.9547211528 0.8491992950
vt 0.7891975641 0.8022460938
vt 0.9676359892 0.8959960938
vt 0.9547211528 0.8491992950
vt 0.9636096954 0.8409229517
vt 0.7866164446 0.7900895476
vt 0.9985351562 0.8581104279
vt 0.9636096954 0.8409229517
vt 0.9514836669 0.8258316517
vt 0.9449946284 0.7875976562
vt 0.9414509535 0.8330823183
vt 0.7835435867 0.7575177550
vt 0.9628860354 0.8294160366
vt 0.9933806062 0.8093514442
vt 0.9514836669 0.8258316517
vt 0.7784844637 0.7682282329
vt 0.7553237081 0.7907862067
vt 0.7866164446 0.7900895476
vt 0.7570023537 0.7819293141
vt 0.7553237081 0.7907862067
vt 0.7812888622 0.7792530060
vt 0.7570023537 0.7819293141
vt 0.9628860354 0.8294160366
vt 0.7812888622 0.7792530060
vt 0.7572802305 0.7690222263
vt 0.7570023537 0.7819293141
vt 0.7784844637 0.7682282329
vt 0.7572802305 0.7690222263
vt 0.7600798607 0.7581604123
vt 0.7572802305 0.7690222263
vt 0.7835435867 0.7575177550
vt 0.7600798607 0.7581604123
vt 0.7592661977 0.7470769882
vt 0.7600798607 0.7581604123
vt 0.7889557481 0.7466430068
vt 0.7592661977 0.7470769882
vt 0.7597705126 0.7382532954
vt 0.7592661977 0.7470769882
vt 0.7915039062 0.7368164062
vt 0.7571755648 0.8006072044
vt 0.7553237081 0.7907862067
vt 0.7571755648 0.8006072044
vt 0.7570023537 0.7819293141
vt 0.7427280545 0.7817701697
vt 0.7427280545 0.7817701697
vt 0.7339884043 0.9195616841
vt 0.7433267832 0.7924683094
vt 0.7553237081 0.7907862067
vt 0.7433267832 0.7924683094
vt 0.7436523438 0.9262379408
vt 0.7431085110 0.8022460938
vt 0.7597705126 0.7382532954
vt 0.7457507253 0.7385168672
vt 0.9276136160 0.9043015242
vt 0.7449491024 0.7488948107
vt 0.7592661977 0.7470769882
vt 0.7449491024 0.7488948107
vt 0.9387614131 0.9023883343
vt 0.7429875135 0.7597982883
vt 0.7600798607 0.7581604123
vt 0.7429875135 0.7597982883
vt 0.7298575640 0.8939092159
vt 0.7407226562 0.7697039843
vt 0.7572802305 0.7690222263
vt 0.7407226562 0.7697039843
vt 0.7300124168 0.9077926874
vt 0.7266779542 0.9081655145
vt 0.7185268402 0.8890648484
vt 0.7185268402 0.8890648484
vt 0.6998251081 0.8869022131
vt 0.6825025082 0.8856238723
vt 0.6795213223 0.9101682901
vt 0.5422489643 0.5727007985
vt 0.5348117352 0.5723942518
vt 0.6825025082 0.8856238723
vt 0.6753586531 0.8847585917
vt 0.6753586531 0.8847585917
vt 0.6720250845 0.9087104201
vt 0.6758801937 0.9392095804
vt 0.5152946711 0.5474745631
vt 0.6753586531 0.8847585917
vt 0.6596226096 0.8830976486
vt 0.6596226096 0.8830976486
vt 0.6571967006 0.9064035416
vt 0.6465942860 0.9510071874
vt 0.9047200680 0.9548398256
vt 0.6596226096 0.8830976486
vt 0.6437060833 0.8851104975
vt 0.6437060833 0.8851104975
vt 0.6413736343 0.9040292501
vt 0.6394619942 0.9215134978
vt 0.6511030197 0.9289084673
vt 0.5122070312 0.5864257812
vt 0.5288689733 0.5788149238
vt 0.5288689733 0.5788149238
vt 0.5271556973 0.5619440079
vt 0.5271556973 0.5619440079
vt 0.5152946711 0.5474745631
vt 0.5353847742 0.5684966445
vt 0.5271556973 0.5619440079
vt 0.7418010831 0.9465846419
vt 0.7255405188 0.9321442842
vt 0.5348117352 0.5723942518
vt 0.5288689733 0.5788149238
vt 0.9295612574 0.9348977804
vt 0.9283300638 0.9086177945
vt 0.9283300638 0.9086177945
vt 0.9071797729 0.9135737419
vt 0.5422489643 0.5727007985
vt 0.5514304042 0.5807164907
vt 0.7185268402 0.8890648484
vt 0.7281727791 0.8714466095
vt 0.7281727791 0.8714466095
vt 0.9536132812 0.9307182431
vt 0.6803854704 0.8579101562
vt 0.6825025082 0.8856238723
vt 0.9513605833 0.9100925326
vt 0.9283300638 0.9086177945
vt 0.9297475219 0.9532851577
vt 0.9530353546 0.9518504143
vt 0.7255405188 0.9321442842
vt 0.7339884043 0.9195616841
vt 0.5353847742 0.5684966445
vt 0.5348117352 0.5723942518
vt 0.7418010831 0.9465846419
vt 0.9175346494 0.9008789062
vt 0.9283300638 0.9086177945
vt 0.9276136160 0.9043015242
vt 0.9513605833 0.9100925326
vt 0.7386240959 0.8854171634
vt 0.5402251482 0.5690090656
vt 0.5511087775 0.5596460104
vt 0.7255405188 0.9321442842
vt 0.7266779542 0.9081655145
vt 0.5402251482 0.5690090656
vt 0.5422489643 0.5727007985
vt 0.5659179688 0.5405273438
vt 0.5511087775 0.5596460104
vt 0.6511030197 0.9289084673
vt 0.6571967006 0.9064035416
vt 0.6394619942 0.9215134978
vt 0.6413736343 0.9040292501
vt 0.5402251482 0.5690090656
vt 0.5353847742 0.5684966445
vt 0.6720250845 0.9087104201
vt 0.6795213223 0.9101682901
vt 0.6571967006 0.9064035416
vt 0.6720250845 0.9087104201
vt 0.6413736343 0.9040292501
vt 0.6571967006 0.9064035416
vt 0.7300124168 0.9077926874
vt 0.7266779542 0.9081655145
vt 0.7298575640 0.8939092159
vt 0.7185268402 0.8890648484
vt 0.5122070312 0.5864257812
vt 0.6535251141 0.9575195312
vt 0.5548661947 0.5864257812
vt 0.5514304042 0.5807164907
vt 0.5514304042 0.5807164907
vt 0.5288689733 0.5788149238
vt 0.5511087775 0.5596460104
vt 0.5271556973 0.5619440079
vt 0.5511087775 0.5596460104
vt 0.5514304042 0.5807164907
vt 0.5548661947 0.5864257812
vt 0.9028320312 0.9260970354
vt 0.6720250845 0.9087104201
vt 0.6654900312 0.9352533817
vt 0.6654900312 0.9352533817
vt 0.6758801937 0.9392095804
vt 0.6758801937 0.9392095804
vt 0.6795213223 0.9101682901
vt 0.6511030197 0.9289084673
vt 0.6654900312 0.9352533817
vt 0.6654900312 0.9352533817
vt 0.6465942860 0.9510071874
vt 0.5659179688 0.5405273438
vt 0.7032161355 0.9410536289
vt 0.7306723595 0.9575195312
vt 0.9071797729 0.9135737419
vt 0.7255405188 0.9321442842
vt 0.7032161355 0.9410536289
vt 0.6825025082 0.8856238723
vt 0.6998251081 0.8869022131
vt 0.9530353546 0.9518504143
vt 0.7058709264 0.8605256677
vt 0.9297475219 0.9532851577
vt 0.9295612574 0.9348977804
vt 0.7058709264 0.8605256677
vt 0.6998251081 0.8869022131
vt 0.9295612574 0.9348977804
vt 0.9536132812 0.9307182431
vt 0.7002471089 0.9111738205
vt 0.7032161355 0.9410536289
vt 0.7266779542 0.9081655145
vt 0.7002471089 0.9111738205
vt 0.6998251081 0.8869022131
vt 0.7002471089 0.9111738205
vt 0.7002471089 0.9111738205
vt 0.6795213223 0.9101682901
vt 0.9028320312 0.9260970354
vt 0.9295612574 0.9348977804
vt 0.9047200680 0.9548398256
vt 0.9297475219 0.9532851577
vt 0.6371475458 0.9411500692
vt 0.6511030197 0.9289084673
vt 0.6296163201 0.9235408306
vt 0.9070248604 0.9768944979
vt 0.6394619942 0.9215134978
vt 0.6296163201 0.9235408306
vt 0.6371475458 0.9411500692
vt 0.9064584970 0.9637143016
vt 0.9293637872 0.9758952260
vt 0.9070248604 0.9768944979
vt 0.9296708703 0.9958469868
vt 0.9293637872 0.9758952260
vt 0.9074861407 0.9975585938
vt 0.6264648438 0.9017239809
vt 0.9297636151 0.9621616602
vt 0.9064584970 0.9637143016
vt 0.9293637872 0.9758952260
vt 0.9297636151 0.9621616602
vt 0.9297636151 0.9621616602
vt 0.9297475219 0.9532851577
vt 0.9532524347 0.9743471742
vt 0.9293637872 0.9758952260
vt 0.9527716041 0.9975585938
vt 0.6553381681 0.8642843366
vt 0.9296708703 0.9958469868
vt 0.6324117184 0.8776336908
vt 0.9524045587 0.9611240625
vt 0.9297636151 0.9621616602
vt 0.9532524347 0.9743471742
vt 0.6701073647 0.8594345450
vt 0.9524045587 0.9611240625
vt 0.6803854704 0.8579101562
vt 0.6701073647 0.8594345450
vt 0.6753586531 0.8847585917
vt 0.6553381681 0.8642843366
vt 0.6596226096 0.8830976486
vt 0.6324117184 0.8776336908
vt 0.6437060833 0.8851104975
vt 0.6264648438 0.9017239809
vt 0.6413736343 0.9040292501
vt 0.5898822546 0.3229507804
vt 0.5947278738 0.3232239485
vt 0.5913394690 0.3108732104
vt 0.5898822546 0.3229507804
vt 0.5971099138 0.3113493621
vt 0.4086605310 0.3108732104
vt 0.5884141922 0.3336414099
vt 0.5925973654 0.3336263895
vt 0.5898822546 0.3229507804
vt 0.5884141922 0.3336414099
vt 0.8761343956 0.9061240554
vt 0.8999023438 0.9076200128
vt 0.5884141922 0.3336414099
vt 0.5897497535 0.3455308080
vt 0.5675077438 0.3206890225
vt 0.5898822546 0.3229507804
vt 0.5668945312 0.3041992188
vt 0.6107541323 0.5709431171
vt 0.5913394690 0.3108732104
vt 0.4331054688 0.3041992188
vt 0.5783476830 0.3347427249
vt 0.5884141922 0.3336414099
vt 0.5675077438 0.3206890225
vt 0.6282919645 0.5616207123
vt 0.8719941378 0.8895906210
vt 0.8737674952 0.8997620940
vt 0.5783476830 0.3347427249
vt 0.6308451891 0.5488160849
vt 0.5845450163 0.6278644204
vt 0.6107541323 0.5709431171
vt 0.5441579819 0.6011533141
vt 0.5845450163 0.6278644204
vt 0.5951478481 0.5627966523
vt 0.4558420181 0.6011533141
vt 0.8737674952 0.8997620940
vt 0.8996583223 0.8986432552
vt 0.6496133804 0.5888075233
vt 0.6412627697 0.5465733409
vt 0.6282919645 0.5616207123
vt 0.6496133804 0.5888075233
vt 0.8676204681 0.8822122812
vt 0.8719941378 0.8895906210
vt 0.6772036552 0.5963272452
vt 0.6163305640 0.8916717172
vt 0.6496133804 0.5888075233
vt 0.6772036552 0.5963272452
vt 0.5845450163 0.6278644204
vt 0.6496133804 0.5888075233
vt 0.5789962411 0.6741672754
vt 0.5845450163 0.6278644204
vt 0.5161132812 0.6581505537
vt 0.6203236580 0.7927578688
vt 0.5789962411 0.6741672754
vt 0.6649297476 0.6733818650
vt 0.6087718010 0.8053600788
vt 0.6203236580 0.7927578688
vt 0.6443694234 0.8531159759
vt 0.6087718010 0.8053600788
vt 0.6625976562 0.8414990306
vt 0.3556305766 0.8531159759
vt 0.5785629749 0.8472789526
vt 0.5913004875 0.8229712248
vt 0.5919504166 0.8754103780
vt 0.5785629749 0.8472789526
vt 0.8719941378 0.8895906210
vt 0.8920527101 0.8857260346
vt 0.5219726562 0.7709960938
vt 0.5783735514 0.6801757812
vt 0.5237182379 0.7772224545
vt 0.5170898438 0.3144454360
vt 0.6087718010 0.8053600788
vt 0.5237182379 0.7772224545
vt 0.5542346835 0.3352838159
vt 0.5170898438 0.3144454360
vt 0.5574051738 0.3311597407
vt 0.5542346835 0.3352838159
vt 0.5177736878 0.3081054688
vt 0.9831480384 0.5655730367
vt 0.6649297476 0.6733818650
vt 0.6496133804 0.5888075233
vt 0.5574051738 0.3311597407
vt 0.9539157748 0.5429649949
vt 0.5801704526 0.3597494960
vt 0.5749071240 0.3615983129
vt 0.5749071240 0.3615983129
vt 0.5542346835 0.3352838159
vt 0.5801704526 0.3597494960
vt 0.9194335938 0.5375976562
vt 0.5903320312 0.3952909708
vt 0.4156951010 0.3959960938
vt 0.5843049288 0.3959960938
vt 0.5749071240 0.3615983129
vt 0.5266640186 0.8528378606
vt 0.9697443247 0.6547851562
vt 0.5785629749 0.8472789526
vt 0.5266640186 0.8528378606
vt 0.5441579819 0.6011533141
vt 0.4813835919 0.6514209509
vt 0.9194335938 0.6476132274
vt 0.0718275234 0.6004148126
vt 0.9465070963 0.6511886716
vt 0.5219726562 0.8813476562
vt 0.5919504166 0.8754103780
vt 0.4780273438 0.8813476562
vt 0.8880943060 0.9458802342
vt 0.8634569049 0.9413468242
vt 0.6087718010 0.8053600788
vt 0.5913004875 0.8229712248
vt 0.9907226562 0.6101763844
vt 0.5348549485 0.8291247487
vt 0.5186164379 0.6514209509
vt 0.5789962411 0.6741672754
vt 0.5913004875 0.8229712248
vt 0.6187585592 0.8663727045
vt 0.5348549485 0.8291247487
vt 0.5913004875 0.8229712248
vt 0.9907226562 0.6101763844
vt 0.9608132839 0.6054925919
vt 0.8634569049 0.9413468242
vt 0.8660510182 0.9495712519
vt 0.9608132839 0.6054925919
vt 0.9281724691 0.6004148126
vt 0.9608132839 0.6054925919
vt 0.9465070963 0.6511886716
vt 0.9539157748 0.5429649949
vt 0.9608132839 0.6054925919
vt 0.6649297476 0.6733818650
vt 0.6798731089 0.6801757812
vt 0.5789962411 0.6741672754
vt 0.5783735514 0.6801757812
vt 0.6798731089 0.6801757812
vt 0.6041998863 0.9370956421
vt 0.6443694234 0.8531159759
vt 0.3812414706 0.8663727045
vt 0.5317168236 0.9474892616
vt 0.5639078617 0.8897332549
vt 0.8660510182 0.9495712519
vt 0.8899295330 0.8774414062
vt 0.5542346835 0.3352838159
vt 0.5170898438 0.3859182894
vt 0.5843049288 0.3959960938
vt 0.4829101562 0.3859182894
vt 0.5317168236 0.9474892616
vt 0.5170898438 0.3859182894
vt 0.7834248543 0.9405317307
vt 0.7772443891 0.9312036633
vt 0.9625228643 0.3205790818
vt 0.0428895503 0.3315429688
vt 0.9571104646 0.3315429688
vt 0.7075195312 0.3870123327
vt 0.9447419643 0.3277315497
vt 0.9480508566 0.3157596290
vt 0.9447419643 0.3277315497
vt 0.7144566178 0.4695612192
vt 0.8907775879 0.3117257953
vt 0.8864297867 0.3022445142
vt 0.7075644732 0.3690130711
vt 0.2223572433 0.3724057078
vt 0.7776427269 0.3724057078
vt 0.7827465534 0.4007430375
vt 0.7827465534 0.4007430375
vt 0.7075195312 0.3870123327
vt 0.7776427269 0.3724057078
vt 0.1825100183 0.3760275841
vt 0.8174899817 0.3760275841
vt 0.8248125315 0.4058750868
vt 0.8248125315 0.4058750868
vt 0.7827465534 0.4007430375
vt 0.7827465534 0.4007430375
vt 0.7925364971 0.4618199766
vt 0.7925364971 0.4618199766
vt 0.7144566178 0.4695612192
vt 0.8907775879 0.3117257953
vt 0.7083905935 0.5012334585
vt 0.8688555360 0.3217824697
vt 0.8624061942 0.3019544482
vt 0.8688555360 0.3217824697
vt 0.7075195312 0.5247827172
vt 0.8527402878 0.3294361234
vt 0.8054292202 0.3074191213
vt 0.7919012308 0.3282333612
vt 0.5503082871 0.3008265793
vt 0.7818853259 0.3215242028
vt 0.7905035615 0.3023056090
vt 0.7818853259 0.3215242028
vt 0.5707929730 0.3002761602
vt 0.7680118084 0.3182574213
vt 0.7717511058 0.3023328781
vt 0.7680118084 0.3182574213
vt 0.6246794462 0.3039337993
vt 0.7303280830 0.3200488985
vt 0.7267104387 0.3086656928
vt 0.7806736231 0.9507563114
vt 0.7834248543 0.9405317307
vt 0.7303280830 0.3200488985
vt 0.6744602323 0.3100585938
vt 0.8296730518 0.4579586089
vt 0.7925364971 0.4618199766
vt 0.8248125315 0.4058750868
vt 0.8296730518 0.4579586089
vt 0.8682830930 0.4173641503
vt 0.8248125315 0.4058750868
vt 0.9207487106 0.4775812328
vt 0.9176340103 0.5035948753
vt 0.5180664062 0.0846510082
vt 0.5393916368 0.0922968239
vt 0.8682830930 0.4173641503
vt 0.8613554835 0.4641301930
vt 0.8613554835 0.4641301930
vt 0.8296730518 0.4579586089
vt 0.8682830930 0.4173641503
vt 0.9382869601 0.4477936924
vt 0.9382869601 0.4477936924
vt 0.9207487106 0.4775812328
vt 0.9207487106 0.4775812328
vt 0.8613554835 0.4641301930
vt 0.8613554835 0.4641301930
vt 0.8604208231 0.5016286373
vt 0.8604208231 0.5016286373
vt 0.8330543637 0.4993152618
vt 0.8330543637 0.4993152618
vt 0.8296730518 0.4579586089
vt 0.7925364971 0.4618199766
vt 0.7964661121 0.4980828762
vt 0.7964661121 0.4980828762
vt 0.7083905935 0.5012334585
vt 0.8330543637 0.4993152618
vt 0.7964661121 0.4980828762
vt 0.8604208231 0.5016286373
vt 0.8536727428 0.5268554688
vt 0.8536727428 0.5268554688
vt 0.5199937820 0.1813997924
vt 0.8278838992 0.5268465877
vt 0.8330543637 0.4993152618
vt 0.8278838992 0.5268465877
vt 0.5213164091 0.2135728300
vt 0.7961739302 0.5234768987
vt 0.7964661121 0.4980828762
vt 0.7961739302 0.5234768987
vt 0.5339924693 0.3030455709
vt 0.5180664062 0.1557611227
vt 0.5477520227 0.1532506496
vt 0.5477520227 0.1532506496
vt 0.5490795374 0.1792312264
vt 0.5490795374 0.1792312264
vt 0.5199937820 0.1813997924
vt 0.5490795374 0.1792312264
vt 0.5493894815 0.2148954570
vt 0.5493894815 0.2148954570
vt 0.5213164091 0.2135728300
vt 0.5493894815 0.2148954570
vt 0.5503082871 0.3008265793
vt 0.5477520227 0.1532506496
vt 0.5748752356 0.1507974863
vt 0.5748752356 0.1507974863
vt 0.5766259432 0.1776193976
vt 0.5766259432 0.1776193976
vt 0.5490795374 0.1792312264
vt 0.5766259432 0.1776193976
vt 0.5770807266 0.2124562562
vt 0.5770807266 0.2124562562
vt 0.5493894815 0.2148954570
vt 0.5770807266 0.2124562562
vt 0.5707929730 0.3002761602
vt 0.5770807266 0.2124562562
vt 0.6260969639 0.2131118029
vt 0.6260969639 0.2131118029
vt 0.6246794462 0.3039337993
vt 0.6260969639 0.2131118029
vt 0.6685791612 0.2130270153
vt 0.7834248543 0.9405317307
vt 0.7690429688 0.9400323033
vt 0.6260969639 0.2131118029
vt 0.6280325055 0.1733362377
vt 0.6280325055 0.1733362377
vt 0.6718348861 0.1574046910
vt 0.7837249637 0.8881298900
vt 0.7813335657 0.8811025620
vt 0.5766259432 0.1776193976
vt 0.6280325055 0.1733362377
vt 0.7813335657 0.8811025620
vt 0.7709410191 0.9526367188
vt 0.6227041483 0.1482557952
vt 0.6762695312 0.1435839087
vt 0.6280325055 0.1733362377
vt 0.6227041483 0.1482557952
vt 0.5748752356 0.1507974863
vt 0.6227041483 0.1482557952
vt 0.6189607382 0.0495899655
vt 0.8698552847 0.3637695312
vt 0.5981590152 0.0721628815
vt 0.6189607382 0.0495899655
vt 0.6227041483 0.1482557952
vt 0.5981590152 0.0721628815
vt 0.5678903461 0.0853581578
vt 0.5981590152 0.0721628815
vt 0.5748752356 0.1507974863
vt 0.5678903461 0.0853581578
vt 0.5393916368 0.0922968239
vt 0.5678903461 0.0853581578
vt 0.5477520227 0.1532506496
vt 0.5393916368 0.0922968239
vt 0.9241957664 0.5244748592
vt 0.5180664062 0.1557611227
vt 0.9176340103 0.5035948753
vt 0.9241957664 0.5244748592
vt 0.8604208231 0.5016286373
vt 0.9176340103 0.5035948753
vt 0.8174899817 0.3760275841
vt 0.1301447153 0.3637695312
vt 0.8698552847 0.3637695312
vt 0.8682830930 0.4173641503
vt 0.9634247422 0.4269125462
vt 0.9382869601 0.4477936924
vt 0.7954897285 0.3499659002
vt 0.8723176122 0.8599800467
vt 0.8189301491 0.3476975560
vt 0.8171133995 0.3295898438
vt 0.8171133995 0.3295898438
vt 0.9797144532 0.7120032907
vt 0.7949512005 0.3322414756
vt 0.7954897285 0.3499659002
vt 0.8189301491 0.3476975560
vt 0.8448157310 0.8725585938
vt 0.8484683037 0.3531997800
vt 0.8506395817 0.3350657821
vt 0.8506395817 0.3350657821
vt 0.9809570312 0.7371844649
vt 0.8809150457 0.3604038358
vt 0.7857667208 0.8644295931
vt 0.9070875645 0.3661297858
vt 0.9073188305 0.3464345932
vt 0.9073188305 0.3464345932
vt 0.9256060123 0.7781935334
vt 0.9070875645 0.3661297858
vt 0.7620481253 0.8636946082
vt 0.9306876659 0.3672967851
vt 0.9309878349 0.3477946520
vt 0.9309878349 0.3477946520
vt 0.8959583044 0.7867725492
vt 0.9306876659 0.3672967851
vt 0.7381511331 0.8645811081
vt 0.9543046355 0.3703790605
vt 0.9579462409 0.3509967327
vt 0.9579462409 0.3509967327
vt 0.8698822260 0.7906727791
vt 0.9543046355 0.3703790605
vt 0.7134922147 0.8574727178
vt 0.9797317982 0.3726693392
vt 0.9829533100 0.3562467694
vt 0.9829533100 0.3562467694
vt 0.8404853344 0.7976937890
vt 0.9797317982 0.3726693392
vt 0.7036132812 0.8453194499
vt 0.9951220155 0.3745117188
vt 0.5942382812 0.3600075245
vt 0.9985351562 0.3596267402
vt 0.8117978573 0.8032226562
vt 0.5989954472 0.3745117188
vt 0.7062448263 0.8283666372
vt 0.6158469915 0.3731732368
vt 0.6127822399 0.3585346937
vt 0.6127822399 0.3585346937
vt 0.7934570312 0.6806069613
vt 0.8797813058 0.3410435915
vt 0.9551548958 0.7641782761
vt 0.8114273548 0.8725585938
vt 0.8484683037 0.3531997800
vt 0.8797813058 0.3410435915
vt 0.8809150457 0.3604038358
vt 0.7949512005 0.3322414756
vt 0.9561975598 0.6909829378
vt 0.7670323849 0.3375554085
vt 0.7694448829 0.3560085595
vt 0.7694448829 0.3560085595
vt 0.8745117188 0.8361574411
vt 0.7670323849 0.3375554085
vt 0.9234752059 0.6796907783
vt 0.7358613014 0.3444210589
vt 0.7384868860 0.3606663346
vt 0.7384868860 0.3606663346
vt 0.8541018367 0.8185088038
vt 0.7358613014 0.3444210589
vt 0.8935051560 0.6761452556
vt 0.7075994015 0.3487787843
vt 0.7092580199 0.3651277423
vt 0.7092580199 0.3651277423
vt 0.8235035539 0.8110351562
vt 0.7075994015 0.3487787843
vt 0.8696604967 0.6741004586
vt 0.6838379502 0.3518381417
vt 0.6853659749 0.3675809801
vt 0.6853659749 0.3675809801
vt 0.7938697934 0.8124762774
vt 0.6838379502 0.3518381417
vt 0.8410887122 0.6733614206
vt 0.6530777216 0.3533296585
vt 0.6547272205 0.3712744117
vt 0.6547272205 0.3712744117
vt 0.7700712085 0.8164359331
vt 0.6308181286 0.3731341362
vt 0.7391424775 0.8145062923
vt 0.6270817518 0.3566501141
vt 0.6308181286 0.3731341362
vt 0.6530777216 0.3533296585
vt 0.8189204335 0.6723632812
vt 0.6158469915 0.3731732368
vt 0.7151064873 0.8160885572
vt 0.6270817518 0.3566501141
vt 0.8073016405 0.6746663451
vt 0.8349251747 0.8537362814
vt 0.8114273548 0.8725585938
vt 0.8723176122 0.8599800467
vt 0.8349251747 0.8537362814
vt 0.8394418955 0.8335230947
vt 0.8349251747 0.8537362814
vt 0.8745117188 0.8361574411
vt 0.8394418955 0.8335230947
vt 0.8235035539 0.8110351562
vt 0.8394418955 0.8335230947
vt 0.7896319032 0.8488099575
vt 0.7857667208 0.8644295931
vt 0.8349251747 0.8537362814
vt 0.7896319032 0.8488099575
vt 0.7919259071 0.8326040506
vt 0.7896319032 0.8488099575
vt 0.8394418955 0.8335230947
vt 0.7919259071 0.8326040506
vt 0.7938697934 0.8124762774
vt 0.7919259071 0.8326040506
vt 0.7677495480 0.8473482728
vt 0.7620481253 0.8636946082
vt 0.7896319032 0.8488099575
vt 0.7677495480 0.8473482728
vt 0.7704846263 0.8289641738
vt 0.7677495480 0.8473482728
vt 0.7919259071 0.8326040506
vt 0.7704846263 0.8289641738
vt 0.7700712085 0.8164359331
vt 0.7704846263 0.8289641738
vt 0.7372862697 0.8351300955
vt 0.7704846263 0.8289641738
vt 0.7391424775 0.8145062923
vt 0.7372862697 0.8351300955
vt 0.7375367284 0.8502256274
vt 0.7381511331 0.8645811081
vt 0.7677495480 0.8473482728
vt 0.7375367284 0.8502256274
vt 0.7372862697 0.8351300955
vt 0.7375367284 0.8502256274
vt 0.7062448263 0.8283666372
vt 0.7372862697 0.8351300955
vt 0.7375367284 0.8502256274
vt 0.7036132812 0.8453194499
vt 0.8390305042 0.7775857449
vt 0.8404853344 0.7976937890
vt 0.8117167950 0.7817974091
vt 0.8390305042 0.7775857449
vt 0.8117978573 0.8032226562
vt 0.8117167950 0.7817974091
vt 0.8404233456 0.7549530864
vt 0.8390305042 0.7775857449
vt 0.8132863045 0.7604277134
vt 0.8404233456 0.7549530864
vt 0.8117167950 0.7817974091
vt 0.8132863045 0.7604277134
vt 0.8683507442 0.7606923580
vt 0.8390305042 0.7775857449
vt 0.8641779423 0.7426459193
vt 0.8683507442 0.7606923580
vt 0.8404233456 0.7549530864
vt 0.8641779423 0.7426459193
vt 0.8683507442 0.7606923580
vt 0.8698822260 0.7906727791
vt 0.8343399763 0.7410365343
vt 0.8404233456 0.7549530864
vt 0.8194983006 0.7498357892
vt 0.8996583223 0.8986432552
vt 0.8132863045 0.7604277134
vt 0.8194983006 0.7498357892
vt 0.8018102646 0.7582875490
vt 0.8132863045 0.7604277134
vt 0.7948014736 0.7814503908
vt 0.8066285849 0.7100372910
vt 0.8117167950 0.7817974091
vt 0.7948014736 0.7814503908
vt 0.8139168024 0.7048365474
vt 0.8066285849 0.7100372910
vt 0.8100504875 0.6902630329
vt 0.8139168024 0.7048365474
vt 0.7982424498 0.6949701309
vt 0.8100504875 0.6902630329
vt 0.8104436994 0.7459715605
vt 0.8920527101 0.8857260346
vt 0.8018102646 0.7582875490
vt 0.8160909414 0.7164015770
vt 0.8198360205 0.7118274570
vt 0.8883630037 0.9526367188
vt 0.8139168024 0.7048365474
vt 0.8198360205 0.7118274570
vt 0.8410739899 0.7332990170
vt 0.8641779423 0.7426459193
vt 0.8343399763 0.7410365343
vt 0.8999023438 0.9076200128
vt 0.8633093238 0.7189608812
vt 0.8641779423 0.7426459193
vt 0.8445902467 0.7241688967
vt 0.8633093238 0.7189608812
vt 0.8410739899 0.7332990170
vt 0.8986475468 0.9161517024
vt 0.8215258121 0.6872877479
vt 0.8413203359 0.6886429787
vt 0.8413203359 0.6886429787
vt 0.8432118893 0.7084815502
vt 0.8432118893 0.7084815502
vt 0.8219100237 0.7028604150
vt 0.8219100237 0.7028604150
vt 0.8139168024 0.7048365474
vt 0.8215258121 0.6872877479
vt 0.8219100237 0.7028604150
vt 0.8100504875 0.6902630329
vt 0.8215258121 0.6872877479
vt 0.8273062706 0.7095572948
vt 0.8880943060 0.9458802342
vt 0.8219100237 0.7028604150
vt 0.8273062706 0.7095572948
vt 0.8373878002 0.7119644284
vt 0.8887891769 0.9376168847
vt 0.8432118893 0.7084815502
vt 0.8373878002 0.7119644284
vt 0.8432118893 0.7084815502
vt 0.8633093238 0.7189608812
vt 0.8445902467 0.7241688967
vt 0.8920424581 0.9269194007
vt 0.8644331694 0.6957746744
vt 0.8633093238 0.7189608812
vt 0.8413203359 0.6886429787
vt 0.8644331694 0.6957746744
vt 0.8887705803 0.7371422052
vt 0.8641779423 0.7426459193
vt 0.8882166147 0.7211011648
vt 0.8887705803 0.7371422052
vt 0.8633093238 0.7189608812
vt 0.8882166147 0.7211011648
vt 0.9138751030 0.7354478836
vt 0.8887705803 0.7371422052
vt 0.9127644300 0.7192068100
vt 0.9138751030 0.7354478836
vt 0.8882166147 0.7211011648
vt 0.9127644300 0.7192068100
vt 0.9286618233 0.7345572114
vt 0.9138751030 0.7354478836
vt 0.9255501032 0.7169400454
vt 0.9286618233 0.7345572114
vt 0.9127644300 0.7192068100
vt 0.9255501032 0.7169400454
vt 0.9516195059 0.7346433997
vt 0.9286618233 0.7345572114
vt 0.9512412548 0.7163090110
vt 0.9516195059 0.7346433997
vt 0.9255501032 0.7169400454
vt 0.9512412548 0.7163090110
vt 0.9809570312 0.7371844649
vt 0.9516195059 0.7346433997
vt 0.9512412548 0.7163090110
vt 0.9797144532 0.7120032907
vt 0.9469722509 0.7005158663
vt 0.9561975598 0.6909829378
vt 0.9512412548 0.7163090110
vt 0.9469722509 0.7005158663
vt 0.9212113619 0.6971690059
vt 0.9234752059 0.6796907783
vt 0.9469722509 0.7005158663
vt 0.9212113619 0.6971690059
vt 0.8957473040 0.6942214370
vt 0.8935051560 0.6761452556
vt 0.9212113619 0.6971690059
vt 0.8957473040 0.6942214370
vt 0.8644331694 0.6957746744
vt 0.8696604967 0.6741004586
vt 0.8957473040 0.6942214370
vt 0.8644331694 0.6957746744
vt 0.8413203359 0.6886429787
vt 0.8410887122 0.6733614206
vt 0.8215258121 0.6872877479
vt 0.8189204335 0.6723632812
vt 0.8100504875 0.6902630329
vt 0.8073016405 0.6746663451
vt 0.7934570312 0.8027661443
vt 0.7982424498 0.6949701309
vt 0.9255501032 0.7169400454
vt 0.9212113619 0.6971690059
vt 0.9127644300 0.7192068100
vt 0.8957473040 0.6942214370
vt 0.8882166147 0.7211011648
vt 0.8644331694 0.6957746744
vt 0.9445856810 0.7538300157
vt 0.9516195059 0.7346433997
vt 0.9551548958 0.7641782761
vt 0.9445856810 0.7538300157
vt 0.9216530919 0.7598623037
vt 0.9286618233 0.7345572114
vt 0.9445856810 0.7538300157
vt 0.9216530919 0.7598623037
vt 0.8939922452 0.7623442411
vt 0.9138751030 0.7354478836
vt 0.9216530919 0.7598623037
vt 0.8939922452 0.7623442411
vt 0.8887705803 0.7371422052
vt 0.8683507442 0.7606923580
vt 0.8939922452 0.7623442411
vt 0.8683507442 0.7606923580
vt 0.8939922452 0.7623442411
vt 0.8959583044 0.7867725492
vt 0.9256060123 0.7781935334
vt 0.9216530919 0.7598623037
vt 0.5744869113 0.0512878001
vt 0.5981590152 0.0721628815
vt 0.5650145411 0.0576383770
vt 0.7690429688 0.9400323033
vt 0.5678903461 0.0853581578
vt 0.5650145411 0.0576383770
vt 0.5580501556 0.0578052253
vt 0.7715848088 0.8786581755
vt 0.5393916368 0.0922968239
vt 0.5580501556 0.0578052253
vt 0.5523184538 0.0550197810
vt 0.7703148127 0.8873179555
vt 0.5180664062 0.0846510082
vt 0.9544899464 0.4904367924
vt 0.9525294900 0.4868127704
vt 0.7700543404 0.8951861858
vt 0.9176340103 0.5035948753
vt 0.9525294900 0.4868127704
vt 0.9521405101 0.4761767983
vt 0.7707889080 0.9001333714
vt 0.9207487106 0.4775812328
vt 0.9521405101 0.4761767983
vt 0.9552797675 0.4690596163
vt 0.7729301453 0.9125341773
vt 0.9382869601 0.4477936924
vt 0.9552797675 0.4690596163
vt 0.9643554688 0.4666560292
vt 0.7729070187 0.9220535755
vt 0.9634247422 0.4269125462
vt 0.5791237354 0.0444335938
vt 0.5744869113 0.0512878001
vt 0.7696461678 0.9307361245
vt 0.7769421339 0.9122446775
vt 0.7729301453 0.9125341773
vt 0.7850207090 0.9218863845
vt 0.7769421339 0.9122446775
vt 0.7729070187 0.9220535755
vt 0.7850207090 0.9218863845
vt 0.7772443891 0.9312036633
vt 0.7850207090 0.9218863845
vt 0.7696461678 0.9307361245
vt 0.7772443891 0.9312036633
vt 0.7767917514 0.9009333849
vt 0.7707889080 0.9001333714
vt 0.7769421339 0.9122446775
vt 0.7767917514 0.9009333849
vt 0.7906826735 0.8940879703
vt 0.7700543404 0.8951861858
vt 0.7767917514 0.9009333849
vt 0.7906826735 0.8940879703
vt 0.7837249637 0.8881298900
vt 0.7703148127 0.8873179555
vt 0.7906826735 0.8940879703
vt 0.7837249637 0.8881298900
usemtl CBMaterial
f 2/1/2 3/3/3 24/5/24 23/47/23
f 3/6/3 5/9/5 12/11/12 24/45/24
f 5/12/5 7/15/7 18/17/18 12/53/12
f 7/18/7 10/21/10 17/23/17 18/51/18
f 357/70/357 355/13/355 24/67/24 12/46/12
f 11/32/11 14/33/14 364/35/364 360/37/360
f 11/34/11 16/39/16 15/41/15 14/43/14
f 360/28/360 359/25/359 18/29/18 17/52/17
f 11/58/11 360/31/360 17/27/17 19/50/19
f 359/30/359 357/19/357 12/69/12 18/54/18
f 10/56/10 21/59/21 22/61/22 20/63/20
f 355/68/355 352/7/352 23/65/23 24/48/24
f 10/24/10 20/55/20 19/71/19 17/49/17
f 14/36/14 26/73/26 376/75/376 364/77/364
f 26/76/26 28/79/28 378/81/378 376/83/376
f 19/57/19 29/85/29 16/87/16 11/40/11
f 16/42/16 31/89/31 381/91/381 15/93/15
f 29/88/29 32/95/32 31/97/31 16/90/16
f 26/80/26 34/99/34 33/101/33 28/103/28
f 14/74/14 15/44/15 34/105/34 26/100/26
f 34/102/34 387/107/387 386/109/386 33/111/33
f 387/1480/387 34/108/34 15/106/15 381/94/381
f 33/104/33 38/115/38 37/117/37 28/119/28
f 390/1488/390 38/123/38 33/116/33 386/112/386
f 37/120/37 391/125/391 378/127/378 28/82/28
f 29/96/29 42/129/42 41/131/41 32/133/32
f 19/86/19 20/72/20 42/135/42 29/130/29
f 20/136/20 22/64/22 43/137/43 42/139/42
f 42/132/42 43/140/43 44/141/44 41/143/41
f 21/62/21 45/145/45 46/147/46 22/149/22
f 22/138/22 46/150/46 47/151/47 43/153/43
f 43/142/43 47/154/47 48/155/48 44/157/44
f 7/22/7 49/159/49 21/161/21 10/60/10
f 7/160/7 5/16/5 50/163/50 49/165/49
f 49/162/49 50/166/50 51/167/51 21/169/21
f 3/10/3 52/171/52 50/173/50 5/164/5
f 2/4/2 53/175/53 52/177/52 3/172/3
f 44/144/44 54/179/54 55/181/55 41/183/41
f 54/182/54 56/185/56 57/187/57 55/189/55
f 55/184/55 58/191/58 32/193/32 41/134/41
f 58/194/58 59/195/59 31/197/31 32/98/32
f 31/92/31 59/198/59 411/199/411 381/201/381
f 58/196/58 412/203/412 411/205/411 59/200/59
f 58/204/58 63/211/63 413/209/413 412/207/412
f 55/192/55 57/190/57 63/213/63 58/212/58
f 64/219/64 65/217/65 68/215/68 67/231/67
f 420/1588/420 68/233/68 65/216/65 417/223/417
f 63/228/63 57/214/57 72/225/72 71/243/71
f 413/230/413 63/210/63 71/227/71 421/241/421
f 421/1602/421 71/242/71 68/238/68 420/234/420
f 67/240/67 68/232/68 71/237/71 72/244/72
f 54/186/54 51/249/51 73/247/73 56/245/56
f 241/905/241 240/903/240 237/902/237 230/896/230
f 56/188/56 73/246/73 72/255/72 57/226/57
f 67/220/67 75/261/75 76/259/76 64/257/64
f 75/260/75 77/267/77 78/265/78 76/263/76
f 77/266/77 52/271/52 53/178/53 78/269/78
f 72/239/72 73/256/73 75/273/75 67/262/67
f 52/174/52 77/272/77 74/275/74 50/254/50
f 73/274/73 74/252/74 77/276/77 75/268/75
f 51/170/51 79/277/79 45/279/45 21/146/21
f 79/280/79 80/281/80 81/283/81 45/285/45
f 51/278/51 54/250/54 82/287/82 79/289/79
f 44/180/44 48/158/48 82/291/82 54/288/54
f 81/286/81 83/293/83 46/295/46 45/148/45
f 46/152/46 83/296/83 84/297/84 47/299/47
f 47/156/47 84/300/84 85/301/85 48/303/48
f 48/292/48 85/304/85 86/305/86 82/307/82
f 82/290/82 86/308/86 80/309/80 79/282/79
f 84/302/84 88/315/88 87/313/87 85/311/85
f 88/314/88 90/321/90 89/319/89 87/317/87
f 84/316/84 83/298/83 91/325/91 88/323/88
f 88/322/88 91/324/91 92/329/92 90/327/90
f 83/326/83 81/294/81 93/333/93 91/331/91
f 91/330/91 93/332/93 94/337/94 92/335/92
f 81/334/81 80/284/80 95/341/95 93/339/93
f 93/338/93 95/340/95 96/345/96 94/343/94
f 80/342/80 86/310/86 97/349/97 95/347/95
f 95/346/95 97/348/97 98/353/98 96/351/96
f 85/306/85 87/312/87 97/355/97 86/350/86
f 87/356/87 89/318/89 98/357/98 97/354/97
f 90/320/90 99/363/99 100/361/100 89/359/89
f 90/364/90 92/328/92 101/367/101 99/365/99
f 92/368/92 94/336/94 102/371/102 101/369/101
f 89/358/89 100/360/100 103/375/103 98/373/98
f 98/352/98 103/374/103 104/379/104 96/377/96
f 102/370/102 105/385/105 106/383/106 101/381/101
f 96/344/96 104/378/104 102/387/102 94/372/94
f 104/388/104 107/391/107 105/389/105 102/386/102
f 103/380/103 108/395/108 107/393/107 104/392/104
f 100/376/100 109/399/109 108/397/108 103/396/103
f 99/362/99 110/403/110 109/401/109 100/400/100
f 101/366/101 106/382/106 110/405/110 99/404/99
f 105/384/105 111/407/111 112/409/112 106/411/106
f 106/406/106 112/412/112 113/413/113 110/415/110
f 110/402/110 113/416/113 114/417/114 109/419/109
f 109/398/109 114/420/114 115/421/115 108/423/108
f 108/394/108 115/424/115 116/425/116 107/427/107
f 107/390/107 116/428/116 111/429/111 105/408/105
f 132/528/132 135/496/135 143/499/143 141/473/141
f 118/436/118 122/439/122 138/441/138 137/509/137
f 122/442/122 123/445/123 139/447/139 138/511/138
f 123/448/123 126/451/126 140/453/140 139/513/139
f 121/444/121 127/457/127 128/459/128 117/461/117
f 144/468/144 145/488/145 128/463/128 127/460/127
f 121/458/121 142/519/142 141/521/141 127/523/127
f 119/434/119 134/475/134 150/477/150 149/553/149
f 134/478/134 130/481/130 151/470/151 150/555/150
f 135/500/135 145/507/145 144/487/144 143/438/143
f 120/486/120 129/466/129 113/489/113 112/414/112
f 129/490/129 130/472/130 114/491/114 113/418/113
f 130/492/130 134/482/134 115/493/115 114/422/114
f 143/474/143 144/437/144 127/467/127 141/524/141
f 135/508/135 132/495/132 128/525/128 145/464/145
f 147/534/147 148/539/148 142/449/142 121/520/121
f 125/506/125 124/455/124 139/503/139 140/514/140
f 112/485/112 111/410/111 136/515/136 120/498/120
f 111/516/111 116/430/116 119/517/119 136/432/136
f 116/518/116 115/426/115 134/494/134 119/476/119
f 142/522/142 146/529/146 132/501/132 141/527/141
f 138/510/138 147/531/147 121/533/121 137/535/137
f 139/512/139 124/504/124 147/537/147 138/532/138
f 132/526/132 146/502/146 117/541/117 128/462/128
f 146/542/146 129/543/129 120/465/120 117/545/117
f 133/550/133 118/479/118 149/547/149 150/554/150
f 131/552/131 133/483/133 150/549/150 151/556/151
f 136/497/136 152/559/152 117/557/117 120/546/120
f 119/431/119 149/433/149 152/561/152 136/560/136
f 117/443/117 152/558/152 137/563/137 121/536/121
f 149/562/149 118/548/118 137/435/137 152/564/152
f 129/471/129 146/544/146 151/565/151 130/469/130
f 146/566/146 142/530/142 131/567/131 151/551/151
f 125/456/125 153/573/153 154/571/154 124/569/124
f 124/538/124 154/570/154 148/575/148 147/540/147
f 153/572/153 155/581/155 156/579/156 154/577/154
f 154/576/154 156/578/156 157/585/157 148/583/148
f 148/450/148 157/584/157 131/587/131 142/568/142
f 155/580/155 158/593/158 159/591/159 156/589/156
f 156/586/156 159/590/159 160/597/160 157/595/157
f 157/588/157 160/596/160 133/599/133 131/484/131
f 160/600/160 122/601/122 118/440/118 133/480/133
f 159/598/159 123/603/123 122/446/122 160/602/160
f 159/604/159 158/592/158 126/605/126 123/452/123
f 158/606/158 155/594/155 140/607/140 126/454/126
f 155/608/155 153/582/153 125/574/125 140/505/140
f 512/1980/512 162/611/162 38/609/38 390/124/390
f 162/610/162 163/617/163 37/615/37 38/118/38
f 163/616/163 515/621/515 391/619/391 37/126/37
f 517/1994/517 165/625/165 162/623/162 512/612/512
f 165/624/165 167/631/167 163/629/163 162/618/162
f 167/630/167 519/635/519 515/633/515 163/622/163
f 520/2008/520 170/639/170 165/637/165 517/626/517
f 167/636/167 172/647/172 522/645/522 519/643/519
f 172/646/172 173/653/173 525/651/525 522/649/522
f 165/632/165 170/638/170 172/655/172 167/648/167
f 197/733/197 546/729/546 538/713/538 185/696/185
f 528/2034/528 178/665/178 176/663/176 526/660/526
f 530/673/530 180/671/180 193/669/193 543/721/543
f 178/664/178 181/679/181 182/677/182 176/675/176
f 181/678/181 184/685/184 183/683/183 182/681/182
f 196/658/196 190/661/190 172/687/172 170/656/170
f 184/684/184 185/689/185 186/691/186 183/693/183
f 539/2064/539 186/699/186 185/692/185 538/695/538
f 180/670/180 189/703/189 194/701/194 193/723/193
f 546/2074/546 197/730/197 189/731/189 542/709/542
f 542/2078/542 189/710/189 180/704/180 530/672/530
f 190/736/190 196/662/196 176/737/176 182/676/182
f 181/718/181 178/680/178 193/715/193 194/724/194
f 196/738/196 549/720/549 526/727/526 176/659/176
f 549/2072/549 196/719/196 170/657/170 520/640/520
f 184/690/184 181/686/181 197/725/197 185/734/185
f 197/732/197 181/726/181 194/717/194 189/702/189
f 190/688/190 182/735/182 173/739/173 172/654/172
f 543/2108/543 193/722/193 178/716/178 528/666/528
f 182/740/182 550/743/550 525/745/525 173/652/173
f 551/2116/551 183/748/183 186/694/186 539/700/539
f 182/744/182 551/751/551 550/753/550
f 182/752/182 183/682/183 551/747/551
f 553/2122/553 201/757/201 23/759/23 352/66/352
f 201/760/201 203/761/203 2/763/2 23/2/23
f 556/2132/556 204/767/204 201/769/201 553/758/553
f 558/2138/558 206/773/206 204/775/204 556/768/556
f 204/770/204 208/777/208 203/779/203 201/762/201
f 203/764/203 209/781/209 53/783/53 2/176/2
f 209/784/209 210/785/210 78/787/78 53/270/53
f 210/788/210 211/789/211 76/791/76 78/264/78
f 211/792/211 212/793/212 64/795/64 76/258/76
f 212/796/212 213/797/213 65/799/65 64/218/64
f 565/803/565 417/801/417 65/224/65 213/800/213
f 206/776/206 215/807/215 208/805/208 204/778/204
f 218/826/218 219/824/219 243/811/243 222/916/222
f 216/810/216 218/815/218 215/817/215 206/808/206
f 216/816/216 220/819/220 219/821/219 218/823/218
f 218/818/218 222/825/222 221/827/221 215/829/215
f 208/780/208 223/831/223 209/833/209 203/782/203
f 215/806/215 221/830/221 223/835/223 208/832/208
f 222/828/222 224/837/224 225/839/225 221/841/221
f 221/836/221 225/842/225 226/843/226 223/845/223
f 223/834/223 226/846/226 210/847/210 209/786/209
f 224/840/224 227/849/227 228/851/228 225/853/225
f 225/844/225 228/854/228 229/855/229 226/857/226
f 226/848/226 229/858/229 211/859/211 210/790/210
f 227/852/227 230/861/230 231/863/231 228/865/228
f 228/856/228 231/866/231 232/867/232 229/869/229
f 229/860/229 232/870/232 212/871/212 211/794/211
f 232/872/232 233/873/233 213/875/213 212/798/212
f 213/804/213 233/876/233 585/877/585 565/879/565
f 233/878/233 235/881/235 587/883/587 585/885/585
f 232/874/232 231/868/231 235/887/235 233/882/233
f 235/884/235 237/893/237 589/891/589 587/889/587
f 231/888/231 230/864/230 237/895/237 235/894/235
f 237/892/237 240/901/240 239/899/239 589/897/589
f 336/1334/336 335/1282/335 349/1351/349 350/1338/350
f 227/862/227 242/909/242 241/907/241 230/906/230
f 222/838/222 243/915/243 217/913/217 224/911/224
f 224/850/224 217/912/217 242/813/242 227/910/227
f 589/2284/589 216/919/216 206/809/206 558/774/558
f 589/920/589 239/898/239 220/921/220 216/820/216
f 247/929/247 246/923/246 245/925/245 244/927/244
f 246/926/246 249/931/249 248/933/248 245/935/245
f 262/941/262 263/977/263 251/937/251 250/939/250
f 251/940/251 253/943/253 252/945/252 250/947/250
f 253/946/253 255/949/255 254/951/254 252/953/252
f 255/952/255 257/955/257 256/957/256 254/959/254
f 257/958/257 259/961/259 258/963/258 256/965/256
f 259/964/259 261/967/261 260/969/260 258/971/258
f 263/976/263 262/978/262 248/973/248 249/934/249
f 244/930/244 264/979/264 265/981/265 247/983/247
f 264/982/264 266/985/266 267/987/267 265/989/265
f 266/988/266 268/991/268 269/993/269 267/995/267
f 268/994/268 270/997/270 271/999/271 269/1001/269
f 270/1000/270 272/1003/272 273/1005/273 271/1007/271
f 272/1006/272 274/1013/274 275/1011/275 273/1009/273
f 274/1012/274 260/1017/260 261/970/261 275/1015/275
f 246/932/246 276/1021/276 263/1019/263 249/975/249
f 247/924/247 277/1025/277 276/1023/276 246/1022/246
f 265/984/265 267/990/267 277/1027/277 247/1026/247
f 263/938/263 276/1020/276 278/1031/278 251/1029/251
f 276/1032/276 277/1024/277 279/1035/279 278/1033/278
f 267/1028/267 269/996/269 279/1037/279 277/1036/277
f 251/944/251 278/1030/278 280/1041/280 253/1039/253
f 278/1042/278 279/1034/279 281/1045/281 280/1043/280
f 269/1038/269 271/1002/271 281/1047/281 279/1046/279
f 273/1008/273 282/1051/282 281/1049/281 271/1048/271
f 280/1040/280 283/1055/283 255/1053/255 253/950/253
f 281/1044/281 282/1050/282 283/1057/283 280/1056/280
f 275/1010/275 261/1016/261 282/1059/282 273/1052/273
f 255/956/255 283/1054/283 259/1061/259 257/962/257
f 261/1060/261 259/968/259 283/1062/283 282/1058/282
f 256/960/256 284/1067/284 285/1065/285 254/1063/254
f 284/1066/284 286/1073/286 287/1071/287 285/1069/285
f 287/1070/287 288/1079/288 289/1077/289 285/1075/285
f 285/1064/285 289/1076/289 252/1081/252 254/954/254
f 286/1072/286 290/1087/290 291/1085/291 287/1083/287
f 284/1074/284 293/1093/293 292/1091/292 286/1089/286
f 293/1092/293 295/1099/295 294/1097/294 292/1095/292
f 286/1088/286 292/1090/292 296/1103/296 290/1101/290
f 292/1104/292 294/1096/294 297/1107/297 296/1105/296
f 287/1080/287 291/1084/291 298/1111/298 288/1109/288
f 298/1110/298 299/1117/299 300/1115/300 288/1113/288
f 303/1128/303 301/1119/301 302/1121/302 304/1123/304
f 295/1098/295 303/1129/303 304/1127/304 294/1125/294
f 294/1108/294 304/1126/304 305/1133/305 297/1131/297
f 302/1124/302 306/1137/306 305/1135/305 304/1134/304
f 299/1116/299 306/1141/306 302/1138/302 300/1139/300
f 302/1140/302 301/1122/301 307/1145/307 300/1143/300
f 300/1114/300 309/1151/309 308/1149/308 288/1147/288
f 309/1150/309 311/1157/311 310/1155/310 308/1153/308
f 311/1156/311 313/1163/313 312/1161/312 310/1159/310
f 313/1162/313 315/1169/315 314/1167/314 312/1165/312
f 315/1168/315 244/1173/244 245/928/245 314/1171/314
f 315/1174/315 316/1177/316 264/1175/264 244/980/244
f 316/1176/316 317/1181/317 266/1179/266 264/986/264
f 317/1180/317 318/1185/318 268/1183/268 266/992/266
f 318/1184/318 307/1189/307 270/1187/270 268/998/268
f 307/1188/307 301/1146/301 272/1191/272 270/1004/270
f 301/1192/301 303/1120/303 274/1193/274 272/1014/272
f 303/1194/303 295/1130/295 260/1195/260 274/1018/274
f 256/1068/256 258/966/258 293/1197/293 284/1094/284
f 293/1100/293 258/1198/258 260/972/260 295/1196/295
f 315/1178/315 313/1170/313 317/1199/317 316/1182/316
f 313/1200/313 311/1164/311 318/1201/318 317/1186/317
f 312/1160/312 320/1210/320 321/1215/321 310/1213/310
f 307/1144/307 309/1204/309 300/1152/300
f 245/1172/245 248/936/248 319/1207/319 314/1205/314
f 319/1206/319 320/1211/320 312/1209/312 314/1166/314
f 289/1217/289 288/1078/288 308/1148/308
f 310/1154/310 321/1214/321 289/1219/289 308/1218/308
f 289/1082/289 321/1220/321 250/1221/250 252/948/252
f 248/1208/248 262/974/262 320/1223/320 319/1212/319
f 321/1222/321 320/1216/320 262/1224/262 250/942/250
f 311/1202/311 309/1158/309 307/1203/307 318/1190/318
f 241/904/241 323/1229/323 322/1227/322 240/1225/240
f 241/1230/241 242/908/242 324/1233/324 323/1231/323
f 217/814/217 325/1237/325 324/1235/324 242/1234/242
f 243/914/243 326/1241/326 325/1239/325 217/1238/217
f 219/812/219 327/1245/327 326/1243/326 243/1242/243
f 220/822/220 328/1249/328 327/1247/327 219/1246/219
f 239/922/239 329/1253/329 328/1251/328 220/1250/220
f 239/1254/239 240/900/240 322/1226/322 329/1255/329
f 328/1248/328 331/1261/331 330/1259/330 327/1257/327
f 328/1262/328 329/1252/329 332/1265/332 331/1263/331
f 327/1244/327 330/1258/330 333/1269/333 326/1267/326
f 333/1268/333 334/1273/334 325/1271/325 326/1240/326
f 334/1272/334 335/1277/335 324/1275/324 325/1236/325
f 324/1232/324 335/1276/335 336/1281/336 323/1279/323
f 336/1280/336 337/1285/337 322/1283/322 323/1228/323
f 322/1256/322 337/1284/337 332/1287/332 329/1266/329
f 297/1106/297 338/1293/338 339/1291/339 296/1289/296
f 339/1290/339 340/1297/340 290/1295/290 296/1102/296
f 340/1296/340 341/1301/341 291/1299/291 290/1086/290
f 341/1300/341 342/1305/342 298/1303/298 291/1112/291
f 342/1304/342 343/1309/343 299/1307/299 298/1118/298
f 343/1308/343 344/1313/344 306/1311/306 299/1142/299
f 344/1312/344 345/1317/345 305/1315/305 306/1136/306
f 305/1132/305 345/1316/345 338/1319/338 297/1294/297
f 342/1310/342 347/1321/347 346/1323/346 343/1325/343
f 342/1322/342 341/1306/341 334/1348/334 347/1350/347
f 337/1330/337 336/1286/336 350/1333/350 351/1342/351
f 340/1332/340 339/1298/339 350/1335/350 349/1337/349
f 339/1336/339 338/1292/338 351/1339/351 350/1341/350
f 338/1340/338 345/1320/345 348/1343/348 351/1345/351
f 347/1354/347 334/1349/334 333/1274/333
f 334/1278/334 349/1357/349 335/1352/335
f 330/1270/330 346/1355/346 347/1324/347 333/1353/333
f 349/1331/349 334/1358/334 341/1347/341 340/1302/340
f 332/1328/332 337/1288/337 351/1329/351 348/1346/348
f 346/1326/346 331/1361/331 344/1359/344 343/1314/343
f 331/1363/331 332/1264/332 348/1327/348
f 345/1344/345 344/1318/344 331/1360/331 348/1364/348
f 346/1362/346 330/1356/330 331/1260/331
f 51/1365/51 50/168/50 74/253/74
f 74/1366/74 73/251/73 51/248/51
f 374/1367/374 375/1413/375 354/1371/354 353/1369/353
f 375/1372/375 363/1411/363 356/1377/356 354/1375/354
f 363/1378/363 369/1419/369 358/1383/358 356/1381/356
f 369/1384/369 368/1417/368 361/1389/361 358/1387/358
f 357/14/357 363/1436/363 375/1412/375 355/1433/355
f 364/38/364 365/1401/365 362/1399/362 360/1398/360
f 365/1400/365 366/1409/366 367/1407/367 362/1405/362
f 360/26/360 368/1394/368 369/1418/369 359/1395/359
f 370/1424/370 368/1416/368 360/1393/360 362/1397/362
f 359/20/359 369/1396/369 363/1420/363 357/1435/357
f 371/1422/371 373/1429/373 372/1427/372 361/1425/361
f 355/8/355 375/1434/375 374/1414/374 352/1431/352
f 368/1390/368 370/1415/370 371/1437/371 361/1421/361
f 376/78/376 377/1441/377 365/1439/365 364/1402/364
f 378/84/378 379/1447/379 377/1445/377 376/1442/376
f 362/1423/362 367/1406/367 380/1453/380 370/1451/370
f 366/1408/366 381/1459/381 382/1457/382 367/1455/367
f 367/1454/367 382/1456/382 383/1463/383 380/1461/380
f 379/1446/379 384/1469/384 385/1467/385 377/1465/377
f 377/1440/377 385/1466/385 366/1471/366 365/1410/365
f 387/110/387 385/1473/385 384/1468/384 386/1477/386
f 385/1472/385 387/1474/387 381/1479/381 366/1460/366
f 379/1470/379 388/1485/388 389/1483/389 384/1481/384
f 384/1478/384 389/1482/389 390/1489/390 386/1487/386
f 391/128/391 388/1491/388 379/1486/379 378/1448/378
f 383/1462/383 392/1499/392 393/1497/393 380/1495/380
f 380/1452/380 393/1496/393 371/1501/371 370/1438/370
f 393/1502/393 394/1505/394 373/1503/373 371/1430/371
f 392/1498/392 395/1509/395 394/1507/394 393/1506/393
f 373/1428/373 397/1515/397 396/1513/396 372/1511/372
f 394/1504/394 398/1519/398 397/1517/397 373/1516/373
f 395/1508/395 399/1523/399 398/1521/398 394/1520/394
f 361/1388/361 372/1426/372 400/1527/400 358/1525/358
f 400/1526/400 401/1531/401 356/1529/356 358/1382/358
f 372/1528/372 402/1535/402 401/1533/401 400/1532/400
f 356/1376/356 401/1530/401 403/1539/403 354/1537/354
f 354/1370/354 403/1538/403 404/1543/404 353/1541/353
f 392/1510/392 406/1549/406 405/1547/405 395/1545/395
f 406/1548/406 408/1555/408 407/1553/407 405/1551/405
f 392/1550/392 383/1500/383 409/1559/409 406/1557/406
f 383/1560/383 382/1464/382 410/1563/410 409/1561/409
f 411/202/411 410/1565/410 382/1564/382 381/1458/381
f 412/206/412 409/1569/409 410/1562/410 411/1566/411
f 413/208/413 414/1575/414 409/1577/409 412/1570/412
f 409/1558/409 414/1578/414 408/1579/408 406/1556/406
f 418/1585/418 419/1597/419 416/1581/416 415/1583/415
f 419/1582/419 420/1599/420 417/1587/417 416/1589/416
f 422/1594/422 423/1609/423 408/1591/408 414/1580/414
f 421/229/421 422/1607/422 414/1593/414 413/1576/413
f 422/1604/422 421/1608/421 420/1601/420 419/1600/419
f 423/1606/423 422/1610/422 419/1603/419 418/1598/418
f 407/1552/407 424/1611/424 402/1613/402 405/1615/405
f 581/2271/581 588/2262/588 591/2268/591 592/2269/592
f 408/1554/408 423/1592/423 424/1621/424 407/1612/407
f 415/1586/415 427/1623/427 426/1625/426 418/1627/418
f 427/1626/427 429/1629/429 428/1631/428 426/1633/426
f 429/1632/429 404/1635/404 403/1544/403 428/1637/428
f 418/1605/418 426/1628/426 424/1639/424 423/1622/423
f 401/1540/401 425/1620/425 428/1641/428 403/1638/403
f 426/1640/426 428/1634/428 425/1642/425 424/1618/424
f 372/1536/372 396/1512/396 430/1645/430 402/1643/402
f 396/1646/396 432/1651/432 431/1649/431 430/1647/430
f 430/1644/430 433/1655/433 405/1653/405 402/1616/402
f 405/1546/405 433/1654/433 399/1657/399 395/1524/395
f 396/1652/396 397/1514/397 434/1661/434 432/1659/432
f 398/1518/398 435/1665/435 434/1663/434 397/1662/397
f 399/1522/399 436/1669/436 435/1667/435 398/1666/398
f 433/1658/433 437/1673/437 436/1671/436 399/1670/399
f 430/1656/430 431/1648/431 437/1675/437 433/1674/433
f 436/1668/436 438/1677/438 439/1679/439 435/1681/435
f 438/1680/438 440/1683/440 441/1685/441 439/1687/439
f 439/1682/439 442/1689/442 434/1691/434 435/1664/435
f 441/1688/441 443/1693/443 442/1695/442 439/1690/439
f 442/1692/442 444/1697/444 432/1699/432 434/1660/434
f 443/1696/443 445/1701/445 444/1703/444 442/1698/442
f 444/1700/444 446/1705/446 431/1707/431 432/1650/432
f 445/1704/445 447/1709/447 446/1711/446 444/1706/444
f 446/1708/446 448/1713/448 437/1715/437 431/1676/431
f 447/1712/447 449/1717/449 448/1719/448 446/1714/446
f 437/1672/437 448/1716/448 438/1721/438 436/1678/436
f 448/1722/448 449/1720/449 440/1723/440 438/1684/438
f 440/1686/440 451/1725/451 450/1727/450 441/1729/441
f 450/1730/450 452/1731/452 443/1733/443 441/1694/441
f 452/1734/452 453/1735/453 445/1737/445 443/1702/443
f 449/1724/449 454/1739/454 451/1741/451 440/1726/440
f 447/1718/447 455/1743/455 454/1745/454 449/1740/449
f 452/1736/452 457/1747/457 456/1749/456 453/1751/453
f 445/1710/445 453/1738/453 455/1753/455 447/1744/447
f 453/1754/453 456/1752/456 458/1755/458 455/1757/455
f 455/1746/455 458/1758/458 459/1759/459 454/1761/454
f 454/1742/454 459/1762/459 460/1763/460 451/1765/451
f 451/1728/451 460/1766/460 461/1767/461 450/1769/450
f 450/1732/450 461/1770/461 457/1771/457 452/1748/452
f 457/1750/457 463/1777/463 462/1775/462 456/1773/456
f 461/1772/461 464/1781/464 463/1779/463 457/1778/457
f 460/1768/460 465/1785/465 464/1783/464 461/1782/461
f 459/1764/459 466/1789/466 465/1787/465 460/1786/460
f 458/1760/458 467/1793/467 466/1791/466 459/1790/459
f 456/1756/456 462/1774/462 467/1795/467 458/1794/458
f 492/1894/492 494/1839/494 486/1865/486 483/1862/483
f 488/1802/488 489/1875/489 473/1807/473 469/1805/469
f 489/1808/489 490/1877/490 474/1813/474 473/1811/473
f 490/1814/490 491/1879/491 477/1819/477 474/1817/474
f 468/1810/468 479/1827/479 478/1825/478 472/1823/472
f 478/1834/478 479/1826/479 496/1829/496 495/1854/495
f 478/1824/478 492/1889/492 493/1887/493 472/1885/472
f 500/1800/500 501/1919/501 485/1843/485 470/1841/470
f 501/1844/501 502/1921/502 481/1836/481 485/1847/485
f 494/1866/494 495/1804/495 496/1853/496 486/1873/486
f 463/1852/463 464/1780/464 480/1855/480 471/1832/471
f 464/1856/464 465/1784/465 481/1857/481 480/1838/480
f 465/1858/465 466/1788/466 485/1859/485 481/1848/481
f 492/1840/492 478/1890/478 495/1833/495 494/1803/494
f 496/1874/496 479/1830/479 483/1891/483 486/1861/486
f 472/1900/472 493/1886/493 499/1815/499 498/1905/498
f 491/1872/491 490/1880/490 475/1869/475 476/1821/476
f 471/1851/471 487/1864/487 462/1881/462 463/1776/463
f 487/1882/487 470/1798/470 467/1883/467 462/1796/462
f 470/1884/470 485/1842/485 466/1860/466 467/1792/467
f 492/1888/492 483/1893/483 497/1867/497 493/1895/493
f 488/1876/488 472/1901/472 498/1899/498 489/1897/489
f 489/1878/489 498/1898/498 475/1903/475 490/1870/490
f 479/1892/479 468/1828/468 497/1907/497 483/1868/483
f 468/1908/468 471/1911/471 480/1831/480 497/1909/497
f 501/1916/501 500/1920/500 469/1913/469 484/1845/484
f 502/1918/502 501/1922/501 484/1915/484 482/1849/482
f 471/1863/471 468/1912/468 503/1923/503 487/1925/487
f 487/1797/487 503/1926/503 500/1927/500 470/1799/470
f 472/1809/472 488/1902/488 503/1929/503 468/1924/468
f 503/1928/503 488/1930/488 469/1801/469 500/1914/500
f 481/1837/481 502/1835/502 497/1931/497 480/1910/480
f 502/1932/502 482/1917/482 493/1933/493 497/1896/497
f 475/1822/475 505/1935/505 504/1937/504 476/1939/476
f 498/1904/498 499/1906/499 505/1941/505 475/1936/475
f 505/1938/505 507/1943/507 506/1945/506 504/1947/504
f 499/1942/499 508/1949/508 507/1951/507 505/1944/505
f 493/1816/493 482/1934/482 508/1953/508 499/1950/499
f 507/1946/507 510/1955/510 509/1957/509 506/1959/506
f 508/1952/508 511/1961/511 510/1963/510 507/1956/507
f 482/1954/482 484/1850/484 511/1965/511 508/1962/508
f 484/1966/484 469/1846/469 473/1806/473 511/1967/511
f 511/1964/511 473/1968/473 474/1812/474 510/1969/510
f 474/1970/474 477/1818/477 509/1971/509 510/1958/510
f 477/1972/477 491/1820/491 506/1973/506 509/1960/509
f 491/1974/491 476/1871/476 504/1940/504 506/1948/506
f 389/1490/389 513/1975/513 512/1977/512 390/1979/390
f 389/1976/389 388/1484/388 514/1981/514 513/1983/513
f 515/620/515 514/1987/514 388/1982/388 391/1492/391
f 513/1978/513 516/1989/516 517/1991/517 512/1993/512
f 513/1990/513 514/1984/514 518/1995/518 516/1997/516
f 519/634/519 518/2001/518 514/1996/514 515/1988/515
f 516/1992/516 521/2003/521 520/2005/520 517/2007/517
f 522/644/522 523/2011/523 518/2013/518 519/2002/519
f 525/650/525 524/2017/524 523/2019/523 522/2012/522
f 518/1998/518 523/2014/523 521/2021/521 516/2004/516
f 546/714/546 548/2095/548 536/2099/536 538/2062/538
f 527/2026/527 529/2029/529 528/2031/528 526/2033/526
f 543/674/543 544/2087/544 531/2035/531 530/2037/530
f 527/2030/527 533/2041/533 532/2043/532 529/2045/529
f 533/2044/533 534/2047/534 535/2049/535 532/2051/532
f 521/2024/521 523/2022/523 541/2053/541 547/2027/547
f 534/2050/534 537/2059/537 536/2057/536 535/2055/535
f 537/2058/537 539/2065/539 538/2063/538 536/2061/536
f 544/2036/544 545/2089/545 540/2067/540 531/2069/531
f 540/2075/540 548/2097/548 546/2096/546 542/2073/542
f 540/2070/540 542/2076/542 530/2077/530 531/2038/531
f 533/2102/533 527/2042/527 547/2103/547 541/2028/541
f 545/2084/545 544/2090/544 529/2081/529 532/2046/532
f 549/728/549 547/2086/547 527/2104/527 526/2025/526
f 520/2071/520 521/2006/521 547/2023/547 549/2085/549
f 536/2056/536 548/2100/548 532/2091/532 535/2052/535
f 540/2098/540 545/2068/545 532/2083/532 548/2092/548
f 523/2054/523 524/2020/524 533/2105/533 541/2101/541
f 544/2082/544 543/2088/543 528/2107/528 529/2032/529
f 550/746/550 533/2109/533 524/2106/524 525/2018/525
f 534/2060/534 551/2114/551 539/2115/539 537/2066/537
f 551/754/551 533/2117/533 550/2110/550
f 551/2118/551 534/2113/534 533/2048/533
f 374/1432/374 552/2125/552 553/2123/553 352/2121/352
f 374/2126/374 353/1368/353 554/2129/554 552/2127/552
f 552/2124/552 555/2135/555 556/2133/556 553/2131/553
f 555/2134/555 557/2141/557 558/2139/558 556/2137/556
f 552/2136/552 554/2128/554 559/2145/559 555/2143/555
f 353/2130/353 404/1542/404 560/2149/560 554/2147/554
f 404/2150/404 429/1636/429 561/2153/561 560/2151/560
f 429/2154/429 427/1630/427 562/2157/562 561/2155/561
f 427/2158/427 415/1624/415 563/2161/563 562/2159/562
f 415/2162/415 416/1584/416 564/2165/564 563/2163/563
f 565/802/565 564/2169/564 416/2166/416 417/1590/417
f 555/2142/555 559/2144/559 566/2171/566 557/2173/557
f 573/2192/573 594/2282/594 570/2177/570 569/2190/569
f 557/2176/557 566/2174/566 569/2183/569 567/2181/567
f 569/2182/569 570/2189/570 571/2187/571 567/2185/567
f 566/2184/566 572/2195/572 573/2193/573 569/2191/569
f 554/2146/554 560/2148/560 574/2199/574 559/2197/559
f 559/2172/559 574/2198/574 572/2201/572 566/2196/566
f 572/2194/572 576/2207/576 575/2205/575 573/2203/573
f 574/2202/574 577/2211/577 576/2209/576 572/2208/572
f 560/2200/560 561/2152/561 577/2213/577 574/2212/574
f 576/2206/576 579/2219/579 578/2217/578 575/2215/575
f 577/2210/577 580/2223/580 579/2221/579 576/2220/576
f 561/2214/561 562/2156/562 580/2225/580 577/2224/577
f 579/2218/579 582/2231/582 581/2229/581 578/2227/578
f 580/2222/580 583/2235/583 582/2233/582 579/2232/579
f 562/2226/562 563/2160/563 583/2237/583 580/2236/580
f 563/2238/563 564/2164/564 584/2241/584 583/2239/583
f 585/880/585 584/2243/584 564/2242/564 565/2170/565
f 587/886/587 586/2249/586 584/2247/584 585/2244/585
f 584/2240/584 586/2248/586 582/2253/582 583/2234/583
f 589/890/589 588/2257/588 586/2259/586 587/2250/587
f 586/2254/586 588/2260/588 581/2261/581 582/2230/582
f 589/2258/589 590/2263/590 591/2265/591 588/2267/588
f 4/772/4 6/756/6 66/667/66 62/2252/62
f 581/2228/581 592/2272/592 593/2273/593 578/2275/578
f 575/2204/575 568/2277/568 594/2279/594 573/2281/573
f 578/2216/578 593/2276/593 568/2179/568 575/2278/575
f 557/2140/557 567/2175/567 589/2285/589 558/2283/558
f 567/2286/567 571/2186/571 590/2287/590 589/2264/589
f 595/2295/595 596/2293/596 597/2291/597 598/2289/598
f 596/2292/596 599/2301/599 600/2299/600 597/2297/597
f 601/2307/601 602/2305/602 614/2303/614 613/2343/613
f 601/2306/601 603/2313/603 604/2311/604 602/2309/602
f 603/2312/603 605/2319/605 606/2317/606 604/2315/604
f 605/2318/605 607/2325/607 608/2323/608 606/2321/606
f 607/2324/607 609/2331/609 610/2329/610 608/2327/608
f 609/2330/609 611/2337/611 612/2335/612 610/2333/610
f 600/2342/600 599/2300/599 613/2339/613 614/2344/614
f 598/2296/598 616/2349/616 615/2347/615 595/2345/595
f 616/2348/616 618/2355/618 617/2353/617 615/2351/615
f 618/2354/618 620/2361/620 619/2359/619 617/2357/617
f 620/2360/620 622/2367/622 621/2365/621 619/2363/619
f 622/2366/622 624/2373/624 623/2371/623 621/2369/621
f 624/2372/624 626/2375/626 625/2377/625 623/2379/623
f 626/2378/626 612/2381/612 611/2336/611 625/2383/625
f 600/2298/600 614/2341/614 627/2385/627 597/2387/597
f 597/2290/597 627/2388/627 628/2389/628 598/2391/598
f 598/2350/598 628/2392/628 618/2393/618 616/2356/616
f 602/2304/602 629/2395/629 627/2397/627 614/2386/614
f 629/2398/629 630/2399/630 628/2401/628 627/2390/627
f 628/2394/628 630/2402/630 620/2403/620 618/2362/618
f 604/2310/604 631/2405/631 629/2407/629 602/2396/602
f 631/2408/631 632/2409/632 630/2411/630 629/2400/629
f 630/2404/630 632/2412/632 622/2413/622 620/2368/620
f 622/2374/622 632/2414/632 633/2415/633 624/2417/624
f 604/2406/604 606/2316/606 634/2419/634 631/2421/631
f 631/2410/631 634/2422/634 633/2423/633 632/2416/632
f 624/2376/624 633/2418/633 612/2425/612 626/2382/626
f 608/2322/608 610/2328/610 634/2427/634 606/2420/606
f 633/2426/633 634/2424/634 610/2428/610 612/2334/612
f 605/2326/605 636/2429/636 635/2431/635 607/2433/607
f 636/2432/636 638/2435/638 637/2437/637 635/2439/635
f 636/2436/636 640/2441/640 639/2443/639 638/2445/638
f 605/2430/605 603/2320/603 640/2447/640 636/2442/636
f 638/2438/638 642/2449/642 641/2451/641 637/2453/637
f 637/2440/637 643/2455/643 644/2457/644 635/2459/635
f 643/2458/643 645/2461/645 646/2463/646 644/2465/644
f 641/2454/641 647/2467/647 643/2469/643 637/2456/637
f 647/2470/647 648/2471/648 645/2473/645 643/2462/643
f 639/2446/639 649/2475/649 642/2477/642 638/2450/638
f 639/2476/639 651/2479/651 650/2481/650 649/2483/649
f 655/2494/655 653/2489/653 652/2487/652 654/2485/654
f 645/2464/645 655/2491/655 654/2493/654 646/2495/646
f 648/2474/648 656/2497/656 655/2499/655 645/2492/645
f 655/2490/655 656/2500/656 657/2501/657 653/2503/653
f 651/2482/651 653/2505/653 657/2504/657 650/2507/650
f 651/2506/651 658/2509/658 652/2511/652 653/2488/653
f 639/2480/639 238/2513/238 236/2515/236 651/2517/651
f 238/2516/238 234/2519/234 214/2521/214 236/2523/236
f 234/2522/234 207/2525/207 205/2527/205 214/2529/214
f 207/2528/207 202/2531/202 200/2533/200 205/2535/205
f 202/2534/202 596/2537/596 595/2294/595 200/2539/200
f 595/2540/595 615/2346/615 199/2541/199 200/2543/200
f 615/2542/615 617/2352/617 198/2545/198 199/2547/199
f 617/2546/617 619/2358/619 195/2549/195 198/2551/198
f 619/2550/619 621/2364/621 658/2553/658 195/2555/195
f 621/2554/621 623/2370/623 652/2557/652 658/2512/658
f 623/2558/623 625/2380/625 654/2559/654 652/2486/652
f 625/2560/625 611/2384/611 646/2561/646 654/2496/654
f 635/2434/635 644/2460/644 609/2563/609 607/2332/607
f 646/2466/646 611/2562/611 609/2338/609 644/2564/644
f 199/2544/199 198/2548/198 205/2565/205 200/2536/200
f 198/2566/198 195/2552/195 214/2567/214 205/2530/205
f 234/2526/234 188/2579/188 191/2581/191 207/2576/207
f 651/2510/651 236/2518/236 658/2570/658
f 202/2538/202 192/2571/192 599/2573/599 596/2302/596
f 202/2572/202 207/2532/207 191/2575/191 192/2577/192
f 238/2583/238 639/2514/639 640/2444/640
f 238/2520/238 640/2584/640 188/2585/188 234/2580/234
f 603/2448/603 601/2314/601 188/2587/188 640/2586/640
f 192/2574/192 191/2578/191 613/2589/613 599/2340/599
f 601/2588/601 613/2308/613 191/2590/191 188/2582/188
f 195/2568/195 658/2556/658 236/2569/236 214/2524/214
f 591/2270/591 187/2591/187 179/2593/179 592/2595/592
f 179/2596/179 177/2597/177 593/2599/593 592/2274/592
f 593/2180/593 177/2600/177 175/2601/175 568/2603/568
f 568/2280/568 175/2604/175 174/2605/174 594/2607/594
f 594/2178/594 174/2608/174 171/2609/171 570/2611/570
f 570/2188/570 171/2612/171 169/2613/169 571/2615/571
f 571/2288/571 169/2616/169 168/2617/168 590/2619/590
f 168/2620/168 187/2621/187 591/2592/591 590/2266/590
f 171/2614/171 166/2623/166 164/2625/164 169/2627/169
f 164/2628/164 161/2629/161 168/2631/168 169/2618/169
f 174/2610/174 70/2633/70 166/2635/166 171/2624/171
f 174/2634/174 175/2606/175 69/2637/69 70/2639/70
f 175/2638/175 177/2602/177 66/2641/66 69/2643/69
f 179/2598/179 62/2255/62 66/2251/66 177/2642/177
f 179/2256/179 187/2594/187 61/2245/61 62/2167/62
f 168/2622/168 161/2632/161 61/2119/61 187/2246/187
f 647/2472/647 40/2111/40 60/2093/60 648/2079/648
f 647/2112/647 641/2468/641 39/2039/39 40/2015/40
f 641/2040/641 642/2452/642 36/2009/36 39/1999/39
f 642/2010/642 649/2478/649 35/1985/35 36/1595/36
f 649/1986/649 650/2484/650 30/1573/30 35/1571/35
f 650/1574/650 657/2508/657 27/1567/27 30/1493/30
f 657/1568/657 656/2502/656 25/1475/25 27/1449/27
f 648/2498/648 60/2080/60 25/1443/25 656/1476/656
f 30/1572/30 13/1385/13 9/1391/9 35/1403/35
f 9/1404/9 69/698/69 36/706/36 35/1596/35
f 1/1374/1 4/742/4 62/771/62 61/2168/61
f 6/918/6 4/755/4 40/765/40 39/2016/39
f 4/766/4 1/741/1 60/749/60 40/2094/40
f 1/750/1 8/707/8 25/711/25 60/1444/60
f 70/642/70 69/2640/69 9/697/9
f 66/2644/66 6/668/6 69/613/69
f 70/2636/70 9/641/9 13/1392/13 166/627/166
f 39/917/39 36/2000/36 69/705/69 6/614/6
f 8/1380/8 1/708/1 61/1373/61 161/2120/161
f 30/1386/30 27/1494/27 164/235/164 13/221/13
f 8/121/8 161/1379/161 164/2630/164
f 8/712/8 164/122/164 27/236/27 25/1450/25
f 164/222/164 166/2626/166 13/628/13
f 425/113/425 401/1619/401 402/1534/402
f 402/114/402 424/1614/424 425/1617/425
