# Exported from Nomad Sculpt
o Tube_2
usemtl Tube_2
v 6.147683143 -27.394062 -2.55477738 0.999999940 0.999999940 0.999999940
v 5.066938400 -27.5283985 -2.05792379 0.999999940 0.999999940 0.999999940
v 5.088232994 -27.5265007 -1.09232676 0.999999940 0.999999940 0.999999940
v 6.190273761 -27.390274 -0.62358326 0.999999940 0.999999940 0.999999940
v 7.271016120 -27.2559357 -1.12043726 0.999999940 0.999999940 0.999999940
v 7.249722003 -27.2578354 -2.08603382 0.999999940 0.999999940 0.999999940
v 6.229737281 -27.9218311 -2.55507112 0.999999940 0.999999940 0.999999940
v 5.148992538 -28.0561638 -2.05821729 0.999999940 0.999999940 0.999999940
v 5.170288562 -28.0542679 -1.09262037 0.999999940 0.999999940 0.999999940
v 6.272327423 -27.9180374 -0.62387681 0.999999940 0.999999940 0.999999940
v 7.353070259 -27.7837067 -1.12073076 0.999999940 0.999999940 0.999999940
v 7.331776142 -27.7855988 -2.08632755 0.999999940 0.999999940 0.999999940
v 6.375651836 -28.8603458 -2.55559301 0.999999940 0.999999940 0.999999940
v 5.294908046 -28.9946766 -2.05873966 0.999999940 0.999999940 0.999999940
v 5.316203594 -28.9927864 -1.09314251 0.999999940 0.999999940 0.999999940
v 6.418242454 -28.8565521 -0.62439895 0.999999940 0.999999940 0.999999940
v 7.498986244 -28.7222176 -1.12125289 0.999999940 0.999999940 0.999999940
v 7.477690696 -28.7241154 -2.08684945 0.999999940 0.999999940 0.999999940
v 6.603948593 -30.3287392 -2.55641007 0.999999940 0.999999940 0.999999940
v 5.523205280 -30.463068 -2.05955648 0.999999940 0.999999940 0.999999940
v 5.544499397 -30.4611702 -1.09395945 0.999999940 0.999999940 0.999999940
v 6.646538734 -30.3249435 -0.62521589 0.999999940 0.999999940 0.999999940
v 7.727282047 -30.1906071 -1.12206972 0.999999940 0.999999940 0.999999940
v 7.705987453 -30.192503 -2.08766651 0.999999940 0.999999940 0.999999940
v 6.832044601 -31.7958317 -2.55722618 0.999999940 0.999999940 0.999999940
v 5.751300811 -31.9301701 -2.06037259 0.999999940 0.999999940 0.999999940
v 5.772596836 -31.9282742 -1.09477568 0.999999940 0.999999940 0.999999940
v 6.874634265 -31.7920399 -0.62603229 0.999999940 0.999999940 0.999999940
v 7.955379962 -31.6577148 -1.12288582 0.999999940 0.999999940 0.999999940
v 7.934084892 -31.6596107 -2.08848262 0.999999940 0.999999940 0.999999940
v 7.060271263 -33.2637711 -2.55804276 0.999999940 0.999999940 0.999999940
v 5.979527950 -33.3981056 -2.06118941 0.999999940 0.999999940 0.999999940
v 6.000821590 -33.3962059 -1.09559214 0.999999940 0.999999940 0.999999940
v 7.102861881 -33.2599754 -0.626849 0.999999940 0.999999940 0.999999940
v 8.183603286 -33.1256409 -1.12370253 0.999999940 0.999999940 0.999999940
v 8.162308692 -33.127533 -2.08929944 0.999999940 0.999999940 0.999999940
v 7.288616180 -34.7324677 -2.55886006 0.999999940 0.999999940 0.999999940
v 6.207872390 -34.8668022 -2.06200647 0.999999940 0.999999940 0.999999940
v 6.229167461 -34.8649063 -1.09640932 0.999999940 0.999999940 0.999999940
v 7.331206321 -34.7286758 -0.62766588 0.999999940 0.999999940 0.999999940
v 8.411950111 -34.5943413 -1.12451947 0.999999940 0.999999940 0.999999940
v 8.390654563 -34.5962372 -2.09011626 0.999999940 0.999999940 0.999999940
v 7.516887664 -36.2006989 -2.55967665 0.999999940 0.999999940 0.999999940
v 6.436143398 -36.3350334 -2.06282306 0.999999940 0.999999940 0.999999940
v 6.457438945 -36.3331375 -1.09722614 0.999999940 0.999999940 0.999999940
v 7.559478759 -36.1969109 -0.6284827 0.999999940 0.999999940 0.999999940
v 8.640221595 -36.0625725 -1.12533641 0.999999940 0.999999940 0.999999940
v 8.618927002 -36.0644684 -2.09093332 0.999999940 0.999999940 0.999999940
v 7.745094299 -37.6685104 -2.56049323 0.999999940 0.999999940 0.999999940
v 6.664349556 -37.8028374 -2.06363988 0.999999940 0.999999940 0.999999940
v 6.685646534 -37.8009453 -1.09804273 0.999999940 0.999999940 0.999999940
v 7.787684917 -37.6647186 -0.62929934 0.999999940 0.999999940 0.999999940
v 8.868428230 -37.5303841 -1.12615311 0.999999940 0.999999940 0.999999940
v 8.847133636 -37.53228 -2.09174967 0.999999940 0.999999940 0.999999940
v 7.971730709 -39.1262093 -2.56130433 0.999999940 0.999999940 0.999999940
v 6.890985012 -39.26054 -2.0644505 0.999999940 0.999999940 0.999999940
v 6.912280082 -39.2586441 -1.09885347 0.999999940 0.999999940 0.999999940
v 8.014319419 -39.1224174 -0.63011026 0.999999940 0.999999940 0.999999940
v 9.095063209 -38.9880829 -1.12696397 0.999999940 0.999999940 0.999999940
v 9.073769569 -38.9899788 -2.09256101 0.999999940 0.999999940 0.999999940
v 8.010548591 -39.3758965 -2.56144285 0.999999940 0.999999940 0.999999940
v 6.929805278 -39.5102234 -2.06458974 0.999999940 0.999999940 0.999999940
v 6.951098918 -39.5083237 -1.09899247 0.999999940 0.999999940 0.999999940
v 8.053138732 -39.3721008 -0.63024908 0.999999940 0.999999940 0.999999940
v 9.133883476 -39.2377663 -1.12710285 0.999999940 0.999999940 0.999999940
v 9.112587928 -39.2396622 -2.09269977 0.999999940 0.999999940 0.999999940
v 8.429732322 -42.0720482 -2.56294322 0.999999940 0.999999940 0.999999940
v 7.348988056 -42.2063789 -2.06608963 0.999999940 0.999999940 0.999999940
v 7.370283126 -42.2044907 -1.10049248 0.999999940 0.999999940 0.999999940
v 8.472323417 -42.0682602 -0.63174903 0.999999940 0.999999940 0.999999940
v 9.5530653 -41.9339256 -1.12860274 0.999999940 0.999999940 0.999999940
v 9.531770706 -41.9358177 -2.09419966 0.999999940 0.999999940 0.999999940
v 6.154071331 -27.3934956 -2.26509833 0.999999940 0.999999940 0.999999940
v 5.397550582 -27.4875278 -1.9173007 0.999999940 0.999999940 0.999999940
v 5.412456989 -27.4862003 -1.24138284 0.999999940 0.999999940 0.999999940
v 6.183885097 -27.3908386 -0.91326249 0.999999940 0.999999940 0.999999940
v 6.940406322 -27.2968082 -1.26106012 0.999999940 0.999999940 0.999999940
v 6.925498485 -27.2981339 -1.93697798 0.999999940 0.999999940 0.999999940
v 6.168978214 -27.3921661 -1.58918047 0.999999940 0.999999940 0.999999940
v 8.436120986 -42.0714836 -2.27326417 0.999999940 0.999999940 0.999999940
v 7.679600238 -42.1655121 -1.92546654 0.999999940 0.999999940 0.999999940
v 7.694506168 -42.1641846 -1.24954867 0.999999940 0.999999940 0.999999940
v 8.465934753 -42.0688324 -0.9214282 0.999999940 0.999999940 0.999999940
v 9.222455024 -41.9748001 -1.26922584 0.999999940 0.999999940 0.999999940
v 9.207549095 -41.9761238 -1.9451437 0.999999940 0.999999940 0.999999940
v 8.451026916 -42.0701561 -1.59734607 0.999999940 0.999999940 0.999999940
v -6.14768887 -27.3940639 -2.55477738 0.999999940 0.999999940 0.999999940
v -5.0669446 -27.5283966 -2.05792379 0.999999940 0.999999940 0.999999940
v -5.08823967 -27.5264988 -1.09232652 0.999999940 0.999999940 0.999999940
v -6.19028044 -27.3902702 -0.62358314 0.999999940 0.999999940 0.999999940
v -7.2710228 -27.2559357 -1.12043715 0.999999940 0.999999940 0.999999940
v -7.2497282 -27.2578373 -2.08603382 0.999999940 0.999999940 0.999999940
v -6.229743 -27.9218311 -2.55507112 0.999999940 0.999999940 0.999999940
v -5.14899874 -28.0561619 -2.05821729 0.999999940 0.999999940 0.999999940
v -5.17029428 -28.054266 -1.09262013 0.999999940 0.999999940 0.999999940
v -6.2723341 -27.9180355 -0.62387663 0.999999940 0.999999940 0.999999940
v -7.35307646 -27.7837048 -1.12073064 0.999999940 0.999999940 0.999999940
v -7.33178234 -27.7856026 -2.08632731 0.999999940 0.999999940 0.999999940
v -6.37565804 -28.8603439 -2.55559301 0.999999940 0.999999940 0.999999940
v -5.29491472 -28.9946785 -2.05873942 0.999999940 0.999999940 0.999999940
v -5.31620884 -28.9927845 -1.09314227 0.999999940 0.999999940 0.999999940
v -6.41824818 -28.8565521 -0.62439883 0.999999940 0.999999940 0.999999940
v -7.49899292 -28.7222214 -1.12125266 0.999999940 0.999999940 0.999999940
v -7.47769737 -28.7241154 -2.08684945 0.999999940 0.999999940 0.999999940
v -6.60395527 -30.3287354 -2.55641007 0.999999940 0.999999940 0.999999940
v -5.523211 -30.4630661 -2.05955625 0.999999940 0.999999940 0.999999940
v -5.54450655 -30.4611721 -1.09395921 0.999999940 0.999999940 0.999999940
v -6.64654398 -30.3249435 -0.62521583 0.999999940 0.999999940 0.999999940
v -7.72728872 -30.1906071 -1.1220696 0.999999940 0.999999940 0.999999940
v -7.70599413 -30.1925049 -2.08766651 0.999999940 0.999999940 0.999999940
v -6.83205128 -31.7958317 -2.55722618 0.999999940 0.999999940 0.999999940
v -5.75130796 -31.9301662 -2.06037235 0.999999940 0.999999940 0.999999940
v -5.77260256 -31.9282722 -1.09477556 0.999999940 0.999999940 0.999999940
v -6.87463999 -31.7920399 -0.62603199 0.999999940 0.999999940 0.999999940
v -7.95538616 -31.6577129 -1.1228857 0.999999940 0.999999940 0.999999940
v -7.93409061 -31.6596107 -2.08848262 0.999999940 0.999999940 0.999999940
v -7.06027794 -33.2637711 -2.55804276 0.999999940 0.999999940 0.999999940
v -5.97953367 -33.3981056 -2.06118917 0.999999940 0.999999940 0.999999940
v -6.00082779 -33.3962059 -1.09559202 0.999999940 0.999999940 0.999999940
v -7.1028676 -33.2599792 -0.62684864 0.999999940 0.999999940 0.999999940
v -8.18360996 -33.1256371 -1.12370241 0.999999940 0.999999940 0.999999940
v -8.16231632 -33.127533 -2.0892992 0.999999940 0.999999940 0.999999940
v -7.28862238 -34.7324677 -2.55886006 0.999999940 0.999999940 0.999999940
v -6.20787859 -34.8668022 -2.06200624 0.999999940 0.999999940 0.999999940
v -6.22917414 -34.8649025 -1.09640932 0.999999940 0.999999940 0.999999940
v -7.331213 -34.7286758 -0.6276657 0.999999940 0.999999940 0.999999940
v -8.41195583 -34.5943413 -1.12451947 0.999999940 0.999999940 0.999999940
v -8.39066029 -34.5962334 -2.09011626 0.999999940 0.999999940 0.999999940
v -7.51689339 -36.200695 -2.55967665 0.999999940 0.999999940 0.999999940
v -6.43615055 -36.3350334 -2.06282306 0.999999940 0.999999940 0.999999940
v -6.4574461 -36.3331337 -1.09722602 0.999999940 0.999999940 0.999999940
v -7.55948496 -36.1969032 -0.62848252 0.999999940 0.999999940 0.999999940
v -8.64022732 -36.0625725 -1.12533617 0.999999940 0.999999940 0.999999940
v -8.61893177 -36.0644646 -2.09093308 0.999999940 0.999999940 0.999999940
v -7.74510098 -37.6685066 -2.56049299 0.999999940 0.999999940 0.999999940
v -6.66435528 -37.8028374 -2.06363964 0.999999940 0.999999940 0.999999940
v -6.68565226 -37.8009453 -1.09804249 0.999999940 0.999999940 0.999999940
v -7.78769112 -37.664711 -0.62929916 0.999999940 0.999999940 0.999999940
v -8.86843491 -37.5303841 -1.12615287 0.999999940 0.999999940 0.999999940
v -8.84714127 -37.53228 -2.09174967 0.999999940 0.999999940 0.999999940
v -7.97173643 -39.1262093 -2.56130409 0.999999940 0.999999940 0.999999940
v -6.89099073 -39.26054 -2.06445026 0.999999940 0.999999940 0.999999940
v -6.91228676 -39.2586441 -1.09885335 0.999999940 0.999999940 0.999999940
v -8.01432514 -39.1224174 -0.63011009 0.999999940 0.999999940 0.999999940
v -9.09506989 -38.9880829 -1.12696385 0.999999940 0.999999940 0.999999940
v -9.07377529 -38.9899788 -2.09256077 0.999999940 0.999999940 0.999999940
v -8.01055527 -39.3758888 -2.56144285 0.999999940 0.999999940 0.999999940
v -6.929811 -39.5102234 -2.0645895 0.999999940 0.999999940 0.999999940
v -6.95110512 -39.5083275 -1.09899235 0.999999940 0.999999940 0.999999940
v -8.05314541 -39.3721008 -0.6302489 0.999999940 0.999999940 0.999999940
v -9.1338892 -39.2377663 -1.12710273 0.999999940 0.999999940 0.999999940
v -9.1125946 -39.2396584 -2.09269953 0.999999940 0.999999940 0.999999940
v -8.42973709 -42.0720482 -2.56294298 0.999999940 0.999999940 0.999999940
v -7.34899473 -42.2063789 -2.06608939 0.999999940 0.999999940 0.999999940
v -7.37028837 -42.2044868 -1.10049236 0.999999940 0.999999940 0.999999940
v -8.47232914 -42.0682602 -0.6317488 0.999999940 0.999999940 0.999999940
v -9.55307102 -41.9339218 -1.1286025 0.999999940 0.999999940 0.999999940
v -9.53177738 -41.9358177 -2.09419942 0.999999940 0.999999940 0.999999940
v -6.15407753 -27.3934937 -2.26509809 0.999999940 0.999999940 0.999999940
v -5.39755583 -27.4875298 -1.91730058 0.999999940 0.999999940 0.999999940
v -5.41246319 -27.4861984 -1.24138272 0.999999940 0.999999940 0.999999940
v -6.18389082 -27.3908424 -0.91326231 0.999999940 0.999999940 0.999999940
v -6.94041204 -27.2968063 -1.26105988 0.999999940 0.999999940 0.999999940
v -6.92550516 -27.2981358 -1.93697786 0.999999940 0.999999940 0.999999940
v -6.16898441 -27.392168 -1.58918035 0.999999940 0.999999940 0.999999940
v -8.43612766 -42.0714836 -2.27326393 0.999999940 0.999999940 0.999999940
v -7.67960644 -42.1655159 -1.92546642 0.999999940 0.999999940 0.999999940
v -7.69451189 -42.1641884 -1.24954844 0.999999940 0.999999940 0.999999940
v -8.46594143 -42.0688286 -0.92142797 0.999999940 0.999999940 0.999999940
v -9.2224617 -41.9747963 -1.2692256 0.999999940 0.999999940 0.999999940
v -9.20755482 -41.9761238 -1.94514346 0.999999940 0.999999940 0.999999940
v -8.45103359 -42.0701523 -1.59734595 0.999999940 0.999999940 0.999999940
s 0
f 1 7 8 2
f 2 8 9 3
f 3 9 10 4
f 4 10 11 5
f 5 11 12 6
f 6 12 7 1
f 7 13 14 8
f 8 14 15 9
f 9 15 16 10
f 10 16 17 11
f 11 17 18 12
f 12 18 13 7
f 13 19 20 14
f 14 20 21 15
f 15 21 22 16
f 16 22 23 17
f 17 23 24 18
f 18 24 19 13
f 19 25 26 20
f 20 26 27 21
f 21 27 28 22
f 22 28 29 23
f 23 29 30 24
f 24 30 25 19
f 25 31 32 26
f 26 32 33 27
f 27 33 34 28
f 28 34 35 29
f 29 35 36 30
f 30 36 31 25
f 31 37 38 32
f 32 38 39 33
f 33 39 40 34
f 34 40 41 35
f 35 41 42 36
f 36 42 37 31
f 37 43 44 38
f 38 44 45 39
f 39 45 46 40
f 40 46 47 41
f 41 47 48 42
f 42 48 43 37
f 43 49 50 44
f 44 50 51 45
f 45 51 52 46
f 46 52 53 47
f 47 53 54 48
f 48 54 49 43
f 49 55 56 50
f 50 56 57 51
f 51 57 58 52
f 52 58 59 53
f 53 59 60 54
f 54 60 55 49
f 55 61 62 56
f 56 62 63 57
f 57 63 64 58
f 58 64 65 59
f 59 65 66 60
f 60 66 61 55
f 61 67 68 62
f 62 68 69 63
f 63 69 70 64
f 64 70 71 65
f 65 71 72 66
f 66 72 67 61
f 74 73 1 2
f 75 74 2 3
f 76 75 3 4
f 77 76 4 5
f 78 77 5 6
f 73 78 6 1
f 74 75 79 73
f 76 77 79 75
f 78 73 79 77
f 67 80 81 68
f 68 81 82 69
f 69 82 83 70
f 70 83 84 71
f 71 84 85 72
f 72 85 80 67
f 86 82 81 80
f 86 84 83 82
f 86 80 85 84
f 94 93 87 88
f 95 94 88 89
f 96 95 89 90
f 97 96 90 91
f 98 97 91 92
f 93 98 92 87
f 100 99 93 94
f 101 100 94 95
f 102 101 95 96
f 103 102 96 97
f 104 103 97 98
f 99 104 98 93
f 106 105 99 100
f 107 106 100 101
f 108 107 101 102
f 109 108 102 103
f 110 109 103 104
f 105 110 104 99
f 112 111 105 106
f 113 112 106 107
f 114 113 107 108
f 115 114 108 109
f 116 115 109 110
f 111 116 110 105
f 118 117 111 112
f 119 118 112 113
f 120 119 113 114
f 121 120 114 115
f 122 121 115 116
f 117 122 116 111
f 124 123 117 118
f 125 124 118 119
f 126 125 119 120
f 127 126 120 121
f 128 127 121 122
f 123 128 122 117
f 130 129 123 124
f 131 130 124 125
f 132 131 125 126
f 133 132 126 127
f 134 133 127 128
f 129 134 128 123
f 136 135 129 130
f 137 136 130 131
f 138 137 131 132
f 139 138 132 133
f 140 139 133 134
f 135 140 134 129
f 142 141 135 136
f 143 142 136 137
f 144 143 137 138
f 145 144 138 139
f 146 145 139 140
f 141 146 140 135
f 148 147 141 142
f 149 148 142 143
f 150 149 143 144
f 151 150 144 145
f 152 151 145 146
f 147 152 146 141
f 154 153 147 148
f 155 154 148 149
f 156 155 149 150
f 157 156 150 151
f 158 157 151 152
f 153 158 152 147
f 87 159 160 88
f 88 160 161 89
f 89 161 162 90
f 90 162 163 91
f 91 163 164 92
f 92 164 159 87
f 165 161 160 159
f 165 163 162 161
f 165 159 164 163
f 167 166 153 154
f 168 167 154 155
f 169 168 155 156
f 170 169 156 157
f 171 170 157 158
f 166 171 158 153
f 167 168 172 166
f 169 170 172 168
f 171 166 172 170
o Default
usemtl Default
v -11.4145641 10.95005798 -3.37308431 0.999999940 0.999999940 0.999999940
v -11.8769064 10.23304176 -3.37920094 0.999999940 0.999999940 0.999999940
v -12.3162165 10.66950321 -1.54207182 0.999999940 0.999999940 0.999999940
v -11.6212645 11.17707443 -1.54064643 0.999999940 0.999999940 0.999999940
v -8.0800066 12.37072277 -1.64951265 0.999999940 0.999999940 0.999999940
v -6.66983032 12.33965110 -4.72865915 0.999999940 0.999999940 0.999999940
v -9.65058708 8.875333786 -4.60031462 0.999999940 0.999999940 0.999999940
v -10.5172844 8.092924118 -4.65189075 0.999999940 0.999999940 0.999999940
v -4.52657604 9.329976081 -6.8242259 0.999999940 0.999999940 0.999999940
v -13.3262548 8.008185386 -3.75559878 0.999999940 0.999999940 0.999999940
v -14.0089359 8.556383132 -1.67047548 0.999999940 0.999999940 0.999999940
v -11.1783705 5.826809883 -4.85583925 0.999999940 0.999999940 0.999999940
v -12.0843468 10.46010303 0.174427196 0.999999940 0.999999940 0.999999940
v -11.4200497 11.03886127 0.083482235 0.999999940 0.999999940 0.999999940
v -13.4291382 8.078080177 0.217622131 0.999999940 0.999999940 0.999999940
v -7.66754007 12.06646537 1.441658616 0.999999940 0.999999940 0.999999940
v -3.52534199 12.00023460 3.239735603 0.999999940 0.999999940 0.999999940
v -5.26394892 13.38447475 -1.76067996 0.999999940 0.999999940 0.999999940
v -2.84297943 13.06367492 -5.58773661 0.999999940 0.999999940 0.999999940
v -0.00080002 11.88049411 -6.50865078 0.999999940 0.999999940 0.999999940
v -3.50403428 5.081749916 -7.51960802 0.999999940 0.999999940 0.999999940
v -7.56472969 4.858915329 -5.4367795 0.999999940 0.999999940 0.999999940
v -0.00080028 5.167215824 -8.0082798 0.999999940 0.999999940 0.999999940
v -8.50460434 5.172016620 -4.55060816 0.999999940 0.999999940 0.999999940
v -8.82119083 0.766022384 -3.78013539 0.999999940 0.999999940 0.999999940
v -9.18048573 2.931689262 -1.58470356 0.999999940 0.999999940 0.999999940
v -9.55190086 1.922395944 -1.65632474 0.999999940 0.999999940 0.999999940
v -13.2318869 -0.33487466 -5.53906345 0.999999940 0.999999940 0.999999940
v -16.925272 2.191722869 -4.9007988 0.999999940 0.999999940 0.999999940
v -10.9995022 -1.67681539 -1.6668191 0.999999940 0.999999940 0.999999940
v -17.6994247 2.741228818 -1.85617471 0.999999940 0.999999940 0.999999940
v -16.737381 1.91198349 0.716036498 0.999999940 0.999999940 0.999999940
v -13.7465553 0.109152995 1.927906274 0.999999940 0.999999940 0.999999940
v -11.7158518 5.000710964 1.516211032 0.999999940 0.999999940 0.999999940
v -11.0636015 6.704996109 1.318984389 0.999999940 0.999999940 0.999999940
v -10.1094227 7.194726467 1.604111194 0.999999940 0.999999940 0.999999940
v -5.67037392 8.247194290 3.108668804 0.999999940 0.999999940 0.999999940
v -0.00080003 9.301853179 4.211834907 0.999999940 0.999999940 0.999999940
v -0.00080004 10.14030265 3.804181575 0.999999940 0.999999940 0.999999940
v -3.49740815 14.05587387 3.318726778 0.999999940 0.999999940 0.999999940
v -4.93621063 15.18639183 -1.52809966 0.999999940 0.999999940 0.999999940
v -2.7876842 15.42259883 -4.15478611 0.999999940 0.999999940 0.999999940
v -0.00079998 15.38315105 -5.80850554 0.999999940 0.999999940 0.999999940
v 2.786084413 15.42259883 -4.15478611 0.999999940 0.999999940 0.999999940
v 2.841379642 13.06367492 -5.58773661 0.999999940 0.999999940 0.999999940
v 6.668230056 12.33965110 -4.72865915 0.999999940 0.999999940 0.999999940
v 4.524974823 9.329975128 -6.8242259 0.999999940 0.999999940 0.999999940
v 3.502434253 5.081749439 -7.51960802 0.999999940 0.999999940 0.999999940
v -0.00080047 -0.7750423 -7.73657942 0.999999940 0.999999940 0.999999940
v -3.440027 -0.78653336 -7.36712646 0.999999940 0.999999940 0.999999940
v 3.438426733 -0.78653353 -7.36712646 0.999999940 0.999999940 0.999999940
v 7.563129425 4.858914852 -5.4367795 0.999999940 0.999999940 0.999999940
v 7.822273254 -0.12517451 -5.61513329 0.999999940 0.999999940 0.999999940
v 9.648986816 8.875332832 -4.60031414 0.999999940 0.999999940 0.999999940
v 11.41296386 10.95005703 -3.37308431 0.999999940 0.999999940 0.999999940
v 11.61966514 11.17707443 -1.54064643 0.999999940 0.999999940 0.999999940
v 8.078406333 12.37072277 -1.64951277 0.999999940 0.999999940 0.999999940
v 5.262349128 13.38447475 -1.76068008 0.999999940 0.999999940 0.999999940
v 4.934610366 15.18639183 -1.52809978 0.999999940 0.999999940 0.999999940
v 1.608343005 13.03317260 -4.21711063 0.999999940 0.999999940 0.999999940
v 3.898574590 12.37152004 -1.21112454 0.999999940 0.999999940 0.999999940
v -0.0008 13.32438373 -4.97248936 0.999999940 0.999999940 0.999999940
v -1.60994303 13.03317260 -4.21711063 0.999999940 0.999999940 0.999999940
v -3.90017438 12.37152004 -1.21112442 0.999999940 0.999999940 0.999999940
v -3.59805155 11.44743633 1.153005480 0.999999940 0.999999940 0.999999940
v -0.00080004 10.20930194 3.087911844 0.999999940 0.999999940 0.999999940
v 3.523742198 12.00023460 3.239735364 0.999999940 0.999999940 0.999999940
v 3.495808363 14.05587387 3.318726778 0.999999940 0.999999940 0.999999940
v 3.596451759 11.44743633 1.153005361 0.999999940 0.999999940 0.999999940
v -0.00080002 12.04146575 1.064549684 0.999999940 0.999999940 0.999999940
v -0.00080001 12.33818149 -0.43424425 0.999999940 0.999999940 0.999999940
v 7.665939807 12.06646442 1.441658616 0.999999940 0.999999940 0.999999940
v 11.41844940 11.03886127 0.083482153 0.999999940 0.999999940 0.999999940
v 12.31461525 10.66950225 -1.54207087 0.999999940 0.999999940 0.999999940
v 11.87530612 10.23304081 -3.37920094 0.999999940 0.999999940 0.999999940
v 12.08274650 10.46010303 0.174427345 0.999999940 0.999999940 0.999999940
v 10.51568412 8.092923164 -4.65189075 0.999999940 0.999999940 0.999999940
v 8.503004074 5.172016620 -4.55060863 0.999999940 0.999999940 0.999999940
v 8.819590568 0.766021966 -3.78013539 0.999999940 0.999999940 0.999999940
v 9.136264801 -5.57687712 -3.90072203 0.999999940 0.999999940 0.999999940
v 7.963776588 -5.47243547 -5.6554966 0.999999940 0.999999940 0.999999940
v 3.579744339 -5.36591721 -7.73827267 0.999999940 0.999999940 0.999999940
v 9.178885459 2.931688785 -1.58470368 0.999999940 0.999999940 0.999999940
v 9.522238731 -5.68309736 -2.01157546 0.999999940 0.999999940 0.999999940
v 11.17677021 5.826809406 -4.85583973 0.999999940 0.999999940 0.999999940
v 9.550300598 1.922395587 -1.65632474 0.999999940 0.999999940 0.999999940
v 13.32465457 8.008184433 -3.75559926 0.999999940 0.999999940 0.999999940
v 14.00733566 8.556382179 -1.67047524 0.999999940 0.999999940 0.999999940
v 13.42753791 8.078079223 0.217622250 0.999999940 0.999999940 0.999999940
v 10.10782241 7.194725990 1.604111194 0.999999940 0.999999940 0.999999940
v 11.06200122 6.704995632 1.318984150 0.999999940 0.999999940 0.999999940
v 11.71425151 5.000710487 1.516211032 0.999999940 0.999999940 0.999999940
v 5.668773651 8.247192382 3.108668565 0.999999940 0.999999940 0.999999940
v 9.199931144 4.118912696 1.754412412 0.999999940 0.999999940 0.999999940
v 4.371453285 4.424920558 3.590376138 0.999999940 0.999999940 0.999999940
v -0.00079937 4.276473522 3.778588533 0.999999940 0.999999940 0.999999940
v 10.07710647 4.147525787 1.439434647 0.999999940 0.999999940 0.999999940
v 9.371618270 0.344261884 0.401032418 0.999999940 0.999999940 0.999999940
v 9.764379501 -5.82353258 -0.41326669 0.999999940 0.999999940 0.999999940
v 10.23248481 -11.3452988 0.024254327 0.999999940 0.999999940 0.999999940
v 10.47938633 -11.3666134 -2.07787609 0.999999940 0.999999940 0.999999940
v 10.54435348 -11.3534908 -4.3187604 0.999999940 0.999999940 0.999999940
v 8.656297683 -11.3889265 -6.23897314 0.999999940 0.999999940 0.999999940
v 3.799694061 -11.4312563 -8.31954861 0.999999940 0.999999940 0.999999940
v -0.00080021 -5.38649321 -7.80758619 0.999999940 0.999999940 0.999999940
v -0.00080028 -11.4443102 -8.71309566 0.999999940 0.999999940 0.999999940
v 6.740685463 -11.2559624 -5.5161376 0.999999940 0.999999940 0.999999940
v 3.436638593 -11.2547436 -7.01147509 0.999999940 0.999999940 0.999999940
v -0.00080027 -10.8491488 -7.51792955 0.999999940 0.999999940 0.999999940
v 7.735494613 -11.0920677 -3.89852619 0.999999940 0.999999940 0.999999940
v 7.833574295 -10.7841091 -1.96625638 0.999999940 0.999999940 0.999999940
v 7.800986766 -10.8884888 0.069803558 0.999999940 0.999999940 0.999999940
v 7.965768814 -5.85129356 1.906727194 0.999999940 0.999999940 0.999999940
v 8.446743965 -11.5212536 2.512251853 0.999999940 0.999999940 0.999999940
v 7.311209678 -11.2414427 1.93227911 0.999999940 0.999999940 0.999999940
v 7.198084831 -0.77279931 1.967182278 0.999999940 0.999999940 0.999999940
v 3.364946603 -1.06687093 3.481587648 0.999999940 0.999999940 0.999999940
v -0.00079964 -0.9974727 3.754806041 0.999999940 0.999999940 0.999999940
v -4.37305117 4.424921512 3.590376615 0.999999940 0.999999940 0.999999940
v -3.36654568 -1.06687164 3.481587648 0.999999940 0.999999940 0.999999940
v -2.46974802 -6.06865835 4.149126052 0.999999940 0.999999940 0.999999940
v -0.00080008 -6.13618612 4.272415161 0.999999940 0.999999940 0.999999940
v 2.468147754 -6.06865835 4.149126052 0.999999940 0.999999940 0.999999940
v 2.460194349 -11.3745661 4.853091239 0.999999940 0.999999940 0.999999940
v 2.634005546 -10.9824467 3.384356260 0.999999940 0.999999940 0.999999940
v 2.161479234 -16.6464005 3.156034231 0.999999940 0.999999940 0.999999940
v 6.835797309 -17.3494797 2.286787033 0.999999940 0.999999940 0.999999940
v 9.140386581 -17.6805439 0.342678487 0.999999940 0.999999940 0.999999940
v 9.538355827 -17.8364143 -1.95260823 0.999999940 0.999999940 0.999999940
v 8.658374786 -17.675806 -3.92526364 0.999999940 0.999999940 0.999999940
v 6.993748188 -17.527092 -5.35213709 0.999999940 0.999999940 0.999999940
v 3.360478878 -17.5609837 -6.54694366 0.999999940 0.999999940 0.999999940
v -0.00080038 -17.8001575 -6.84356785 0.999999940 0.999999940 0.999999940
v -3.43823934 -11.2547445 -7.01147509 0.999999940 0.999999940 0.999999940
v -3.8012948 -11.4312563 -8.31954861 0.999999940 0.999999940 0.999999940
v -3.3620801 -17.5609837 -6.54694366 0.999999940 0.999999940 0.999999940
v -0.00080046 -20.1108475 -3.86595345 0.999999940 0.999999940 0.999999940
v -2.92161012 -20.8175392 -5.5243907 0.999999940 0.999999940 0.999999940
v 2.920009374 -20.8175392 -5.5243907 0.999999940 0.999999940 0.999999940
v 7.058965683 -20.8659935 -5.26901484 0.999999940 0.999999940 0.999999940
v 9.360616684 -20.70051 -3.98033524 0.999999940 0.999999940 0.999999940
v 10.22187900 -20.7868938 -1.83133483 0.999999940 0.999999940 0.999999940
v 9.628042221 -20.7316513 0.697363376 0.999999940 0.999999940 0.999999940
v 6.592033386 -20.4147587 2.594337701 0.999999940 0.999999940 0.999999940
v 2.187832593 -19.3019238 2.603820323 0.999999940 0.999999940 0.999999940
v -0.00079996 -16.6661072 3.496286630 0.999999940 0.999999940 0.999999940
v -0.00080031 -10.9352617 3.791082143 0.999999940 0.999999940 0.999999940
v -0.00080033 -18.7864456 2.010054111 0.999999940 0.999999940 0.999999940
v -0.00080026 -11.4249229 5.012302398 0.999999940 0.999999940 0.999999940
v -2.46179509 -11.3745661 4.853091239 0.999999940 0.999999940 0.999999940
v -2.63560629 -10.9824486 3.384356737 0.999999940 0.999999940 0.999999940
v -2.16308093 -16.6464005 3.156034469 0.999999940 0.999999940 0.999999940
v -2.18943334 -19.3019199 2.603820562 0.999999940 0.999999940 0.999999940
v -2.55968785 -23.4812222 2.194044351 0.999999940 0.999999940 0.999999940
v -0.00080039 -21.5123901 -1.55342436 0.999999940 0.999999940 0.999999940
v 2.558087348 -23.4812222 2.194044351 0.999999940 0.999999940 0.999999940
v 6.978941917 -23.4245243 2.647279739 0.999999940 0.999999940 0.999999940
v 10.03690242 -22.9429436 0.849831223 0.999999940 0.999999940 0.999999940
v 10.70182704 -22.7341633 -1.82048714 0.999999940 0.999999940 0.999999940
v 9.726273536 -22.7217693 -4.02638006 0.999999940 0.999999940 0.999999940
v 7.315801620 -23.0689754 -5.33027411 0.999999940 0.999999940 0.999999940
v 2.887105941 -22.7024002 -5.39997435 0.999999940 0.999999940 0.999999940
v -2.88870668 -22.7023964 -5.39997435 0.999999940 0.999999940 0.999999940
v -6.99534845 -17.5270901 -5.35213709 0.999999940 0.999999940 0.999999940
v -7.06056595 -20.8659935 -5.26901484 0.999999940 0.999999940 0.999999940
v -7.31740236 -23.0689754 -5.33027411 0.999999940 0.999999940 0.999999940
v -3.89006209 -31.8600655 -4.58029747 0.999999940 0.999999940 0.999999940
v -8.19450665 -30.6769218 -5.63473034 0.999999940 0.999999940 0.999999940
v -2.18532848 -32.3973045 -1.46279335 0.999999940 0.999999940 0.999999940
v -3.75987339 -32.0298691 1.156562805 0.999999940 0.999999940 0.999999940
v 3.888461351 -31.8600655 -4.58029747 0.999999940 0.999999940 0.999999940
v 2.183727264 -32.3973045 -1.46279335 0.999999940 0.999999940 0.999999940
v 3.758271932 -32.0298691 1.156562924 0.999999940 0.999999940 0.999999940
v -6.59363413 -20.4147587 2.594337701 0.999999940 0.999999940 0.999999940
v -6.98054314 -23.4245243 2.647279739 0.999999940 0.999999940 0.999999940
v -8.46818733 -30.7075577 2.852661132 0.999999940 0.999999940 0.999999940
v -6.83739805 -17.3494778 2.286787033 0.999999940 0.999999940 0.999999940
v -7.31280994 -11.2414436 1.932279229 0.999999940 0.999999940 0.999999940
v -8.44834328 -11.5212536 2.512250185 0.999999940 0.999999940 0.999999940
v -7.96736908 -5.85129309 1.906727194 0.999999940 0.999999940 0.999999940
v -10.2340851 -11.3452978 0.024254228 0.999999940 0.999999940 0.999999940
v -9.76597977 -5.8235321 -0.41326669 0.999999940 0.999999940 0.999999940
v -7.80258703 -10.8884878 0.069803573 0.999999940 0.999999940 0.999999940
v -9.14198685 -17.680542 0.342678576 0.999999940 0.999999940 0.999999940
v -9.6296463 -20.7316513 0.697364628 0.999999940 0.999999940 0.999999940
v -10.0385027 -22.9429436 0.849830746 0.999999940 0.999999940 0.999999940
v -11.6520491 -29.6477947 1.044000625 0.999999940 0.999999940 0.999999940
v -7.53553438 -29.7900867 1.381326675 0.999999940 0.999999940 0.999999940
v -5.06612444 -30.3620529 0.208514586 0.999999940 0.999999940 0.999999940
v -10.2148962 -28.7008324 -0.1412808 0.999999940 0.999999940 0.999999940
v -4.42580462 -29.8596401 -1.29134834 0.999999940 0.999999940 0.999999940
v -4.97022152 -30.411974 -3.53916979 0.999999940 0.999999940 0.999999940
v -7.71998119 -29.1594028 -4.23821545 0.999999940 0.999999940 0.999999940
v -11.9866028 -29.4933872 -4.20322418 0.999999940 0.999999940 0.999999940
v -9.7278738 -22.7217712 -4.02638054 0.999999940 0.999999940 0.999999940
v -9.91828442 -28.7008686 -3.30385375 0.999999940 0.999999940 0.999999940
v -10.621007 -28.5690365 -1.98470056 0.999999940 0.999999940 0.999999940
v -12.5809088 -29.3387699 -1.82822788 0.999999940 0.999999940 0.999999940
v -10.7034273 -22.7341633 -1.8204875 0.999999940 0.999999940 0.999999940
v -10.2234793 -20.7868938 -1.83133531 0.999999940 0.999999940 0.999999940
v -9.53995609 -17.8364124 -1.95260847 0.999999940 0.999999940 0.999999940
v -7.83517456 -10.7841082 -1.96625614 0.999999940 0.999999940 0.999999940
v -10.4809866 -11.3666124 -2.07787609 0.999999940 0.999999940 0.999999940
v -9.523839 -5.68309689 -2.01157546 0.999999940 0.999999940 0.999999940
v -9.37321854 0.344262331 0.401032418 0.999999940 0.999999940 0.999999940
v -7.1996851 -0.77279896 1.967182278 0.999999940 0.999999940 0.999999940
v -9.20153141 4.118913173 1.754412412 0.999999940 0.999999940 0.999999940
v -10.0787067 4.147526264 1.439434647 0.999999940 0.999999940 0.999999940
v -9.13786507 -5.57687664 -3.90072227 0.999999940 0.999999940 0.999999940
v -10.5459538 -11.3534899 -4.3187604 0.999999940 0.999999940 0.999999940
v -7.73709488 -11.0920677 -3.89852619 0.999999940 0.999999940 0.999999940
v -8.65997505 -17.6758041 -3.92526364 0.999999940 0.999999940 0.999999940
v -9.36221695 -20.7005119 -3.98033571 0.999999940 0.999999940 0.999999940
v -6.74228573 -11.2559633 -5.5161376 0.999999940 0.999999940 0.999999940
v -8.6578989 -11.3889256 -6.23897314 0.999999940 0.999999940 0.999999940
v -7.96537685 -5.472435 -5.6554966 0.999999940 0.999999940 0.999999940
v -7.82387352 -0.12517412 -5.61513329 0.999999940 0.999999940 0.999999940
v -3.5813446 -5.36591673 -7.73827267 0.999999940 0.999999940 0.999999940
v -14.5214243 -1.58990347 2.068656444 0.999999940 0.999999940 0.999999940
v -11.8500929 -3.36828613 -1.58180118 0.999999940 0.999999940 0.999999940
v -17.6601295 0.455653816 0.984866201 0.999999940 0.999999940 0.999999940
v -13.9108162 -1.97559285 -5.65559721 0.999999940 0.999999940 0.999999940
v -17.7571106 -8.77158833 2.223414897 0.999999940 0.999999940 0.999999940
v -15.349906 -10.4889278 -1.20389974 0.999999940 0.999999940 0.999999940
v -16.9797249 -8.80214405 -5.45787716 0.999999940 0.999999940 0.999999940
v -21.2091484 -5.90120649 1.902538538 0.999999940 0.999999940 0.999999940
v -22.5129433 -4.51437855 -1.78029847 0.999999940 0.999999940 0.999999940
v -18.6375465 1.355547308 -1.85259867 0.999999940 0.999999940 0.999999940
v -19.6480331 -4.09172821 -1.60440946 0.999999940 0.999999940 0.999999940
v -18.3993168 -4.82091999 -0.34029198 0.999999940 0.999999940 0.999999940
v -17.0397854 -6.86822414 0.376238316 0.999999940 0.999999940 0.999999940
v -15.9698467 -7.51754856 -1.42580223 0.999999940 0.999999940 0.999999940
v -16.9485149 -6.48047686 -3.48955035 0.999999940 0.999999940 0.999999940
v -21.3578606 -5.48742723 -5.49484015 0.999999940 0.999999940 0.999999940
v -17.8119316 0.706132292 -5.01788712 0.999999940 0.999999940 0.999999940
v -18.6941204 -4.90348721 -3.71812892 0.999999940 0.999999940 0.999999940
v 8.466587066 -30.7075577 2.852661132 0.999999940 0.999999940 0.999999940
v 4.424204826 -29.8596401 -1.29134846 0.999999940 0.999999940 0.999999940
v 5.064522743 -30.3620548 0.208514452 0.999999940 0.999999940 0.999999940
v 7.533933162 -29.7900867 1.381326556 0.999999940 0.999999940 0.999999940
v 11.65044879 -29.6477947 1.044000864 0.999999940 0.999999940 0.999999940
v 10.21329593 -28.7008324 -0.14128092 0.999999940 0.999999940 0.999999940
v 9.916684150 -28.7008686 -3.30385351 0.999999940 0.999999940 0.999999940
v 10.61940765 -28.5690365 -1.98470068 0.999999940 0.999999940 0.999999940
v 7.718379497 -29.1594048 -4.23821592 0.999999940 0.999999940 0.999999940
v 4.968620300 -30.411974 -3.53916907 0.999999940 0.999999940 0.999999940
v 8.192906379 -30.6769218 -5.63473034 0.999999940 0.999999940 0.999999940
v 11.98500251 -29.4933872 -4.20322418 0.999999940 0.999999940 0.999999940
v 12.57930851 -29.3387699 -1.82822788 0.999999940 0.999999940 0.999999940
v 13.74495506 0.109152339 1.927906274 0.999999940 0.999999940 0.999999940
v 16.73578262 1.911982774 0.716036498 0.999999940 0.999999940 0.999999940
v 10.99790191 -1.67681587 -1.6668191 0.999999940 0.999999940 0.999999940
v 17.69782257 2.741228103 -1.85617471 0.999999940 0.999999940 0.999999940
v 17.65852737 0.455652982 0.984866201 0.999999940 0.999999940 0.999999940
v 18.63594818 1.355546474 -1.85259867 0.999999940 0.999999940 0.999999940
v 14.51982402 -1.58990419 2.068656444 0.999999940 0.999999940 0.999999940
v 11.84849262 -3.36828661 -1.58180118 0.999999940 0.999999940 0.999999940
v 13.23028659 -0.33487529 -5.53906345 0.999999940 0.999999940 0.999999940
v 13.90921592 -1.97559357 -5.65559721 0.999999940 0.999999940 0.999999940
v 15.34830570 -10.4889288 -1.20389974 0.999999940 0.999999940 0.999999940
v 17.75551223 -8.77158928 2.223414897 0.999999940 0.999999940 0.999999940
v 16.97812271 -8.802145 -5.45787716 0.999999940 0.999999940 0.999999940
v 21.20755004 -5.90120745 1.902538538 0.999999940 0.999999940 0.999999940
v 22.51134491 -4.51437998 -1.78029847 0.999999940 0.999999940 0.999999940
v 17.81033325 0.706131458 -5.01788712 0.999999940 0.999999940 0.999999940
v 21.35626220 -5.48742819 -5.49484015 0.999999940 0.999999940 0.999999940
v 16.92367363 2.191722154 -4.9007988 0.999999940 0.999999940 0.999999940
v 18.69252204 -4.90348816 -3.71812868 0.999999940 0.999999940 0.999999940
v 16.94691467 -6.48048162 -3.48954988 0.999999940 0.999999940 0.999999940
v 15.96824836 -7.51754951 -1.42580211 0.999999940 0.999999940 0.999999940
v 17.03818512 -6.86822462 0.376236677 0.999999940 0.999999940 0.999999940
v 18.39771652 -4.82092285 -0.34029225 0.999999940 0.999999940 0.999999940
v 19.64643287 -4.09172869 -1.60440934 0.999999940 0.999999940 0.999999940
v -0.0008 12.85521602 -4.17491913 0.999999940 0.999999940 0.999999940
v -4.02996969 16.08899116 0.109317727 0.999999940 0.999999940 0.999999940
v -4.40810871 17.72149467 -1.9316957 0.999999940 0.999999940 0.999999940
v -0.00079994 18.13168525 -2.70697331 0.999999940 0.999999940 0.999999940
v -0.00079996 16.09600067 0.076544120 0.999999940 0.999999940 0.999999940
v -4.75228167 19.55109787 -7.06789064 0.999999940 0.999999940 0.999999940
v -0.00079993 19.62938118 -7.7244153 0.999999940 0.999999940 0.999999940
v 4.406508445 17.72149276 -1.9316957 0.999999940 0.999999940 0.999999940
v 4.028369426 16.08898925 0.109317734 0.999999940 0.999999940 0.999999940
v 4.750681400 19.55109787 -7.06789064 0.999999940 0.999999940 0.999999940
v -4.04100752 17.22474670 2.478018283 0.999999940 0.999999940 0.999999940
v -0.00079995 16.09619903 4.586869716 0.999999940 0.999999940 0.999999940
v -5.06551886 22.15318489 2.556039810 0.999999940 0.999999940 0.999999940
v -5.54020309 24.33967399 2.549993038 0.999999940 0.999999940 0.999999940
v -5.50385046 24.88808822 2.307165622 0.999999940 0.999999940 0.999999940
v -5.64167404 25.61006927 -6.39373398 0.999999940 0.999999940 0.999999940
v -0.00079987 25.31254577 -8.11196136 0.999999940 0.999999940 0.999999940
v 5.640074729 25.61006927 -6.39373398 0.999999940 0.999999940 0.999999940
v 5.063919544 22.15318489 2.556039810 0.999999940 0.999999940 0.999999940
v 5.538603782 24.33967399 2.549993038 0.999999940 0.999999940 0.999999940
v 5.502251148 24.88808822 2.307165622 0.999999940 0.999999940 0.999999940
v 4.039407253 17.22474479 2.478018283 0.999999940 0.999999940 0.999999940
v -0.00079987 23.44067764 4.585581302 0.999999940 0.999999940 0.999999940
v -0.00079985 25.18052864 4.159184932 0.999999940 0.999999940 0.999999940
v -0.00079985 25.22189712 7.257688045 0.999999940 0.999999940 0.999999940
v -5.3833518 24.39395904 6.474044799 0.999999940 0.999999940 0.999999940
v -5.38339186 24.95201492 6.469042301 0.999999940 0.999999940 0.999999940
v -4.34228468 29.08105468 0.857772529 0.999999940 0.999999940 0.999999940
v -4.27573109 29.20992088 -3.91014981 0.999999940 0.999999940 0.999999940
v -0.00079985 25.77064895 4.005427360 0.999999940 0.999999940 0.999999940
v -0.00079984 25.79190063 6.738749980 0.999999940 0.999999940 0.999999940
v -0.0007998 29.84556961 2.906470298 0.999999940 0.999999940 0.999999940
v -0.00079981 29.86117363 -4.82882309 0.999999940 0.999999940 0.999999940
v 4.274131774 29.20992088 -3.91014981 0.999999940 0.999999940 0.999999940
v 4.340685367 29.08105468 0.857772529 0.999999940 0.999999940 0.999999940
v 5.381792545 24.95201492 6.469042301 0.999999940 0.999999940 0.999999940
v 5.381752491 24.39395904 6.474044799 0.999999940 0.999999940 0.999999940
v -0.00079984 25.24878501 9.794738769 0.999999940 0.999999940 0.999999940
v -3.0585804 24.94738197 8.868894577 0.999999940 0.999999940 0.999999940
v 3.056980609 24.94738197 8.868894577 0.999999940 0.999999940 0.999999940
v -3.0551095 25.51051330 8.886979103 0.999999940 0.999999940 0.999999940
v -0.00079984 25.81517219 9.817687034 0.999999940 0.999999940 0.999999940
v 3.053509712 25.51051330 8.886979103 0.999999940 0.999999940 0.999999940
vt 0.281923681 0.506823360
vt 0.273287534 0.499126076
vt 0.294761270 0.480563759
vt 0.301348865 0.489816308
vt 0.334929019 0.537776649
vt 0.307858526 0.578028440
vt 0.249986171 0.537440717
vt 0.237166747 0.522191941
vt 0.273286372 0.618933439
vt 0.246053621 0.475957810
vt 0.270953267 0.453471899
vt 0.208629190 0.500864446
vt 0.099186435 0.281026721
vt 0.089385271 0.276440620
vt 0.131459847 0.290017247
vt 0.056483831 0.227345943
vt 0.026807388 0.171819806
vt 0.000488281 0.243166029
vt 0.329309254 0.636374115
vt 0.314309716 0.686558246
vt 0.205254361 0.641559362
vt 0.193105995 0.575118303
vt 0.213085651 0.690732002
vt 0.193478435 0.556905269
vt 0.131089329 0.565235912
vt 0.144534468 0.532208144
vt 0.132900074 0.521457076
vt 0.138143017 0.446422398
vt 0.178736701 0.411180615
vt 0.094997987 0.484611511
vt 0.206748440 0.381216347
vt 0.212550476 0.329502821
vt 0.235645547 0.294234633
vt 0.173650607 0.258054852
vt 0.150066375 0.245351970
vt 0.136467903 0.233914136
vt 0.090027570 0.175376296
vt 0.035555534 0.104077637
vt 0.471204161 0.921500742
vt 0.425340414 0.89014256
vt 0.379443734 0.887416601
vt 0.342570155 0.905091643
vt 0.305175781 0.935792446
vt 0.657429814 0.905091643
vt 0.683258295 0.878047168
vt 0.692141473 0.578028440
vt 0.726713657 0.618933439
vt 0.794745624 0.641559362
vt 0.130271494 0.690917968
vt 0.130292803 0.649921715
vt 0.869707226 0.649921715
vt 0.806894004 0.575118303
vt 0.872910141 0.593281626
vt 0.750013828 0.537440717
vt 0.718076348 0.506823360
vt 0.698651135 0.489816308
vt 0.665071010 0.537776649
vt 0.638183593 0.577265381
vt 0.620556235 0.887416601
vt 0.644199013 0.937575876
vt 0.606731295 0.916328251
vt 0.662252783 0.956175446
vt 0.355800986 0.937575876
vt 0.393268704 0.916328251
vt 0.417030096 0.916069388
vt 0.464954435 0.927840471
vt 0.558858156 0.880409002
vt 0.574659586 0.89014256
vt 0.582969903 0.916069388
vt 0.431375652 0.954559326
vt 0.588987946 0.960449218
vt 0.943516194 0.227345943
vt 0.910614728 0.276440620
vt 0.705238699 0.480563759
vt 0.726712465 0.499126076
vt 0.900813579 0.281026721
vt 0.762833237 0.522191941
vt 0.806521534 0.556905269
vt 0.868910670 0.565235912
vt 0.932887673 0.588329196
vt 0.927200734 0.607067942
vt 0.918516218 0.654691338
vt 0.855465531 0.532208144
vt 0.941163003 0.571937561
vt 0.791370809 0.500864446
vt 0.867099940 0.521457076
vt 0.753946363 0.475957810
vt 0.729046702 0.453471899
vt 0.868540167 0.290017247
vt 0.863532066 0.233914136
vt 0.849933624 0.245351970
vt 0.826349377 0.258054852
vt 0.909972429 0.175376296
vt 0.832293391 0.200034320
vt 0.874945223 0.134100079
vt 0.901493907 0.079465448
vt 0.825497269 0.211903452
vt 0.778050780 0.177642583
vt 0.715281546 0.133009016
vt 0.681095659 0.097357928
vt 0.666156411 0.109899103
vt 0.977436661 0.602412343
vt 0.974981606 0.617096841
vt 0.974717021 0.656587839
vt 0.918228507 0.690917968
vt 0.977122008 0.689379334
vt 0.988558411 0.618283987
vt 0.986257731 0.656222820
vt 0.989317953 0.687353551
vt 0.993730306 0.606524705
vt 0.999511718 0.596460342
vt 0.663847684 0.081058204
vt 0.735282421 0.108022749
vt 0.692279696 0.078635990
vt 0.676841497 0.072012305
vt 0.788379907 0.138721764
vt 0.811905860 0.081393182
vt 0.824622094 0.049097061
vt 0.125054791 0.134100079
vt 0.188094154 0.081393182
vt 0.232968583 0.051703333
vt 0.218979358 0.028446376
vt 0.767031431 0.051703333
vt 0.719714939 0.025885999
vt 0.706591308 0.025170207
vt 0.738408565 0.763102352
vt 0.721575081 0.807014107
vt 0.749827981 0.859241187
vt 0.751480221 0.887877702
vt 0.536758482 0.178241968
vt 0.559868037 0.167596280
vt 0.594077765 0.148142159
vt 0.651339530 0.135604381
vt 0.013742244 0.656222820
vt 0.025282973 0.656587839
vt 0.405922234 0.148142159
vt 0.339649409 0.210599601
vt 0.382928818 0.207400262
vt 0.617071151 0.207400262
vt 0.564043760 0.210383892
vt 0.532222628 0.217555284
vt 0.504575252 0.217677116
vt 0.790952444 0.865168929
vt 0.788941741 0.809910178
vt 0.809427797 0.764113307
vt 0.776028871 0.716480374
vt 0.656763374 0.700970709
vt 0.807509541 0.713275909
vt 0.727557182 0.003411948
vt 0.280285060 0.025885999
vt 0.293408691 0.025170207
vt 0.261591434 0.763102352
vt 0.190572187 0.764113307
vt 0.168979466 0.769642412
vt 0.150637447 0.693847656
vt 0.831020534 0.769642412
vt 0.821295023 0.816177249
vt 0.804257869 0.866347551
vt 0.802294731 0.895019531
vt 0.530766129 0.230124354
vt 0.567715406 0.227143943
vt 0.618898630 0.219873011
vt 0.381101340 0.219873011
vt 0.440131962 0.167596280
vt 0.435956209 0.210383892
vt 0.432284563 0.227143943
vt 0.393318235 0.330171585
vt 0.438225597 0.320546209
vt 0.362115085 0.349619984
vt 0.084081560 0.798138439
vt 0.606681764 0.330171585
vt 0.637884914 0.349619984
vt 0.915918469 0.798138439
vt 0.211058229 0.809910178
vt 0.178704947 0.816177249
vt 0.107409112 0.834338724
vt 0.278424918 0.807014107
vt 0.344806343 0.828921198
vt 0.307720273 0.078635990
vt 0.264717549 0.108022749
vt 0.318904340 0.097357928
vt 0.284718453 0.133009016
vt 0.336152285 0.081058204
vt 0.250172019 0.859241187
vt 0.209047526 0.865168929
vt 0.195742115 0.866347551
vt 0.110528729 0.870740652
vt 0.092753827 0.836834669
vt 0.076665595 0.819200873
vt 0.094532370 0.865286469
vt 0.059660702 0.818469166
vt 0.406054347 0.346227526
vt 0.438663125 0.341119229
vt 0.474963843 0.316773653
vt 0.469233900 0.230124354
vt 0.465512096 0.339280426
vt 0.084068521 0.878757476
vt 0.101887464 0.895019531
vt 0.197705239 0.895019531
vt 0.210480257 0.893661081
vt 0.248519808 0.887877702
vt 0.354980468 0.864247143
vt 0.333843588 0.109899103
vt 0.295156836 0.148402988
vt 0.221949219 0.177642583
vt 0.211620077 0.138721764
vt 0.167706623 0.200034320
vt 0.174502700 0.211903452
vt 0.067112319 0.588329196
vt 0.022563340 0.602412343
vt 0.006269677 0.606524705
vt 0.463241517 0.178241968
vt 0.467777371 0.217555284
vt 0.460900783 0.091621577
vt 0.025018388 0.617096841
vt 0.072799272 0.607067942
vt 0.127089887 0.593281626
vt 0.081483759 0.654691338
vt 0.253180086 0.304827094
vt 0.287176907 0.265158355
vt 0.230126202 0.338324189
vt 0.122829228 0.432520270
vt 0.311103284 0.340288877
vt 0.344257682 0.326551795
vt 0.073556102 0.383114755
vt 0.291711956 0.363589406
vt 0.287803739 0.398925781
vt 0.211192131 0.367728471
vt 0.310135424 0.387338876
vt 0.315655231 0.371249198
vt 0.321625351 0.355245590
vt 0.337845832 0.352731823
vt 0.068031549 0.358690738
vt 0.106008648 0.35739851
vt 0.163173541 0.397397041
vt 0.084194868 0.349337697
vt 0.892590880 0.834338724
vt 0.940339326 0.818469166
vt 0.923334419 0.819200873
vt 0.907246172 0.836834669
vt 0.889471292 0.870740652
vt 0.905467629 0.865286469
vt 0.930576086 0.878939867
vt 0.915931463 0.878757476
vt 0.949756741 0.862923502
vt 0.959472656 0.832738637
vt 0.561774373 0.320546209
vt 0.525036156 0.316773653
vt 0.500488281 0.324420630
vt 0.764354467 0.294234633
vt 0.787449538 0.329502821
vt 0.729593873 0.251662015
vt 0.806598722 0.358079314
vt 0.769873797 0.338324189
vt 0.788807869 0.367728471
vt 0.746819913 0.304827094
vt 0.712823092 0.265158355
vt 0.861856997 0.446422398
vt 0.877170801 0.432520270
vt 0.655742287 0.326551795
vt 0.688896715 0.340288877
vt 0.926443874 0.383114755
vt 0.708288073 0.363589406
vt 0.712196230 0.398925781
vt 0.836826443 0.397397041
vt 0.893991351 0.35739851
vt 0.821263313 0.411180615
vt 0.915805101 0.349337697
vt 0.931968450 0.358690738
vt 0.951914191 0.360197424
vt 0.678374648 0.355245590
vt 0.684344768 0.371249198
vt 0.689864575 0.387338876
vt 0.352073758 0.960449218
vt 0.449773430 0.772562205
vt 0.441483289 0.798469066
vt 0.494628906 0.807562351
vt 0.491744756 0.764420688
vt 0.432651460 0.867036104
vt 0.494628906 0.875488281
vt 0.558516740 0.798469066
vt 0.550226569 0.772562205
vt 0.567348539 0.867036104
vt 0.436332225 0.749383389
vt 0.470998764 0.710928201
vt 0.380744546 0.752329468
vt 0.352050781 0.754478097
vt 0.476441144 0.427889168
vt 0.434339344 0.522843062
vt 0.380290389 0.565567731
vt 0.565660655 0.522843062
vt 0.619255423 0.752329468
vt 0.647949218 0.754478097
vt 0.523558855 0.427889168
vt 0.563667774 0.749383389
vt 0.379574447 0.679913103
vt 0.355498045 0.676269531
vt 0.046853609 0.887207031
vt 0.034392166 0.949923276
vt 0.038811646 0.953814685
vt 0.422319352 0.435518503
vt 0.405592232 0.485298395
vt 0.090996541 0.989746093
vt 0.103027343 0.950258731
vt 0.384612590 0.389979362
vt 0.354980468 0.493135273
vt 0.594407796 0.485298395
vt 0.577680647 0.435518503
vt 0.961188375 0.953814685
vt 0.965607821 0.949923276
vt 0.086748309 0.895960450
vt 0.059887815 0.925742328
vt 0.940112173 0.925742328
vt 0.064858824 0.929407179
vt 0.093093521 0.900543630
vt 0.935141205 0.929407179
vt 0.281923681 0.506823360
vt 0.281923681 0.506823360
vt 0.281923681 0.506823360
vt 0.273287534 0.499126076
vt 0.273287534 0.499126076
vt 0.273287534 0.499126076
vt 0.294761270 0.480563759
vt 0.088415548 0.302184462
vt 0.088415548 0.302184462
vt 0.301348865 0.489816308
vt 0.079403743 0.297363162
vt 0.079403743 0.297363162
vt 0.036080889 0.267173826
vt 0.036080889 0.267173826
vt 0.334929019 0.537776649
vt 0.307858526 0.578028440
vt 0.307858526 0.578028440
vt 0.307858526 0.578028440
vt 0.249986171 0.537440717
vt 0.249986171 0.537440717
vt 0.249986171 0.537440717
vt 0.237166747 0.522191941
vt 0.237166747 0.522191941
vt 0.237166747 0.522191941
vt 0.237166747 0.522191941
vt 0.273286372 0.618933439
vt 0.273286372 0.618933439
vt 0.273286372 0.618933439
vt 0.246053621 0.475957810
vt 0.246053621 0.475957810
vt 0.246053621 0.475957810
vt 0.117499448 0.315485477
vt 0.270953267 0.453471899
vt 0.117499448 0.315485477
vt 0.208629190 0.500864446
vt 0.208629190 0.500864446
vt 0.208629190 0.500864446
vt 0.099186435 0.281026721
vt 0.099186435 0.281026721
vt 0.099186435 0.281026721
vt 0.089385271 0.276440620
vt 0.089385271 0.276440620
vt 0.089385271 0.276440620
vt 0.131459847 0.290017247
vt 0.131459847 0.290017247
vt 0.131459847 0.290017247
vt 0.056483831 0.227345943
vt 0.056483831 0.227345943
vt 0.056483831 0.227345943
vt 0.026807388 0.171819806
vt 0.441141814 0.880409002
vt 0.441141814 0.880409002
vt 0.361816406 0.577265381
vt 0.377808868 0.865722656
vt 0.377808868 0.865722656
vt 0.329309254 0.636374115
vt 0.316741704 0.878047168
vt 0.316741704 0.878047168
vt 0.314309716 0.686558246
vt 0.268066406 0.892559707
vt 0.731933593 0.892559707
vt 0.685690283 0.686558246
vt 0.685690283 0.686558246
vt 0.205254361 0.641559362
vt 0.205254361 0.641559362
vt 0.205254361 0.641559362
vt 0.193105995 0.575118303
vt 0.193105995 0.575118303
vt 0.193105995 0.575118303
vt 0.786914348 0.690732002
vt 0.213085651 0.690732002
vt 0.786914348 0.690732002
vt 0.193478435 0.556905269
vt 0.193478435 0.556905269
vt 0.131089329 0.565235912
vt 0.131089329 0.565235912
vt 0.131089329 0.565235912
vt 0.144534468 0.532208144
vt 0.219895526 0.218574166
vt 0.219895526 0.218574166
vt 0.144534468 0.532208144
vt 0.219895526 0.218574166
vt 0.132900074 0.521457076
vt 0.231712728 0.226456403
vt 0.231712728 0.226456403
vt 0.138143017 0.446422398
vt 0.138143017 0.446422398
vt 0.138143017 0.446422398
vt 0.178736701 0.411180615
vt 0.178736701 0.411180615
vt 0.178736701 0.411180615
vt 0.270406127 0.251662015
vt 0.270406127 0.251662015
vt 0.094997987 0.484611511
vt 0.193401277 0.358079314
vt 0.193401277 0.358079314
vt 0.206748440 0.381216347
vt 0.212550476 0.329502821
vt 0.212550476 0.329502821
vt 0.212550476 0.329502821
vt 0.235645547 0.294234633
vt 0.235645547 0.294234633
vt 0.235645547 0.294234633
vt 0.173650607 0.258054852
vt 0.173650607 0.258054852
vt 0.173650607 0.258054852
vt 0.150066375 0.245351970
vt 0.150066375 0.245351970
vt 0.150066375 0.245351970
vt 0.150066375 0.245351970
vt 0.136467903 0.233914136
vt 0.136467903 0.233914136
vt 0.136467903 0.233914136
vt 0.090027570 0.175376296
vt 0.090027570 0.175376296
vt 0.090027570 0.175376296
vt 0.483886718 0.919671177
vt 0.516113281 0.919671177
vt 0.964444458 0.104077637
vt 0.964444458 0.104077637
vt 0.035555534 0.104077637
vt 0.471204161 0.921500742
vt 0.528795838 0.921500742
vt 0.528795838 0.921500742
vt 0.425340414 0.89014256
vt 0.425340414 0.89014256
vt 0.425340414 0.89014256
vt 0.379443734 0.887416601
vt 0.379443734 0.887416601
vt 0.379443734 0.887416601
vt 0.342570155 0.905091643
vt 0.342570155 0.905091643
vt 0.342570155 0.905091643
vt 0.694824218 0.935792446
vt 0.694824218 0.935792446
vt 0.305175781 0.935792446
vt 0.657429814 0.905091643
vt 0.657429814 0.905091643
vt 0.657429814 0.905091643
vt 0.670690774 0.636374115
vt 0.670690774 0.636374115
vt 0.683258295 0.878047168
vt 0.692141473 0.578028440
vt 0.692141473 0.578028440
vt 0.692141473 0.578028440
vt 0.726713657 0.618933439
vt 0.726713657 0.618933439
vt 0.726713657 0.618933439
vt 0.794745624 0.641559362
vt 0.794745624 0.641559362
vt 0.794745624 0.641559362
vt 0.869728505 0.690917968
vt 0.869728505 0.690917968
vt 0.130271494 0.690917968
vt 0.130292803 0.649921715
vt 0.130292803 0.649921715
vt 0.130292803 0.649921715
vt 0.869707226 0.649921715
vt 0.869707226 0.649921715
vt 0.869707226 0.649921715
vt 0.806894004 0.575118303
vt 0.806894004 0.575118303
vt 0.806894004 0.575118303
vt 0.872910141 0.593281626
vt 0.872910141 0.593281626
vt 0.872910141 0.593281626
vt 0.750013828 0.537440717
vt 0.750013828 0.537440717
vt 0.750013828 0.537440717
vt 0.718076348 0.506823360
vt 0.718076348 0.506823360
vt 0.718076348 0.506823360
vt 0.920596242 0.297363162
vt 0.698651135 0.489816308
vt 0.920596242 0.297363162
vt 0.665071010 0.537776649
vt 0.963919103 0.267173826
vt 0.963919103 0.267173826
vt 0.622191131 0.865722656
vt 0.622191131 0.865722656
vt 0.999511718 0.243166029
vt 0.620556235 0.887416601
vt 0.620556235 0.887416601
vt 0.620556235 0.887416601
vt 0.644199013 0.937575876
vt 0.644199013 0.937575876
vt 0.644199013 0.937575876
vt 0.606731295 0.916328251
vt 0.606731295 0.916328251
vt 0.606731295 0.916328251
vt 0.337747186 0.956175446
vt 0.337747186 0.956175446
vt 0.662252783 0.956175446
vt 0.355800986 0.937575876
vt 0.355800986 0.937575876
vt 0.355800986 0.937575876
vt 0.393268704 0.916328251
vt 0.393268704 0.916328251
vt 0.393268704 0.916328251
vt 0.417030096 0.916069388
vt 0.417030096 0.916069388
vt 0.535045564 0.927840471
vt 0.464954435 0.927840471
vt 0.535045564 0.927840471
vt 0.558858156 0.880409002
vt 0.973192632 0.171819806
vt 0.973192632 0.171819806
vt 0.574659586 0.89014256
vt 0.574659586 0.89014256
vt 0.574659586 0.89014256
vt 0.582969903 0.916069388
vt 0.582969903 0.916069388
vt 0.568624377 0.954559326
vt 0.568624377 0.954559326
vt 0.431375652 0.954559326
vt 0.411012053 0.960449218
vt 0.411012053 0.960449218
vt 0.588987946 0.960449218
vt 0.943516194 0.227345943
vt 0.943516194 0.227345943
vt 0.943516194 0.227345943
vt 0.910614728 0.276440620
vt 0.910614728 0.276440620
vt 0.910614728 0.276440620
vt 0.911584436 0.302184462
vt 0.705238699 0.480563759
vt 0.911584436 0.302184462
vt 0.726712465 0.499126076
vt 0.726712465 0.499126076
vt 0.726712465 0.499126076
vt 0.900813579 0.281026721
vt 0.900813579 0.281026721
vt 0.900813579 0.281026721
vt 0.762833237 0.522191941
vt 0.762833237 0.522191941
vt 0.762833237 0.522191941
vt 0.762833237 0.522191941
vt 0.806521534 0.556905269
vt 0.806521534 0.556905269
vt 0.868910670 0.565235912
vt 0.868910670 0.565235912
vt 0.868910670 0.565235912
vt 0.932887673 0.588329196
vt 0.932887673 0.588329196
vt 0.932887673 0.588329196
vt 0.927200734 0.607067942
vt 0.927200734 0.607067942
vt 0.927200734 0.607067942
vt 0.918516218 0.654691338
vt 0.918516218 0.654691338
vt 0.918516218 0.654691338
vt 0.855465531 0.532208144
vt 0.855465531 0.532208144
vt 0.780104458 0.218574166
vt 0.780104458 0.218574166
vt 0.780104458 0.218574166
vt 0.704843163 0.148402988
vt 0.704843163 0.148402988
vt 0.941163003 0.571937561
vt 0.791370809 0.500864446
vt 0.791370809 0.500864446
vt 0.791370809 0.500864446
vt 0.768287301 0.226456403
vt 0.768287301 0.226456403
vt 0.867099940 0.521457076
vt 0.753946363 0.475957810
vt 0.753946363 0.475957810
vt 0.753946363 0.475957810
vt 0.882500529 0.315485477
vt 0.882500529 0.315485477
vt 0.729046702 0.453471899
vt 0.868540167 0.290017247
vt 0.868540167 0.290017247
vt 0.868540167 0.290017247
vt 0.863532066 0.233914136
vt 0.863532066 0.233914136
vt 0.863532066 0.233914136
vt 0.849933624 0.245351970
vt 0.849933624 0.245351970
vt 0.849933624 0.245351970
vt 0.849933624 0.245351970
vt 0.826349377 0.258054852
vt 0.826349377 0.258054852
vt 0.826349377 0.258054852
vt 0.909972429 0.175376296
vt 0.909972429 0.175376296
vt 0.909972429 0.175376296
vt 0.832293391 0.200034320
vt 0.832293391 0.200034320
vt 0.832293391 0.200034320
vt 0.874945223 0.134100079
vt 0.874945223 0.134100079
vt 0.874945223 0.134100079
vt 0.901493907 0.079465448
vt 0.098506063 0.079465448
vt 0.098506063 0.079465448
vt 0.825497269 0.211903452
vt 0.825497269 0.211903452
vt 0.778050780 0.177642583
vt 0.778050780 0.177642583
vt 0.778050780 0.177642583
vt 0.715281546 0.133009016
vt 0.715281546 0.133009016
vt 0.715281546 0.133009016
vt 0.681095659 0.097357928
vt 0.681095659 0.097357928
vt 0.681095659 0.097357928
vt 0.980015099 0.587329745
vt 0.980015099 0.587329745
vt 0.666156411 0.109899103
vt 0.977436661 0.602412343
vt 0.977436661 0.602412343
vt 0.977436661 0.602412343
vt 0.974981606 0.617096841
vt 0.974981606 0.617096841
vt 0.974981606 0.617096841
vt 0.974717021 0.656587839
vt 0.974717021 0.656587839
vt 0.974717021 0.656587839
vt 0.918228507 0.690917968
vt 0.081771500 0.690917968
vt 0.081771500 0.690917968
vt 0.977122008 0.689379334
vt 0.02287798 0.689379334
vt 0.02287798 0.689379334
vt 0.988558411 0.618283987
vt 0.539099216 0.091621577
vt 0.539099216 0.091621577
vt 0.986257731 0.656222820
vt 0.599740564 0.077692329
vt 0.599740564 0.077692329
vt 0.647434949 0.065917968
vt 0.010682055 0.687353551
vt 0.352565050 0.065917968
vt 0.993730306 0.606524705
vt 0.518525123 0.085734844
vt 0.518525123 0.085734844
vt 0.654785156 0.085709571
vt 0.645019531 0.864247143
vt 0.500488281 0.081964492
vt 0.663847684 0.081058204
vt 0.648287892 0.850398898
vt 0.648287892 0.850398898
vt 0.735282421 0.108022749
vt 0.735282421 0.108022749
vt 0.735282421 0.108022749
vt 0.692279696 0.078635990
vt 0.692279696 0.078635990
vt 0.692279696 0.078635990
vt 0.676841497 0.072012305
vt 0.655193686 0.828921198
vt 0.655193686 0.828921198
vt 0.788379907 0.138721764
vt 0.788379907 0.138721764
vt 0.788379907 0.138721764
vt 0.811905860 0.081393182
vt 0.811905860 0.081393182
vt 0.811905860 0.081393182
vt 0.175377890 0.049097061
vt 0.175377890 0.049097061
vt 0.824622094 0.049097061
vt 0.125054791 0.134100079
vt 0.125054791 0.134100079
vt 0.125054791 0.134100079
vt 0.188094154 0.081393182
vt 0.188094154 0.081393182
vt 0.188094154 0.081393182
vt 0.232968583 0.051703333
vt 0.232968583 0.051703333
vt 0.232968583 0.051703333
vt 0.781020641 0.028446376
vt 0.781020641 0.028446376
vt 0.218979358 0.028446376
vt 0.767031431 0.051703333
vt 0.767031431 0.051703333
vt 0.767031431 0.051703333
vt 0.719714939 0.025885999
vt 0.719714939 0.025885999
vt 0.719714939 0.025885999
vt 0.656448841 0.741898238
vt 0.656448841 0.741898238
vt 0.706591308 0.025170207
vt 0.738408565 0.763102352
vt 0.738408565 0.763102352
vt 0.738408565 0.763102352
vt 0.721575081 0.807014107
vt 0.721575081 0.807014107
vt 0.721575081 0.807014107
vt 0.749827981 0.859241187
vt 0.749827981 0.859241187
vt 0.749827981 0.859241187
vt 0.505061268 0.181722879
vt 0.505061268 0.181722879
vt 0.751480221 0.887877702
vt 0.536758482 0.178241968
vt 0.536758482 0.178241968
vt 0.536758482 0.178241968
vt 0.559868037 0.167596280
vt 0.559868037 0.167596280
vt 0.559868037 0.167596280
vt 0.594077765 0.148142159
vt 0.594077765 0.148142159
vt 0.594077765 0.148142159
vt 0.348660439 0.135604381
vt 0.348660439 0.135604381
vt 0.651339530 0.135604381
vt 0.400259435 0.077692329
vt 0.013742244 0.656222820
vt 0.400259435 0.077692329
vt 0.025282973 0.656587839
vt 0.025282973 0.656587839
vt 0.025282973 0.656587839
vt 0.405922234 0.148142159
vt 0.405922234 0.148142159
vt 0.405922234 0.148142159
vt 0.660350561 0.210599601
vt 0.660350561 0.210599601
vt 0.339649409 0.210599601
vt 0.382928818 0.207400262
vt 0.382928818 0.207400262
vt 0.382928818 0.207400262
vt 0.617071151 0.207400262
vt 0.617071151 0.207400262
vt 0.617071151 0.207400262
vt 0.564043760 0.210383892
vt 0.564043760 0.210383892
vt 0.564043760 0.210383892
vt 0.532222628 0.217555284
vt 0.532222628 0.217555284
vt 0.532222628 0.217555284
vt 0.789519727 0.893661081
vt 0.789519727 0.893661081
vt 0.504575252 0.217677116
vt 0.790952444 0.865168929
vt 0.790952444 0.865168929
vt 0.790952444 0.865168929
vt 0.788941741 0.809910178
vt 0.788941741 0.809910178
vt 0.788941741 0.809910178
vt 0.809427797 0.764113307
vt 0.809427797 0.764113307
vt 0.809427797 0.764113307
vt 0.776028871 0.716480374
vt 0.223971143 0.716480374
vt 0.223971143 0.716480374
vt 0.715692520 0.000488281
vt 0.284307479 0.000488281
vt 0.343236625 0.700970709
vt 0.192490428 0.713275909
vt 0.192490428 0.713275909
vt 0.807509541 0.713275909
vt 0.727557182 0.003411948
vt 0.272442787 0.003411948
vt 0.272442787 0.003411948
vt 0.280285060 0.025885999
vt 0.280285060 0.025885999
vt 0.280285060 0.025885999
vt 0.343551158 0.741898238
vt 0.343551158 0.741898238
vt 0.293408691 0.025170207
vt 0.261591434 0.763102352
vt 0.261591434 0.763102352
vt 0.261591434 0.763102352
vt 0.190572187 0.764113307
vt 0.190572187 0.764113307
vt 0.190572187 0.764113307
vt 0.168979466 0.769642412
vt 0.168979466 0.769642412
vt 0.168979466 0.769642412
vt 0.849362552 0.693847656
vt 0.662597656 0.223001003
vt 0.337402343 0.223001003
vt 0.337402343 0.223001003
vt 0.150637447 0.693847656
vt 0.662597656 0.223001003
vt 0.849362552 0.693847656
vt 0.831020534 0.769642412
vt 0.831020534 0.769642412
vt 0.831020534 0.769642412
vt 0.821295023 0.816177249
vt 0.821295023 0.816177249
vt 0.821295023 0.816177249
vt 0.804257869 0.866347551
vt 0.804257869 0.866347551
vt 0.804257869 0.866347551
vt 0.504714131 0.229998230
vt 0.802294731 0.895019531
vt 0.504714131 0.229998230
vt 0.530766129 0.230124354
vt 0.530766129 0.230124354
vt 0.530766129 0.230124354
vt 0.567715406 0.227143943
vt 0.567715406 0.227143943
vt 0.567715406 0.227143943
vt 0.618898630 0.219873011
vt 0.618898630 0.219873011
vt 0.618898630 0.219873011
vt 0.381101340 0.219873011
vt 0.381101340 0.219873011
vt 0.381101340 0.219873011
vt 0.440131962 0.167596280
vt 0.440131962 0.167596280
vt 0.440131962 0.167596280
vt 0.435956209 0.210383892
vt 0.435956209 0.210383892
vt 0.435956209 0.210383892
vt 0.432284563 0.227143943
vt 0.432284563 0.227143943
vt 0.432284563 0.227143943
vt 0.393318235 0.330171585
vt 0.393318235 0.330171585
vt 0.393318235 0.330171585
vt 0.438225597 0.320546209
vt 0.438225597 0.320546209
vt 0.438225597 0.320546209
vt 0.061406575 0.782711744
vt 0.061406575 0.782711744
vt 0.362115085 0.349619984
vt 0.084081560 0.798138439
vt 0.084081560 0.798138439
vt 0.084081560 0.798138439
vt 0.606681764 0.330171585
vt 0.606681764 0.330171585
vt 0.606681764 0.330171585
vt 0.938593447 0.782711744
vt 0.938593447 0.782711744
vt 0.637884914 0.349619984
vt 0.915918469 0.798138439
vt 0.915918469 0.798138439
vt 0.915918469 0.798138439
vt 0.211058229 0.809910178
vt 0.211058229 0.809910178
vt 0.211058229 0.809910178
vt 0.178704947 0.816177249
vt 0.178704947 0.816177249
vt 0.178704947 0.816177249
vt 0.107409112 0.834338724
vt 0.107409112 0.834338724
vt 0.107409112 0.834338724
vt 0.278424918 0.807014107
vt 0.278424918 0.807014107
vt 0.278424918 0.807014107
vt 0.323158502 0.072012305
vt 0.323158502 0.072012305
vt 0.344806343 0.828921198
vt 0.307720273 0.078635990
vt 0.307720273 0.078635990
vt 0.307720273 0.078635990
vt 0.264717549 0.108022749
vt 0.264717549 0.108022749
vt 0.264717549 0.108022749
vt 0.318904340 0.097357928
vt 0.318904340 0.097357928
vt 0.318904340 0.097357928
vt 0.284718453 0.133009016
vt 0.284718453 0.133009016
vt 0.284718453 0.133009016
vt 0.351712137 0.850398898
vt 0.351712137 0.850398898
vt 0.336152285 0.081058204
vt 0.250172019 0.859241187
vt 0.250172019 0.859241187
vt 0.250172019 0.859241187
vt 0.209047526 0.865168929
vt 0.209047526 0.865168929
vt 0.209047526 0.865168929
vt 0.195742115 0.866347551
vt 0.195742115 0.866347551
vt 0.195742115 0.866347551
vt 0.110528729 0.870740652
vt 0.110528729 0.870740652
vt 0.110528729 0.870740652
vt 0.092753827 0.836834669
vt 0.092753827 0.836834669
vt 0.092753827 0.836834669
vt 0.076665595 0.819200873
vt 0.076665595 0.819200873
vt 0.076665595 0.819200873
vt 0.094532370 0.865286469
vt 0.094532370 0.865286469
vt 0.393958985 0.368652343
vt 0.059660702 0.818469166
vt 0.406054347 0.346227526
vt 0.040527343 0.832738637
vt 0.438663125 0.341119229
vt 0.050243228 0.862923502
vt 0.050243228 0.862923502
vt 0.474963843 0.316773653
vt 0.474963843 0.316773653
vt 0.474963843 0.316773653
vt 0.469233900 0.230124354
vt 0.469233900 0.230124354
vt 0.469233900 0.230124354
vt 0.069423928 0.878939867
vt 0.069423928 0.878939867
vt 0.465512096 0.339280426
vt 0.084068521 0.878757476
vt 0.481925636 0.343504905
vt 0.101887464 0.895019531
vt 0.499511718 0.324420630
vt 0.499511718 0.324420630
vt 0.197705239 0.895019531
vt 0.495285868 0.229998230
vt 0.495285868 0.229998230
vt 0.210480257 0.893661081
vt 0.495424747 0.217677116
vt 0.495424747 0.217677116
vt 0.248519808 0.887877702
vt 0.494938731 0.181722879
vt 0.494938731 0.181722879
vt 0.345214843 0.085709571
vt 0.000488281 0.596460342
vt 0.499511718 0.081964492
vt 0.333843588 0.109899103
vt 0.019984915 0.587329745
vt 0.019984915 0.587329745
vt 0.295156836 0.148402988
vt 0.058837007 0.571937561
vt 0.058837007 0.571937561
vt 0.221949219 0.177642583
vt 0.221949219 0.177642583
vt 0.221949219 0.177642583
vt 0.211620077 0.138721764
vt 0.211620077 0.138721764
vt 0.211620077 0.138721764
vt 0.167706623 0.200034320
vt 0.167706623 0.200034320
vt 0.167706623 0.200034320
vt 0.174502700 0.211903452
vt 0.174502700 0.211903452
vt 0.067112319 0.588329196
vt 0.067112319 0.588329196
vt 0.067112319 0.588329196
vt 0.022563340 0.602412343
vt 0.022563340 0.602412343
vt 0.022563340 0.602412343
vt 0.481474906 0.085734844
vt 0.481474906 0.085734844
vt 0.006269677 0.606524705
vt 0.463241517 0.178241968
vt 0.463241517 0.178241968
vt 0.463241517 0.178241968
vt 0.467777371 0.217555284
vt 0.467777371 0.217555284
vt 0.467777371 0.217555284
vt 0.011441613 0.618283987
vt 0.011441613 0.618283987
vt 0.460900783 0.091621577
vt 0.025018388 0.617096841
vt 0.025018388 0.617096841
vt 0.025018388 0.617096841
vt 0.072799272 0.607067942
vt 0.072799272 0.607067942
vt 0.072799272 0.607067942
vt 0.127089887 0.593281626
vt 0.127089887 0.593281626
vt 0.127089887 0.593281626
vt 0.081483759 0.654691338
vt 0.081483759 0.654691338
vt 0.081483759 0.654691338
vt 0.253180086 0.304827094
vt 0.253180086 0.304827094
vt 0.253180086 0.304827094
vt 0.078704588 0.467159867
vt 0.287176907 0.265158355
vt 0.078704588 0.467159867
vt 0.230126202 0.338324189
vt 0.230126202 0.338324189
vt 0.230126202 0.338324189
vt 0.122829228 0.432520270
vt 0.122829228 0.432520270
vt 0.122829228 0.432520270
vt 0.311103284 0.340288877
vt 0.311103284 0.340288877
vt 0.311103284 0.340288877
vt 0.031092349 0.386117219
vt 0.344257682 0.326551795
vt 0.031092349 0.386117219
vt 0.073556102 0.383114755
vt 0.073556102 0.383114755
vt 0.073556102 0.383114755
vt 0.291711956 0.363589406
vt 0.291711956 0.363589406
vt 0.291711956 0.363589406
vt 0.287803739 0.398925781
vt 0.111803367 0.320800781
vt 0.111803367 0.320800781
vt 0.211192131 0.367728471
vt 0.189761966 0.366747021
vt 0.189761966 0.366747021
vt 0.085701458 0.329985737
vt 0.085701458 0.329985737
vt 0.315655231 0.371249198
vt 0.068563945 0.327894747
vt 0.315655231 0.371249198
vt 0.321625351 0.355245590
vt 0.321625351 0.355245590
vt 0.048085790 0.360197424
vt 0.337845832 0.352731823
vt 0.068031549 0.358690738
vt 0.068031549 0.358690738
vt 0.345214843 0.369864165
vt 0.106008648 0.35739851
vt 0.106008648 0.35739851
vt 0.106008648 0.35739851
vt 0.163173541 0.397397041
vt 0.163173541 0.397397041
vt 0.163173541 0.397397041
vt 0.084194868 0.349337697
vt 0.084194868 0.349337697
vt 0.892590880 0.834338724
vt 0.892590880 0.834338724
vt 0.892590880 0.834338724
vt 0.940339326 0.818469166
vt 0.606041014 0.368652343
vt 0.923334419 0.819200873
vt 0.923334419 0.819200873
vt 0.923334419 0.819200873
vt 0.907246172 0.836834669
vt 0.907246172 0.836834669
vt 0.907246172 0.836834669
vt 0.889471292 0.870740652
vt 0.889471292 0.870740652
vt 0.889471292 0.870740652
vt 0.905467629 0.865286469
vt 0.905467629 0.865286469
vt 0.930576086 0.878939867
vt 0.534487903 0.339280426
vt 0.534487903 0.339280426
vt 0.518074393 0.343504905
vt 0.915931463 0.878757476
vt 0.949756741 0.862923502
vt 0.561336875 0.341119229
vt 0.561336875 0.341119229
vt 0.593945622 0.346227526
vt 0.593945622 0.346227526
vt 0.561774373 0.320546209
vt 0.561774373 0.320546209
vt 0.561774373 0.320546209
vt 0.525036156 0.316773653
vt 0.525036156 0.316773653
vt 0.525036156 0.316773653
vt 0.898112535 0.895019531
vt 0.898112535 0.895019531
vt 0.500488281 0.324420630
vt 0.764354467 0.294234633
vt 0.764354467 0.294234633
vt 0.764354467 0.294234633
vt 0.787449538 0.329502821
vt 0.787449538 0.329502821
vt 0.787449538 0.329502821
vt 0.729593873 0.251662015
vt 0.905001997 0.484611511
vt 0.905001997 0.484611511
vt 0.806598722 0.358079314
vt 0.793251574 0.381216347
vt 0.793251574 0.381216347
vt 0.769873797 0.338324189
vt 0.769873797 0.338324189
vt 0.769873797 0.338324189
vt 0.788807869 0.367728471
vt 0.810238003 0.366747021
vt 0.810238003 0.366747021
vt 0.746819913 0.304827094
vt 0.746819913 0.304827094
vt 0.746819913 0.304827094
vt 0.921295404 0.467159867
vt 0.712823092 0.265158355
vt 0.921295404 0.467159867
vt 0.861856997 0.446422398
vt 0.861856997 0.446422398
vt 0.861856997 0.446422398
vt 0.877170801 0.432520270
vt 0.877170801 0.432520270
vt 0.877170801 0.432520270
vt 0.968907654 0.386117219
vt 0.968907654 0.386117219
vt 0.655742287 0.326551795
vt 0.688896715 0.340288877
vt 0.688896715 0.340288877
vt 0.688896715 0.340288877
vt 0.926443874 0.383114755
vt 0.926443874 0.383114755
vt 0.926443874 0.383114755
vt 0.708288073 0.363589406
vt 0.708288073 0.363589406
vt 0.708288073 0.363589406
vt 0.888196647 0.320800781
vt 0.712196230 0.398925781
vt 0.888196647 0.320800781
vt 0.836826443 0.397397041
vt 0.836826443 0.397397041
vt 0.836826443 0.397397041
vt 0.893991351 0.35739851
vt 0.893991351 0.35739851
vt 0.893991351 0.35739851
vt 0.821263313 0.411180615
vt 0.821263313 0.411180615
vt 0.821263313 0.411180615
vt 0.915805101 0.349337697
vt 0.915805101 0.349337697
vt 0.931968450 0.358690738
vt 0.931968450 0.358690738
vt 0.654785156 0.369864165
vt 0.662154197 0.352731823
vt 0.662154197 0.352731823
vt 0.678374648 0.355245590
vt 0.678374648 0.355245590
vt 0.684344768 0.371249198
vt 0.931436061 0.327894747
vt 0.684344768 0.371249198
vt 0.914298534 0.329985737
vt 0.914298534 0.329985737
vt 0.647926211 0.960449218
vt 0.449773430 0.772562205
vt 0.449773430 0.772562205
vt 0.441483289 0.798469066
vt 0.441483289 0.798469066
vt 0.441483289 0.798469066
vt 0.494628906 0.807562351
vt 0.505371093 0.807562351
vt 0.505371093 0.807562351
vt 0.508255243 0.764420688
vt 0.491744756 0.764420688
vt 0.508255243 0.764420688
vt 0.432651460 0.867036104
vt 0.484863281 0.578652739
vt 0.484863281 0.578652739
vt 0.505371093 0.875488281
vt 0.436096429 0.621582031
vt 0.563903570 0.621582031
vt 0.558516740 0.798469066
vt 0.558516740 0.798469066
vt 0.558516740 0.798469066
vt 0.550226569 0.772562205
vt 0.550226569 0.772562205
vt 0.515136718 0.578652739
vt 0.567348539 0.867036104
vt 0.515136718 0.578652739
vt 0.436332225 0.749383389
vt 0.436332225 0.749383389
vt 0.529001236 0.710928201
vt 0.470998764 0.710928201
vt 0.529001236 0.710928201
vt 0.380744546 0.752329468
vt 0.380744546 0.752329468
vt 0.380744546 0.752329468
vt 0.484863281 0.428228735
vt 0.352050781 0.754478097
vt 0.000488281 0.982296228
vt 0.000488281 0.982296228
vt 0.003368445 0.989746093
vt 0.476441144 0.427889168
vt 0.003368445 0.989746093
vt 0.476441144 0.427889168
vt 0.434339344 0.522843062
vt 0.434339344 0.522843062
vt 0.434339344 0.522843062
vt 0.619709610 0.565567731
vt 0.380290389 0.565567731
vt 0.619709610 0.565567731
vt 0.565660655 0.522843062
vt 0.565660655 0.522843062
vt 0.565660655 0.522843062
vt 0.619255423 0.752329468
vt 0.619255423 0.752329468
vt 0.619255423 0.752329468
vt 0.515136718 0.428228735
vt 0.999511718 0.982296228
vt 0.647949218 0.754478097
vt 0.999511718 0.982296228
vt 0.523558855 0.427889168
vt 0.996631562 0.989746093
vt 0.996631562 0.989746093
vt 0.523558855 0.427889168
vt 0.563667774 0.749383389
vt 0.563667774 0.749383389
vt 0.620425581 0.679913103
vt 0.379574447 0.679913103
vt 0.620425581 0.679913103
vt 0.003579248 0.898066699
vt 0.644501924 0.676269531
vt 0.996420741 0.898066699
vt 0.953146398 0.887207031
vt 0.046853609 0.887207031
vt 0.953146398 0.887207031
vt 0.034392166 0.949923276
vt 0.034392166 0.949923276
vt 0.034392166 0.949923276
vt 0.038811646 0.953814685
vt 0.038811646 0.953814685
vt 0.038811646 0.953814685
vt 0.422319352 0.435518503
vt 0.422319352 0.435518503
vt 0.405592232 0.485298395
vt 0.405592232 0.485298395
vt 0.434030085 0.362792968
vt 0.909003436 0.989746093
vt 0.565969944 0.362792968
vt 0.896972656 0.950258731
vt 0.103027343 0.950258731
vt 0.896972656 0.950258731
vt 0.615387439 0.389979362
vt 0.384612590 0.389979362
vt 0.615387439 0.389979362
vt 0.645019531 0.493135273
vt 0.354980468 0.493135273
vt 0.645019531 0.493135273
vt 0.594407796 0.485298395
vt 0.594407796 0.485298395
vt 0.577680647 0.435518503
vt 0.577680647 0.435518503
vt 0.961188375 0.953814685
vt 0.961188375 0.953814685
vt 0.961188375 0.953814685
vt 0.965607821 0.949923276
vt 0.965607821 0.949923276
vt 0.965607821 0.949923276
vt 0.913251698 0.895960450
vt 0.913251698 0.895960450
vt 0.086748309 0.895960450
vt 0.059887815 0.925742328
vt 0.059887815 0.925742328
vt 0.940112173 0.925742328
vt 0.940112173 0.925742328
vt 0.064858824 0.929407179
vt 0.064858824 0.929407179
vt 0.906906485 0.900543630
vt 0.906906485 0.900543630
vt 0.093093521 0.900543630
vt 0.935141205 0.929407179
vt 0.935141205 0.929407179
s 0
f 173/1 174/2 175/3 176/4
f 177/5 178/6 173/317 176/326
f 173/318 179/7 180/8 174/320
f 178/332 181/9 179/335 173/319
f 175/323 174/321 182/10 183/11
f 174/322 180/338 184/12 182/345
f 176/327 175/324 185/13 186/14
f 185/354 175/325 183/348 187/15
f 188/16 177/329 176/328 186/357
f 177/330 188/363 189/17 190/18
f 178/333 177/331 190/369 191/19
f 181/342 178/334 191/372 192/20
f 181/343 193/21 194/22 179/336
f 193/380 181/344 192/375 195/23
f 179/337 194/383 196/24 180/339
f 180/340 196/389 197/25 198/26
f 180/341 198/394 199/27 184/351
f 200/28 201/29 182/346 184/352
f 202/30 200/402 184/353 199/399
f 201/405 203/31 183/349 182/347
f 203/411 204/32 187/360 183/350
f 204/414 205/33 206/34 187/361
f 207/35 185/355 187/362 206/420
f 185/356 207/423 208/36 186/358
f 209/37 188/364 186/359 208/427
f 209/430 210/38 189/366 188/365
f 211/39 212/40 189/367 210/433
f 189/368 212/441 213/41 190/370
f 213/444 214/42 191/373 190/371
f 214/447 215/43 192/376 191/374
f 215/450 216/44 217/45 192/377
f 192/378 217/456 218/46 219/47
f 192/379 219/462 220/48 195/386
f 221/49 222/50 193/381 195/387
f 221/468 195/388 220/465 223/51
f 224/52 225/53 223/474 220/466
f 226/54 224/477 220/467 219/463
f 227/55 226/483 219/464 218/459
f 228/56 227/486 218/460 229/57
f 217/457 230/58 229/492 218/461
f 230/495 217/458 216/453 231/59
f 231/498 216/454 232/60 233/61
f 234/62 232/501 216/455 215/451
f 235/63 234/507 215/452 214/448
f 236/64 235/510 214/449 213/445
f 212/442 237/65 236/513 213/446
f 238/66 237/516 212/443 211/438
f 239/67 240/68 211/439 210/434
f 240/524 241/69 238/518 211/440
f 242/70 236/514 237/517 238/519
f 241/527 233/504 242/529 238/520
f 231/499 233/505 241/528 240/525
f 233/506 232/502 243/71 242/530
f 230/496 231/500 240/526 239/521
f 230/497 239/522 244/72 229/493
f 245/73 228/489 229/494 244/535
f 228/490 246/74 247/75 227/487
f 245/538 248/76 246/541 228/491
f 247/544 249/77 226/484 227/488
f 249/550 250/78 224/478 226/485
f 250/554 251/79 225/480 224/479
f 251/556 252/80 253/81 225/481
f 225/482 253/562 254/82 223/475
f 255/83 251/557 250/555 249/551
f 255/568 256/84 252/559 251/558
f 257/85 258/86 255/569 249/552
f 259/87 257/576 249/553 247/545
f 260/88 259/582 247/546 246/542
f 261/89 260/585 246/543 248/547
f 245/539 262/90 263/91 248/548
f 264/92 261/588 248/549 263/594
f 262/591 245/540 244/536 265/93
f 244/537 239/523 210/435 265/601
f 266/94 262/592 265/602 267/95
f 210/436 268/96 267/607 265/603
f 262/593 266/604 269/97 263/595
f 263/596 269/613 270/98 255/570
f 258/579 264/598 263/597 255/571
f 255/572 270/615 271/99 256/573
f 256/574 271/618 272/100 273/101
f 256/575 273/624 274/102 252/560
f 252/561 274/627 275/103 253/563
f 253/564 275/630 276/104 254/565
f 277/105 221/469 223/476 254/566
f 278/106 277/636 254/567 276/633
f 279/107 280/108 276/634 275/631
f 280/645 281/109 278/639 276/635
f 282/110 279/642 275/632 274/628
f 283/111 282/651 274/629 273/625
f 284/112 283/654 273/626 272/621
f 271/619 285/113 286/114 272/622
f 287/115 284/657 272/623 286/663
f 271/620 270/616 288/116 285/660
f 270/617 269/614 266/605 288/669
f 288/670 266/606 267/608 289/117
f 268/610 290/118 289/672 267/609
f 268/611 291/119 292/120 290/675
f 210/437 209/431 291/678 268/612
f 290/676 292/681 293/121 294/122
f 290/677 294/687 295/123 289/673
f 285/661 288/671 289/674 295/690
f 286/664 285/662 295/691 296/124
f 297/125 287/666 286/665 296/693
f 298/126 299/127 287/667 297/696
f 299/702 300/128 284/658 287/668
f 300/705 301/129 283/655 284/659
f 301/708 302/130 282/652 283/656
f 282/653 302/711 303/131 279/643
f 279/644 303/714 304/132 280/646
f 280/647 304/717 305/133 281/648
f 281/649 306/134 307/135 278/640
f 305/720 308/136 306/723 281/650
f 309/137 310/138 308/729 305/721
f 311/139 309/732 305/722 304/718
f 312/140 311/738 304/719 303/715
f 313/141 312/741 303/716 302/712
f 301/709 314/142 313/744 302/713
f 300/706 315/143 314/747 301/710
f 299/703 316/144 315/750 300/707
f 317/145 316/753 299/704 298/699
f 318/146 298/700 297/697 319/147
f 320/148 317/756 298/701 318/759
f 319/762 297/698 296/694 321/149
f 294/688 321/768 296/695 295/692
f 294/689 293/684 322/150 321/769
f 322/771 323/151 319/763 321/770
f 323/774 324/152 318/760 319/764
f 324/777 325/153 320/765 318/761
f 325/780 326/154 327/155 320/766
f 327/786 328/156 317/757 320/767
f 317/758 328/793 329/157 316/754
f 316/755 329/796 330/158 315/751
f 330/799 331/159 314/748 315/752
f 331/802 332/160 313/745 314/749
f 332/805 333/161 312/742 313/746
f 312/743 333/808 334/162 311/739
f 334/811 327/787 309/733 311/740
f 327/788 335/163 310/735 309/734
f 336/164 308/730 310/736 337/165
f 310/737 335/814 338/166 337/820
f 339/167 340/168 338/823 335/815
f 341/169 339/826 335/816 327/789
f 342/170 341/832 327/790 326/783
f 327/791 334/812 343/171 344/172
f 328/794 327/792 344/841 345/173
f 346/174 347/175 326/784 325/781
f 348/176 342/835 326/785 347/850
f 324/778 349/177 346/847 325/782
f 323/775 350/178 349/856 324/779
f 322/772 351/179 350/859 323/776
f 322/773 293/685 352/180 351/862
f 353/181 351/863 352/865 354/182
f 351/864 353/868 355/183 350/860
f 350/861 355/874 356/184 349/857
f 356/877 357/185 346/848 349/858
f 357/880 358/186 347/851 346/849
f 359/187 348/853 347/852 358/883
f 348/854 360/188 361/189 342/836
f 359/886 362/190 360/889 348/855
f 342/837 361/892 363/191 341/833
f 341/834 363/897 364/192 339/827
f 339/828 364/899 365/193 340/829
f 340/830 366/194 367/195 338/824
f 365/901 368/196 366/904 340/831
f 363/898 361/893 365/902 364/900
f 365/903 361/894 360/890 368/910
f 369/197 368/911 360/891 362/895
f 370/198 369/913 362/896 359/887
f 370/915 359/888 358/884 371/199
f 357/881 372/200 371/918 358/885
f 373/201 372/921 357/882 356/878
f 355/875 374/202 373/924 356/879
f 353/869 375/203 374/927 355/876
f 375/930 353/870 354/871 376/204
f 376/933 354/872 377/205 198/395
f 352/866 378/206 377/936 354/873
f 293/686 292/682 378/939 352/867
f 378/940 379/207 380/208 377/937
f 292/683 291/679 379/942 378/941
f 198/396 377/938 380/945 207/424
f 197/391 381/209 376/934 198/397
f 198/398 207/425 206/421 199/400
f 381/947 382/210 375/931 376/935
f 375/932 382/950 383/211 374/928
f 374/929 383/953 384/212 373/925
f 384/956 385/213 372/922 373/926
f 372/923 385/959 367/907 371/919
f 385/960 337/821 338/825 367/908
f 366/905 370/916 371/920 367/909
f 366/906 368/912 369/914 370/917
f 384/957 336/817 337/822 385/961
f 386/214 336/818 384/958 383/954
f 382/951 387/215 386/962 383/955
f 388/216 387/965 382/952 381/948
f 389/217 388/968 381/949 197/392
f 194/384 389/971 197/393 196/390
f 193/382 222/471 389/972 194/385
f 222/472 390/218 388/969 389/973
f 390/974 307/726 387/966 388/970
f 387/967 307/727 306/724 386/963
f 306/725 308/731 336/819 386/964
f 278/641 307/728 390/975 277/637
f 277/638 390/976 222/473 221/470
f 205/417 202/408 199/401 206/422
f 202/409 205/418 391/219 392/220
f 205/419 204/415 393/221 391/977
f 200/403 202/410 392/980 394/222
f 395/223 396/224 392/981 391/978
f 396/992 397/225 394/986 392/982
f 398/226 395/989 391/979 393/983
f 399/227 398/998 393/984 400/228
f 204/416 203/412 400/1004 393/985
f 399/1001 401/229 402/230 398/999
f 398/1000 402/1009 403/231 395/990
f 395/991 403/1012 404/232 396/993
f 397/995 396/994 404/1014 405/233
f 397/996 406/234 407/235 394/987
f 406/1019 397/997 405/1016 408/236
f 201/406 200/404 394/988 407/1022
f 406/1020 399/1002 400/1005 407/1023
f 203/413 201/407 407/1024 400/1006
f 399/1003 406/1021 408/1025 401/1007
f 408/1026 405/1017 402/1010 401/1008
f 404/1015 403/1013 402/1011 405/1018
f 207/426 380/946 379/943 208/428
f 291/680 209/432 208/429 379/944
f 329/797 328/795 345/844 409/237
f 344/842 410/238 411/239 345/845
f 345/846 411/1032 412/240 409/1027
f 330/800 329/798 409/1028 413/241
f 409/1029 412/1035 414/242 413/1038
f 414/1041 412/1036 415/243 416/244
f 415/1043 412/1037 411/1033 417/245
f 418/246 417/1048 411/1034 410/1030
f 343/838 418/1051 410/1031 344/843
f 419/247 417/1049 418/1052 343/839
f 419/1053 420/248 415/1044 417/1050
f 421/249 416/1046 415/1045 420/1056
f 413/1039 414/1042 416/1047 421/1059
f 331/803 330/801 413/1040 421/1060
f 332/806 331/804 421/1061 420/1057
f 333/809 332/807 420/1058 419/1054
f 334/813 333/810 419/1055 343/840
f 261/589 264/599 422/250 423/251
f 264/600 258/580 424/252 422/1062
f 260/586 261/590 423/1065 425/253
f 426/254 427/255 425/1071 423/1066
f 428/256 426/1074 423/1067 422/1063
f 429/257 428/1080 422/1064 424/1068
f 258/581 257/577 430/258 424/1069
f 431/259 429/1083 424/1070 430/1086
f 428/1081 429/1084 432/260 433/261
f 429/1085 431/1089 434/262 432/1092
f 426/1075 428/1082 433/1095 435/263
f 427/1077 426/1076 435/1101 436/264
f 437/265 427/1078 436/1104 438/266
f 427/1079 437/1107 439/267 425/1072
f 259/583 260/587 425/1073 439/1113
f 257/578 259/584 439/1114 430/1087
f 437/1108 431/1090 430/1088 439/1115
f 431/1091 437/1109 438/1110 434/1098
f 440/268 441/269 434/1099 438/1111
f 441/1118 442/270 432/1093 434/1100
f 432/1094 442/1121 443/271 433/1096
f 433/1097 443/1123 444/272 435/1102
f 435/1103 444/1125 445/273 436/1105
f 445/1128 440/1116 438/1112 436/1106
f 445/1129 444/1126 441/1119 440/1117
f 441/1120 444/1127 443/1124 442/1122
f 243/532 235/511 236/515 242/531
f 446/274 234/508 235/512 243/533
f 446/1130 243/534 232/503 234/509
f 447/275 448/276 449/277 450/278
f 449/1136 448/1133 451/279 452/280
f 449/1137 453/281 454/282 450/1139
f 453/1148 449/1138 452/1145 455/283
f 456/284 447/1131 450/1140 457/285
f 458/286 448/1134 447/1132 456/1156
f 459/287 451/1142 448/1135 458/1161
f 459/1164 460/288 461/289 451/1143
f 452/1146 451/1144 461/1172 462/290
f 455/1153 452/1147 462/1175 463/291
f 464/292 453/1149 455/1154 465/293
f 455/1155 463/1178 466/294 465/1184
f 467/295 454/1151 453/1150 464/1181
f 450/1141 454/1152 467/1192 457/1158
f 458/1162 456/1157 457/1159 468/296
f 457/1160 467/1193 464/1182 468/1194
f 459/1165 458/1163 468/1195 469/297
f 470/298 471/299 459/1166 469/1197
f 471/1203 472/300 460/1168 459/1167
f 460/1169 473/301 474/302 461/1173
f 475/303 460/1170 472/1206 476/304
f 460/1171 475/1213 477/305 473/1209
f 474/1211 478/306 462/1176 461/1174
f 478/1222 479/307 463/1179 462/1177
f 463/1180 479/1225 480/308 466/1188
f 465/1185 466/1189 481/309 482/310
f 466/1190 475/1214 476/1216 481/1229
f 475/1215 466/1191 480/1227 477/1219
f 468/1196 464/1183 465/1186 469/1198
f 465/1187 482/1232 470/1200 469/1199
f 483/311 484/312 471/1204 470/1201
f 482/1233 485/313 483/1235 470/1202
f 471/1205 484/1238 486/314 472/1207
f 476/1217 472/1208 486/1242 487/315
f 488/316 481/1230 476/1218 487/1244
f 481/1231 488/1247 485/1240 482/1234
f 488/1248 487/1245 483/1236 485/1241
f 487/1246 486/1243 484/1239 483/1237
f 474/1212 473/1210 477/1220 478/1223
f 477/1221 480/1228 479/1226 478/1224
o Mesh_1
usemtl Mesh_1
v 5.621817588 -45.5129242 -2.86116743 0.999999940 0.999999940 0.999999940
v 6.565174579 -45.3104897 -3.95624566 0.999999940 0.999999940 0.999999940
v 8.053855896 -45.1415596 -4.56371164 0.999999940 0.999999940 0.999999940
v 6.710633754 -45.7119293 -0.85381317 0.999999940 0.999999940 0.999999940
v 9.521184921 -45.5948143 -1.8276633 0.999999940 0.999999940 0.999999940
v 5.532457351 -43.9191933 -2.94208241 0.999999940 0.999999940 0.999999940
v 5.827804565 -42.1308632 -2.85649729 0.999999940 0.999999940 0.999999940
v 8.145473480 -43.7594452 -4.74785709 0.999999940 0.999999940 0.999999940
v 6.553824901 -43.9756355 -4.08543825 0.999999940 0.999999940 0.999999940
v 6.828918933 -42.2042427 -3.96720219 0.999999940 0.999999940 0.999999940
v 9.310753822 -45.3378868 -3.92545724 0.999999940 0.999999940 0.999999940
v 9.490580558 -43.8144684 -4.09679604 0.999999940 0.999999940 0.999999940
v 10.45796489 -45.4948463 -1.87009299 0.999999940 0.999999940 0.999999940
v 10.61004066 -43.675293 -2.0608654 0.999999940 0.999999940 0.999999940
v 8.157583236 -42.063427 -4.60822201 0.999999940 0.999999940 0.999999940
v 9.482172966 -41.9792747 -3.96059799 0.999999940 0.999999940 0.999999940
v 8.265535354 -40.1698914 -3.90117502 0.999999940 0.999999940 0.999999940
v 9.246458053 -40.1189575 -3.45335841 0.999999940 0.999999940 0.999999940
v 9.393658638 -41.2985992 -0.85800183 0.999999940 0.999999940 0.999999940
v 10.54414272 -41.979332 -1.75978637 0.999999940 0.999999940 0.999999940
v 10.51815414 -40.1445312 -1.26644289 0.999999940 0.999999940 0.999999940
v 6.092943191 -45.6100044 -0.53738731 0.999999940 0.999999940 0.999999940
v 6.85851717 -45.6763649 1.879863381 0.999999940 0.999999940 0.999999940
v 10.11369705 -45.6708221 0.801586389 0.999999940 0.999999940 0.999999940
v 7.509263038 -45.6999016 1.551604867 0.999999940 0.999999940 0.999999940
v 6.026795387 -43.9475136 -0.65308511 0.999999940 0.999999940 0.999999940
v 6.289150714 -42.2602844 -0.60003012 0.999999940 0.999999940 0.999999940
v 6.845231056 -43.9932594 1.525959014 0.999999940 0.999999940 0.999999940
v 6.943617820 -42.3740883 1.530606985 0.999999940 0.999999940 0.999999940
v 10.94586563 -45.5310287 0.731044590 0.999999940 0.999999940 0.999999940
v 11.10621643 -43.7271538 0.398450136 0.999999940 0.999999940 0.999999940
v 11.10303783 -42.0795975 0.350534200 0.999999940 0.999999940 0.999999940
v 10.70081901 -39.7499809 1.105469584 0.999999940 0.999999940 0.999999940
v 9.758282661 -39.7199669 1.482978701 0.999999940 0.999999940 0.999999940
v 6.484972000 -40.1990128 -2.64523578 0.999999940 0.999999940 0.999999940
v 7.211479663 -40.1328354 -3.66009688 0.999999940 0.999999940 0.999999940
v 8.042292594 -41.3509712 -0.4205617 0.999999940 0.999999940 0.999999940
v 6.873299598 -40.4584122 -0.23979674 0.999999940 0.999999940 0.999999940
v 7.618310451 -39.9037552 1.815695047 0.999999940 0.999999940 0.999999940
v 8.699016571 -39.8025627 1.857898950 0.999999940 0.999999940 0.999999940
v 8.279261589 -45.6951294 4.060687542 0.999999940 0.999999940 0.999999940
v 6.950665473 -45.6488228 3.822123765 0.999999940 0.999999940 0.999999940
v 7.256479740 -44.0456314 4.479480266 0.999999940 0.999999940 0.999999940
v 7.430699348 -42.4315147 4.459824085 0.999999940 0.999999940 0.999999940
v 11.42581081 -45.6278419 2.355475664 0.999999940 0.999999940 0.999999940
v 10.78891754 -45.6407623 3.087582588 0.999999940 0.999999940 0.999999940
v 11.98706245 -44.0862923 2.363554954 0.999999940 0.999999940 0.999999940
v 12.72017192 -45.5499001 4.518912315 0.999999940 0.999999940 0.999999940
v 13.09299564 -43.8716698 4.936453819 0.999999940 0.999999940 0.999999940
v 12.90472221 -42.2287445 5.014031410 0.999999940 0.999999940 0.999999940
v 9.256243705 -40.550972 3.696974277 0.999999940 0.999999940 0.999999940
v 11.88100242 -42.1669312 2.396052599 0.999999940 0.999999940 0.999999940
v 11.16359996 -40.4475517 3.073444366 0.999999940 0.999999940 0.999999940
v 10.25724315 -40.474369 3.310552597 0.999999940 0.999999940 0.999999940
v 7.514748096 -45.5212326 6.851131439 0.999999940 0.999999940 0.999999940
v 9.915651321 -45.64748 7.696072101 0.999999940 0.999999940 0.999999940
v 10.79662609 -45.1245575 10.87725639 0.999999940 0.999999940 0.999999940
v 8.813407897 -45.4249611 9.438996315 0.999999940 0.999999940 0.999999940
v 7.598261356 -43.9077835 7.100706577 0.999999940 0.999999940 0.999999940
v 7.936274051 -42.6891251 6.831891059 0.999999940 0.999999940 0.999999940
v 8.698372840 -43.6120377 9.445582389 0.999999940 0.999999940 0.999999940
v 9.037988662 -42.7376137 8.774683952 0.999999940 0.999999940 0.999999940
v 11.89557838 -45.4939003 6.932184219 0.999999940 0.999999940 0.999999940
v 12.80640506 -44.9625244 10.39138698 0.999999940 0.999999940 0.999999940
v 12.87106514 -43.3237839 10.45166111 0.999999940 0.999999940 0.999999940
v 10.87375259 -43.4500618 10.97421932 0.999999940 0.999999940 0.999999940
v 13.42958259 -45.3204613 7.628809928 0.999999940 0.999999940 0.999999940
v 13.69456958 -43.640255 7.532274246 0.999999940 0.999999940 0.999999940
v 13.28519821 -42.4728165 7.253808975 0.999999940 0.999999940 0.999999940
v 9.84370327 -41.3750458 5.602017879 0.999999940 0.999999940 0.999999940
v 10.87601089 -41.2810059 5.288914680 0.999999940 0.999999940 0.999999940
v 10.86627292 -42.874649 10.00682735 0.999999940 0.999999940 0.999999940
v 10.48469448 -42.1573029 7.938308239 0.999999940 0.999999940 0.999999940
v 12.47502517 -42.773262 9.792185783 0.999999940 0.999999940 0.999999940
v 11.56421661 -42.0422935 7.664921283 0.999999940 0.999999940 0.999999940
v 8.156187057 -40.8047256 4.152241706 0.999999940 0.999999940 0.999999940
v 8.758620262 -41.5709686 6.195995807 0.999999940 0.999999940 0.999999940
v 9.474110603 -42.1638527 7.986282825 0.999999940 0.999999940 0.999999940
v 11.81894588 -41.2774544 5.189788341 0.999999940 0.999999940 0.999999940
v 12.30742454 -41.9109726 6.870891571 0.999999940 0.999999940 0.999999940
v 20.70175170 -18.2446327 -2.51337552 0.999999940 0.999999940 0.999999940
v 22.45749282 -17.1592941 -2.40493131 0.999999940 0.999999940 0.999999940
v 24.33493423 -16.3509884 -2.51665449 0.999999940 0.999999940 0.999999940
v 20.56856918 -18.1954861 -0.67636418 0.999999940 0.999999940 0.999999940
v 22.45361518 -17.1525021 -0.77384877 0.999999940 0.999999940 0.999999940
v 24.36808013 -16.1629944 -0.71829456 0.999999940 0.999999940 0.999999940
v 19.72257995 -16.470789 -2.58105087 0.999999940 0.999999940 0.999999940
v 18.79758071 -14.6875305 -2.7150712 0.999999940 0.999999940 0.999999940
v 21.59614944 -15.4464808 -2.41716838 0.999999940 0.999999940 0.999999940
v 20.88735771 -13.4513378 -2.81636643 0.999999940 0.999999940 0.999999940
v 17.73664665 -12.9831381 -2.69192171 0.999999940 0.999999940 0.999999940
v 17.12433052 -11.2016373 -2.56077981 0.999999940 0.999999940 0.999999940
v 19.75655746 -11.8345032 -3.09539866 0.999999940 0.999999940 0.999999940
v 20.76631927 -11.6015472 -2.96248031 0.999999940 0.999999940 0.999999940
v 21.30764579 -11.2973652 -3.03619456 0.999999940 0.999999940 0.999999940
v 20.51682090 -11.2160902 -3.0504334 0.999999940 0.999999940 0.999999940
v 18.81256866 -9.94814014 -2.808043 0.999999940 0.999999940 0.999999940
v 23.56816673 -14.5869007 -2.57126069 0.999999940 0.999999940 0.999999940
v 22.92148590 -13.1615496 -2.56575155 0.999999940 0.999999940 0.999999940
v 22.91459465 -12.4790678 -2.39637327 0.999999940 0.999999940 0.999999940
v 24.4777565 -12.4000702 -2.26396704 0.999999940 0.999999940 0.999999940
v 24.90930175 -11.4728117 -2.10220456 0.999999940 0.999999940 0.999999940
v 22.21987724 -11.4486532 -2.79802012 0.999999940 0.999999940 0.999999940
v 21.70465850 -12.1978521 -2.72776508 0.999999940 0.999999940 0.999999940
v 21.45273017 -10.542407 -2.92171836 0.999999940 0.999999940 0.999999940
v 20.57777595 -10.2212229 -2.92709756 0.999999940 0.999999940 0.999999940
v 21.80971908 -10.3357782 -2.57744837 0.999999940 0.999999940 0.999999940
v 21.81332397 -10.0534372 -2.35275984 0.999999940 0.999999940 0.999999940
v 21.18597602 -10.1432495 -2.84260511 0.999999940 0.999999940 0.999999940
v 20.87943077 -9.57675171 -2.76746321 0.999999940 0.999999940 0.999999940
v 22.80288314 -10.4619379 -2.39621425 0.999999940 0.999999940 0.999999940
v 19.63955116 -16.4995975 -0.86833495 0.999999940 0.999999940 0.999999940
v 18.55136299 -14.8913546 -0.06332166 0.999999940 0.999999940 0.999999940
v 21.59315872 -15.4415178 -0.78811324 0.999999940 0.999999940 0.999999940
v 20.74071693 -13.7503366 -0.61163533 0.999999940 0.999999940 0.999999940
v 17.71158599 -13.0791044 -0.10137784 0.999999940 0.999999940 0.999999940
v 17.2433815 -11.131114 -0.56062621 0.999999940 0.999999940 0.999999940
v 19.87703704 -12.0424356 -0.35104522 0.999999940 0.999999940 0.999999940
v 18.86771774 -10.055645 -0.46928892 0.999999940 0.999999940 0.999999940
v 23.56134796 -14.4093637 -0.89079583 0.999999940 0.999999940 0.999999940
v 22.92953491 -12.5581493 -0.09549245 0.999999940 0.999999940 0.999999940
v 23.20538330 -12.3550749 -1.05639482 0.999999940 0.999999940 0.999999940
v 24.68086814 -12.3852386 -0.96575421 0.999999940 0.999999940 0.999999940
v 25.11326026 -11.5428839 -0.90065259 0.999999940 0.999999940 0.999999940
v 22.99135208 -11.513567 -0.60691857 0.999999940 0.999999940 0.999999940
v 22.47127723 -11.5630369 -0.12414994 0.999999940 0.999999940 0.999999940
v 22.02997779 -11.3026962 -0.01363691 0.999999940 0.999999940 0.999999940
v 22.30718803 -10.8120594 -0.22801705 0.999999940 0.999999940 0.999999940
v 21.69100570 -9.89636517 -0.93539196 0.999999940 0.999999940 0.999999940
v 21.37994957 -10.249629 -0.51763225 0.999999940 0.999999940 0.999999940
v 20.83471298 -9.27132511 -0.73105967 0.999999940 0.999999940 0.999999940
v 22.73665046 -10.5702629 -0.84099531 0.999999940 0.999999940 0.999999940
v -5.62188148 -45.5128746 -2.86116862 0.999999940 0.999999940 0.999999940
v -6.56518459 -45.3104897 -3.95624518 0.999999940 0.999999940 0.999999940
v -8.05383492 -45.1415863 -4.56370926 0.999999940 0.999999940 0.999999940
v -6.71059227 -45.7119484 -0.85381174 0.999999940 0.999999940 0.999999940
v -9.52121639 -45.594902 -1.82766104 0.999999940 0.999999940 0.999999940
v -5.53245687 -43.9192047 -2.94208145 0.999999940 0.999999940 0.999999940
v -5.8278141 -42.1308289 -2.85649586 0.999999940 0.999999940 0.999999940
v -8.1454277 -43.759449 -4.74785519 0.999999940 0.999999940 0.999999940
v -6.55385399 -43.9756165 -4.08543777 0.999999940 0.999999940 0.999999940
v -6.82886171 -42.2042313 -3.96720076 0.999999940 0.999999940 0.999999940
v -9.3107729 -45.3380089 -3.92545342 0.999999940 0.999999940 0.999999940
v -9.49059296 -43.8144608 -4.09679317 0.999999940 0.999999940 0.999999940
v -10.4580097 -45.4949646 -1.87008989 0.999999940 0.999999940 0.999999940
v -10.6100178 -43.6752892 -2.0608654 0.999999940 0.999999940 0.999999940
v -8.15759563 -42.0634117 -4.60822201 0.999999940 0.999999940 0.999999940
v -9.48217869 -41.9793129 -3.96059728 0.999999940 0.999999940 0.999999940
v -8.26549816 -40.1699028 -3.9011755 0.999999940 0.999999940 0.999999940
v -9.24640369 -40.1190414 -3.4533565 0.999999940 0.999999940 0.999999940
v -9.39360809 -41.2986069 -0.85800207 0.999999940 0.999999940 0.999999940
v -10.5440664 -41.9793053 -1.75978637 0.999999940 0.999999940 0.999999940
v -10.5182142 -40.144516 -1.26644135 0.999999940 0.999999940 0.999999940
v -6.09289503 -45.6100044 -0.53738713 0.999999940 0.999999940 0.999999940
v -6.85855293 -45.6763268 1.879862070 0.999999940 0.999999940 0.999999940
v -10.1136417 -45.6708794 0.801590085 0.999999940 0.999999940 0.999999940
v -7.50927258 -45.6999702 1.551604867 0.999999940 0.999999940 0.999999940
v -6.02686548 -43.9475555 -0.65308523 0.999999940 0.999999940 0.999999940
v -6.28916168 -42.2603073 -0.60003012 0.999999940 0.999999940 0.999999940
v -6.84525013 -43.9932785 1.525959968 0.999999940 0.999999940 0.999999940
v -6.94365406 -42.3740883 1.530607700 0.999999940 0.999999940 0.999999940
v -10.9458475 -45.5310822 0.731045901 0.999999940 0.999999940 0.999999940
v -11.106143 -43.7271538 0.398450970 0.999999940 0.999999940 0.999999940
v -11.1030483 -42.0796051 0.350533008 0.999999940 0.999999940 0.999999940
v -10.7007351 -39.7499275 1.105469703 0.999999940 0.999999940 0.999999940
v -9.75825214 -39.7199593 1.482980012 0.999999940 0.999999940 0.999999940
v -6.48491573 -40.1990089 -2.64523554 0.999999940 0.999999940 0.999999940
v -7.21144533 -40.1328316 -3.66009617 0.999999940 0.999999940 0.999999940
v -8.04224777 -41.3509483 -0.42056137 0.999999940 0.999999940 0.999999940
v -6.87332058 -40.4583817 -0.23979373 0.999999940 0.999999940 0.999999940
v -7.61826897 -39.9037285 1.815695643 0.999999940 0.999999940 0.999999940
v -8.69896221 -39.8025703 1.857897877 0.999999940 0.999999940 0.999999940
v -8.27934551 -45.6952515 4.060685634 0.999999940 0.999999940 0.999999940
v -6.95063448 -45.6488266 3.822122097 0.999999940 0.999999940 0.999999940
v -7.25647688 -44.0457039 4.479485511 0.999999940 0.999999940 0.999999940
v -7.43068123 -42.4315109 4.459825038 0.999999940 0.999999940 0.999999940
v -11.425909 -45.6278725 2.355479002 0.999999940 0.999999940 0.999999940
v -10.7889862 -45.6407623 3.087584257 0.999999940 0.999999940 0.999999940
v -11.9870529 -44.0863876 2.363554716 0.999999940 0.999999940 0.999999940
v -12.7200947 -45.5500488 4.518917083 0.999999940 0.999999940 0.999999940
v -13.0928841 -43.8717346 4.936453819 0.999999940 0.999999940 0.999999940
v -12.9045877 -42.228672 5.014033794 0.999999940 0.999999940 0.999999940
v -9.25619316 -40.5510178 3.696978330 0.999999940 0.999999940 0.999999940
v -11.8809443 -42.1669083 2.396051883 0.999999940 0.999999940 0.999999940
v -11.1634283 -40.4475098 3.073444366 0.999999940 0.999999940 0.999999940
v -10.2571325 -40.4743538 3.310549497 0.999999940 0.999999940 0.999999940
v -7.51479626 -45.5212288 6.851129531 0.999999940 0.999999940 0.999999940
v -9.91573238 -45.6475067 7.696074008 0.999999940 0.999999940 0.999999940
v -10.796627 -45.1245346 10.87725162 0.999999940 0.999999940 0.999999940
v -8.81348228 -45.4249649 9.438987731 0.999999940 0.999999940 0.999999940
v -7.59835386 -43.9078636 7.10070467 0.999999940 0.999999940 0.999999940
v -7.93635225 -42.689167 6.831895828 0.999999940 0.999999940 0.999999940
v -8.69844818 -43.6120872 9.445575714 0.999999940 0.999999940 0.999999940
v -9.03811073 -42.7375984 8.774682998 0.999999940 0.999999940 0.999999940
v -11.8955774 -45.4938927 6.932184219 0.999999940 0.999999940 0.999999940
v -12.8063507 -44.9625244 10.39138507 0.999999940 0.999999940 0.999999940
v -12.8710508 -43.3238029 10.45165824 0.999999940 0.999999940 0.999999940
v -10.8737278 -43.4500542 10.97422218 0.999999940 0.999999940 0.999999940
v -13.4295816 -45.3204308 7.628810405 0.999999940 0.999999940 0.999999940
v -13.6945429 -43.6401711 7.532273769 0.999999940 0.999999940 0.999999940
v -13.2851639 -42.4727783 7.253807544 0.999999940 0.999999940 0.999999940
v -9.84380531 -41.3749809 5.602020263 0.999999940 0.999999940 0.999999940
v -10.875865 -41.2809296 5.288918972 0.999999940 0.999999940 0.999999940
v -10.8661289 -42.8745956 10.00682544 0.999999940 0.999999940 0.999999940
v -10.4847488 -42.1573257 7.938307285 0.999999940 0.999999940 0.999999940
v -12.4750214 -42.773262 9.792185783 0.999999940 0.999999940 0.999999940
v -11.5641365 -42.0422859 7.664919376 0.999999940 0.999999940 0.999999940
v -8.15623093 -40.8047409 4.152242183 0.999999940 0.999999940 0.999999940
v -8.75865936 -41.5709305 6.195999145 0.999999940 0.999999940 0.999999940
v -9.47418022 -42.1638145 7.986281871 0.999999940 0.999999940 0.999999940
v -11.8188648 -41.2774391 5.189783573 0.999999940 0.999999940 0.999999940
v -12.3073378 -41.9109726 6.870894908 0.999999940 0.999999940 0.999999940
v -20.701828 -18.2446022 -2.51337552 0.999999940 0.999999940 0.999999940
v -22.4575005 -17.1592655 -2.40493107 0.999999940 0.999999940 0.999999940
v -24.3349361 -16.3509827 -2.51665425 0.999999940 0.999999940 0.999999940
v -20.5686092 -18.195467 -0.67636412 0.999999940 0.999999940 0.999999940
v -22.4536495 -17.1524963 -0.77384865 0.999999940 0.999999940 0.999999940
v -24.3681011 -16.1630001 -0.7182945 0.999999940 0.999999940 0.999999940
v -19.7226143 -16.470787 -2.58105087 0.999999940 0.999999940 0.999999940
v -18.7976055 -14.6875286 -2.7150712 0.999999940 0.999999940 0.999999940
v -21.5961666 -15.4464836 -2.41716838 0.999999940 0.999999940 0.999999940
v -20.8873539 -13.451335 -2.81636643 0.999999940 0.999999940 0.999999940
v -17.7366333 -12.9831495 -2.69192147 0.999999940 0.999999940 0.999999940
v -17.1243114 -11.2016382 -2.56077981 0.999999940 0.999999940 0.999999940
v -19.756546 -11.8345041 -3.09539819 0.999999940 0.999999940 0.999999940
v -20.7663193 -11.6015491 -2.96248007 0.999999940 0.999999940 0.999999940
v -21.3076401 -11.2973623 -3.03619432 0.999999940 0.999999940 0.999999940
v -20.5168095 -11.2160864 -3.0504334 0.999999940 0.999999940 0.999999940
v -18.812561 -9.94813919 -2.808043 0.999999940 0.999999940 0.999999940
v -23.5681381 -14.5868998 -2.57126093 0.999999940 0.999999940 0.999999940
v -22.9214916 -13.1615534 -2.56575131 0.999999940 0.999999940 0.999999940
v -22.9145794 -12.479064 -2.39637327 0.999999940 0.999999940 0.999999940
v -24.4777451 -12.4000692 -2.26396704 0.999999940 0.999999940 0.999999940
v -24.9092922 -11.4728107 -2.10220456 0.999999940 0.999999940 0.999999940
v -22.2198677 -11.4486513 -2.79802012 0.999999940 0.999999940 0.999999940
v -21.7046566 -12.1978531 -2.72776508 0.999999940 0.999999940 0.999999940
v -21.4527225 -10.542407 -2.92171812 0.999999940 0.999999940 0.999999940
v -20.5777683 -10.22122 -2.92709756 0.999999940 0.999999940 0.999999940
v -21.8097095 -10.3357782 -2.57744837 0.999999940 0.999999940 0.999999940
v -21.8133163 -10.0534353 -2.35275984 0.999999940 0.999999940 0.999999940
v -21.1859665 -10.1432467 -2.84260511 0.999999940 0.999999940 0.999999940
v -20.8794212 -9.57674885 -2.76746321 0.999999940 0.999999940 0.999999940
v -22.8028755 -10.461935 -2.39621425 0.999999940 0.999999940 0.999999940
v -19.6395741 -16.499588 -0.86833519 0.999999940 0.999999940 0.999999940
v -18.5513897 -14.8913488 -0.06332178 0.999999940 0.999999940 0.999999940
v -21.5931664 -15.4415197 -0.788113 0.999999940 0.999999940 0.999999940
v -20.7407112 -13.7503347 -0.61163563 0.999999940 0.999999940 0.999999940
v -17.7115784 -13.0790939 -0.10137796 0.999999940 0.999999940 0.999999940
v -17.2433834 -11.1311245 -0.56062633 0.999999940 0.999999940 0.999999940
v -19.8770332 -12.042428 -0.35104534 0.999999940 0.999999940 0.999999940
v -18.8677025 -10.055645 -0.46928903 0.999999940 0.999999940 0.999999940
v -23.5613041 -14.4093504 -0.89079583 0.999999940 0.999999940 0.999999940
v -22.9295197 -12.5581493 -0.09549241 0.999999940 0.999999940 0.999999940
v -23.2053661 -12.3550768 -1.05639493 0.999999940 0.999999940 0.999999940
v -24.6808605 -12.3852377 -0.96575421 0.999999940 0.999999940 0.999999940
v -25.1132526 -11.5428829 -0.90065259 0.999999940 0.999999940 0.999999940
v -22.9913387 -11.5135632 -0.60691869 0.999999940 0.999999940 0.999999940
v -22.4712677 -11.5630379 -0.12415006 0.999999940 0.999999940 0.999999940
v -22.0299664 -11.3026962 -0.01363703 0.999999940 0.999999940 0.999999940
v -22.3071785 -10.8120565 -0.22801717 0.999999940 0.999999940 0.999999940
v -21.6909981 -9.89636517 -0.93539202 0.999999940 0.999999940 0.999999940
v -21.37994 -10.249629 -0.51763237 0.999999940 0.999999940 0.999999940
v -20.8347015 -9.27132511 -0.73105979 0.999999940 0.999999940 0.999999940
v -22.7366428 -10.570261 -0.84099543 0.999999940 0.999999940 0.999999940
s 0
f 491 490 497 496
f 499 491 496 500
f 492 510 489 490
f 493 491 499 501
f 492 490 491 493
f 490 489 494 497
f 497 494 495 498
f 496 497 498 503
f 489 510 514 494
f 494 514 515 495
f 501 499 500 502
f 500 496 503 504
f 502 500 504 508
f 503 498 524 505
f 504 503 505 506
f 508 504 506 509
f 509 506 505 507
f 513 492 493 512
f 492 513 511 510
f 510 511 516 514
f 517 515 514 516
f 512 493 501 518
f 518 501 502 519
f 519 502 508 520
f 533 518 519 535
f 535 519 520 540
f 525 528 522 507
f 520 508 509 521
f 509 507 522 521
f 540 520 521 541
f 541 521 522 542
f 498 495 523 524
f 495 515 526 523
f 523 526 525 524
f 507 505 524 525
f 515 517 527 526
f 526 527 528 525
f 530 511 513 529
f 529 513 512 534
f 534 551 544 529
f 543 530 529 544
f 511 530 531 516
f 532 517 516 531
f 534 512 518 533
f 551 534 533 536
f 536 533 535 537
f 537 535 540 538
f 542 522 528 539
f 538 540 541 567
f 567 541 542 559
f 559 542 539 558
f 545 546 543 544
f 543 546 549 547
f 546 545 554 549
f 547 531 530 543
f 548 532 531 547
f 532 548 565 564
f 547 549 550 548
f 545 544 551 552
f 552 551 536 555
f 555 536 537 556
f 556 537 538 557
f 545 552 553 554
f 552 555 556 553
f 553 556 557 562
f 557 538 567 568
f 567 559 563 568
f 549 554 560 550
f 554 553 562 560
f 561 558 565 566
f 548 550 566 565
f 550 560 561 566
f 568 563 562 557
f 563 559 558 561
f 563 561 560 562
f 564 527 517 532
f 539 528 527 564
f 558 539 564 565
f 597 593 594
f 620 617 618
f 620 618 616
f 614 613 620 616
f 611 612 613 610
f 590 599 620 612
f 599 596 617 620
f 596 599 595
f 613 612 620
f 595 599 591
f 595 591 593 597
f 588 592 591
f 591 583 593
f 591 592 582 583
f 590 612 611 589
f 584 583 582
f 589 611 610 588
f 590 589 591 599
f 594 593 583 584
f 589 588 591
f 592 588 587 578
f 584 581 585 594
f 584 582 581
f 578 581 582 592
f 579 580 585 581
f 576 579 581 578
f 598 594 585
f 577 578 587 586
f 596 595 598
f 598 595 597
f 598 597 594
f 575 576 578 577
f 575 600 601 576
f 600 602 603 601
f 604 579 576 601
f 605 580 579 604
f 606 604 601 603
f 580 605 607 585
f 607 605 604 606
f 608 586 587 609
f 609 587 588 610
f 602 608 609 603
f 574 571 586 608
f 602 573 574 608
f 615 606 603 609
f 613 614 609 610
f 615 609 614
f 615 614 616
f 600 572 573 602
f 619 598 585 607
f 570 571 574 573
f 617 596 598 619
f 606 615 618 607
f 619 607 618
f 618 615 616
f 577 586 571 570
f 569 570 573 572
f 619 618 617
f 575 577 570 569
f 575 569 572 600
f 629 622 623 628
f 628 623 631 632
f 621 642 624 622
f 631 623 625 633
f 623 622 624 625
f 626 621 622 629
f 627 626 629 630
f 630 629 628 635
f 646 642 621 626
f 647 646 626 627
f 632 631 633 634
f 635 628 632 636
f 636 632 634 640
f 656 630 635 637
f 637 635 636 638
f 638 636 640 641
f 637 638 641 639
f 625 624 645 644
f 643 645 624 642
f 648 643 642 646
f 646 647 649 648
f 633 625 644 650
f 634 633 650 651
f 640 634 651 652
f 651 650 665 667
f 652 651 667 672
f 654 660 657 639
f 641 640 652 653
f 654 639 641 653
f 653 652 672 673
f 654 653 673 674
f 655 627 630 656
f 658 647 627 655
f 657 658 655 656
f 656 637 639 657
f 659 649 647 658
f 660 659 658 657
f 645 643 662 661
f 644 645 661 666
f 676 683 666 661
f 661 662 675 676
f 663 662 643 648
f 648 649 664 663
f 650 644 666 665
f 665 666 683 668
f 667 665 668 669
f 672 667 669 670
f 660 654 674 671
f 673 672 670 699
f 674 673 699 691
f 671 674 691 690
f 675 678 677 676
f 681 678 675 679
f 686 677 678 681
f 662 663 679 675
f 663 664 680 679
f 697 680 664 696
f 682 681 679 680
f 683 676 677 684
f 668 683 684 687
f 669 668 687 688
f 670 669 688 689
f 685 684 677 686
f 688 687 684 685
f 689 688 685 694
f 699 670 689 700
f 695 691 699 700
f 692 686 681 682
f 694 685 686 692
f 697 690 693 698
f 698 682 680 697
f 693 692 682 698
f 694 695 700 689
f 690 691 695 693
f 692 693 695 694
f 649 659 696 664
f 659 660 671 696
f 696 671 690 697
f 726 725 729
f 750 749 752
f 748 750 752
f 752 745 746 748
f 745 744 743 742
f 752 731 722 744
f 749 728 731 752
f 727 731 728
f 752 744 745
f 723 731 727
f 725 723 727 729
f 723 724 720
f 725 715 723
f 714 724 723 715
f 743 744 722 721
f 714 715 716
f 742 743 721 720
f 723 721 722 731
f 715 725 726 716
f 723 720 721
f 719 720 724 710
f 717 713 716 726
f 713 714 716
f 714 713 710 724
f 717 712 711 713
f 713 711 708 710
f 717 726 730
f 719 710 709 718
f 730 727 728
f 729 727 730
f 726 729 730
f 710 708 707 709
f 733 732 707 708
f 735 734 732 733
f 708 711 736 733
f 711 712 737 736
f 733 736 738 735
f 739 737 712 717
f 736 737 739 738
f 719 718 740 741
f 720 719 741 742
f 741 740 734 735
f 718 703 706 740
f 706 705 734 740
f 735 738 747 741
f 741 746 745 742
f 746 741 747
f 748 746 747
f 705 704 732 734
f 717 730 751 739
f 706 703 702 705
f 730 728 749 751
f 750 747 738 739
f 750 739 751
f 748 747 750
f 703 718 709 702
f 705 702 701 704
f 749 750 751
f 702 709 707 701
f 704 701 707 732
o Tube_1
usemtl Tube_1
v 15.68696117 -3.23834348 -2.55474448 0.999999940 0.999999940 0.999999940
v 14.80332088 -3.64847827 -2.0577817 0.999999940 0.999999940 0.999999940
v 14.82126236 -3.64142132 -1.0921874 0.999999940 0.999999940 0.999999940
v 15.72283744 -3.22423196 -0.62355572 0.999999940 0.999999940 0.999999940
v 16.60647392 -2.81409669 -1.12051845 0.999999940 0.999999940 0.999999940
v 16.58853530 -2.82115197 -2.08611226 0.999999940 0.999999940 0.999999940
v 15.91224193 -3.72447991 -2.55520177 0.999999940 0.999999940 0.999999940
v 15.02860450 -4.13461542 -2.05823898 0.999999940 0.999999940 0.999999940
v 15.04654312 -4.12755919 -1.09264481 0.999999940 0.999999940 0.999999940
v 15.94811916 -3.71036696 -0.62401319 0.999999940 0.999999940 0.999999940
v 16.83175468 -3.30023384 -1.12097573 0.999999940 0.999999940 0.999999940
v 16.81381416 -3.3072896 -2.08656979 0.999999940 0.999999940 0.999999940
v 16.35978317 -4.69023657 -2.55611014 0.999999940 0.999999940 0.999999940
v 15.47614860 -5.10036993 -2.05914783 0.999999940 0.999999940 0.999999940
v 15.49408626 -5.09331465 -1.0935533 0.999999940 0.999999940 0.999999940
v 16.39566230 -4.67612362 -0.62492174 0.999999940 0.999999940 0.999999940
v 17.27929878 -4.26598883 -1.12188423 0.999999940 0.999999940 0.999999940
v 17.26136016 -4.27304506 -2.08747816 0.999999940 0.999999940 0.999999940
v 17.03353118 -6.14411783 -2.55747771 0.999999940 0.999999940 0.999999940
v 16.14989280 -6.55425358 -2.06051517 0.999999940 0.999999940 0.999999940
v 16.16783332 -6.54719734 -1.09492111 0.999999940 0.999999940 0.999999940
v 17.06940650 -6.13000584 -0.62628925 0.999999940 0.999999940 0.999999940
v 17.95304489 -5.71987247 -1.12325191 0.999999940 0.999999940 0.999999940
v 17.93510437 -5.72692871 -2.08884597 0.999999940 0.999999940 0.999999940
v 17.70676803 -7.59690475 -2.55884457 0.999999940 0.999999940 0.999999940
v 16.82313346 -8.00703907 -2.06188178 0.999999940 0.999999940 0.999999940
v 16.84107017 -7.99998283 -1.09628773 0.999999940 0.999999940 0.999999940
v 17.74264717 -7.58279324 -0.62765592 0.999999940 0.999999940 0.999999940
v 18.62628364 -7.17265797 -1.12461865 0.999999940 0.999999940 0.999999940
v 18.60834312 -7.17971373 -2.09021282 0.999999940 0.999999940 0.999999940
v 18.38020324 -9.05011463 -2.56021142 0.999999940 0.999999940 0.999999940
v 17.49656677 -9.46024895 -2.06324887 0.999999940 0.999999940 0.999999940
v 17.51450538 -9.45319366 -1.0976547 0.999999940 0.999999940 0.999999940
v 18.41608238 -9.03600311 -0.62902308 0.999999940 0.999999940 0.999999940
v 19.29971694 -8.62586784 -1.12598574 0.999999940 0.999999940 0.999999940
v 19.28177833 -8.63292217 -2.09157968 0.999999940 0.999999940 0.999999940
v 18.93899345 -10.2559328 -2.56134605 0.999999940 0.999999940 0.999999940
v 18.05535697 -10.6660681 -2.06438327 0.999999940 0.999999940 0.999999940
v 18.07329559 -10.6590118 -1.0987891 0.999999940 0.999999940 0.999999940
v 18.97487068 -10.2418203 -0.63015741 0.999999940 0.999999940 0.999999940
v 19.85850715 -9.83168507 -1.12712014 0.999999940 0.999999940 0.999999940
v 19.84057045 -9.83874035 -2.09271407 0.999999940 0.999999940 0.999999940
v 19.72690200 -11.9561663 -2.56294537 0.999999940 0.999999940 0.999999940
v 18.84326553 -12.3662987 -2.06598282 0.999999940 0.999999940 0.999999940
v 18.86120414 -12.3592434 -1.10038853 0.999999940 0.999999940 0.999999940
v 19.76277923 -11.9420509 -0.63175684 0.999999940 0.999999940 0.999999940
v 20.64641380 -11.5319157 -1.12871957 0.999999940 0.999999940 0.999999940
v 20.62847709 -11.5389719 -2.09431362 0.999999940 0.999999940 0.999999940
v 15.69234180 -3.23622704 -2.26506591 0.999999940 0.999999940 0.999999940
v 15.07379627 -3.52332044 -1.91719222 0.999999940 0.999999940 0.999999940
v 15.08635330 -3.5183816 -1.24127626 0.999999940 0.999999940 0.999999940
v 15.71745586 -3.22634792 -0.91323394 0.999999940 0.999999940 0.999999940
v 16.33600044 -2.93925381 -1.26110792 0.999999940 0.999999940 0.999999940
v 16.32344245 -2.94419241 -1.93702364 0.999999940 0.999999940 0.999999940
v 15.70489788 -3.23128676 -1.58914995 0.999999940 0.999999940 0.999999940
v 19.73228263 -11.9540501 -2.27326679 0.999999940 0.999999940 0.999999940
v 19.11373710 -12.2411442 -1.92539334 0.999999940 0.999999940 0.999999940
v 19.12629509 -12.2362032 -1.24947739 0.999999940 0.999999940 0.999999940
v 19.75739860 -11.94417 -0.92143518 0.999999940 0.999999940 0.999999940
v 20.37594223 -11.657074 -1.26930881 0.999999940 0.999999940 0.999999940
v 20.36338424 -11.662014 -1.94522488 0.999999940 0.999999940 0.999999940
v 19.74483871 -11.9491081 -1.59735107 0.999999940 0.999999940 0.999999940
v -15.6869545 -3.23834419 -2.55474424 0.999999940 0.999999940 0.999999940
v -14.8033171 -3.64847779 -2.0577817 0.999999940 0.999999940 0.999999940
v -14.8212547 -3.64142084 -1.09218729 0.999999940 0.999999940 0.999999940
v -15.7228317 -3.22423196 -0.62355554 0.999999940 0.999999940 0.999999940
v -16.6064701 -2.8140986 -1.12051821 0.999999940 0.999999940 0.999999940
v -16.5885296 -2.82115364 -2.08611226 0.999999940 0.999999940 0.999999940
v -15.9122362 -3.72448087 -2.55520153 0.999999940 0.999999940 0.999999940
v -15.0285978 -4.1346159 -2.05823898 0.999999940 0.999999940 0.999999940
v -15.0465393 -4.12755919 -1.09264469 0.999999940 0.999999940 0.999999940
v -15.9481134 -3.71036887 -0.62401301 0.999999940 0.999999940 0.999999940
v -16.831749 -3.30023503 -1.12097561 0.999999940 0.999999940 0.999999940
v -16.8138084 -3.30728841 -2.08656979 0.999999940 0.999999940 0.999999940
v -16.3597775 -4.690238 -2.55610991 0.999999940 0.999999940 0.999999940
v -15.476141 -5.10037184 -2.0591476 0.999999940 0.999999940 0.999999940
v -15.4940825 -5.09331465 -1.09355319 0.999999940 0.999999940 0.999999940
v -16.3956566 -4.676126 -0.6249215 0.999999940 0.999999940 0.999999940
v -17.279295 -4.26599073 -1.12188411 0.999999940 0.999999940 0.999999940
v -17.2613544 -4.27304506 -2.08747816 0.999999940 0.999999940 0.999999940
v -17.0335236 -6.14411688 -2.55747771 0.999999940 0.999999940 0.999999940
v -16.1498871 -6.55425406 -2.06051493 0.999999940 0.999999940 0.999999940
v -16.1678276 -6.54719734 -1.09492099 0.999999940 0.999999940 0.999999940
v -17.0694027 -6.13000631 -0.62628895 0.999999940 0.999999940 0.999999940
v -17.9530392 -5.71987295 -1.12325168 0.999999940 0.999999940 0.999999940
v -17.9350986 -5.72692966 -2.08884597 0.999999940 0.999999940 0.999999940
v -17.7067623 -7.59690571 -2.55884433 0.999999940 0.999999940 0.999999940
v -16.8231277 -8.00704098 -2.06188178 0.999999940 0.999999940 0.999999940
v -16.8410645 -7.99998379 -1.09628761 0.999999940 0.999999940 0.999999940
v -17.7426414 -7.58279324 -0.62765568 0.999999940 0.999999940 0.999999940
v -18.6262779 -7.17265987 -1.12461841 0.999999940 0.999999940 0.999999940
v -18.6083412 -7.17971468 -2.09021258 0.999999940 0.999999940 0.999999940
v -18.3801956 -9.05011559 -2.56021166 0.999999940 0.999999940 0.999999940
v -17.4965611 -9.4602499 -2.06324887 0.999999940 0.999999940 0.999999940
v -17.5144997 -9.45319366 -1.09765458 0.999999940 0.999999940 0.999999940
v -18.4160767 -9.03600121 -0.6290229 0.999999940 0.999999940 0.999999940
v -19.2997131 -8.62586975 -1.12598538 0.999999940 0.999999940 0.999999940
v -19.2817726 -8.63292313 -2.09157968 0.999999940 0.999999940 0.999999940
v -18.9389858 -10.2559319 -2.56134582 0.999999940 0.999999940 0.999999940
v -18.0553513 -10.6660671 -2.06438327 0.999999940 0.999999940 0.999999940
v -18.0732899 -10.6590109 -1.09878886 0.999999940 0.999999940 0.999999940
v -18.9748631 -10.2418203 -0.63015723 0.999999940 0.999999940 0.999999940
v -19.8585014 -9.83168221 -1.1271199 0.999999940 0.999999940 0.999999940
v -19.8405647 -9.83874226 -2.09271407 0.999999940 0.999999940 0.999999940
v -19.7268963 -11.9561672 -2.56294513 0.999999940 0.999999940 0.999999940
v -18.8432598 -12.3663006 -2.06598258 0.999999940 0.999999940 0.999999940
v -18.8612003 -12.3592434 -1.10038829 0.999999940 0.999999940 0.999999940
v -19.7627716 -11.9420519 -0.63175648 0.999999940 0.999999940 0.999999940
v -20.6464119 -11.5319166 -1.12871921 0.999999940 0.999999940 0.999999940
v -20.6284733 -11.5389729 -2.09431314 0.999999940 0.999999940 0.999999940
v -15.6923351 -3.23622656 -2.26506591 0.999999940 0.999999940 0.999999940
v -15.0737896 -3.52332067 -1.9171921 0.999999940 0.999999940 0.999999940
v -15.0863476 -3.51838326 -1.24127614 0.999999940 0.999999940 0.999999940
v -15.7174511 -3.22634792 -0.91323382 0.999999940 0.999999940 0.999999940
v -16.3359966 -2.93925381 -1.2611078 0.999999940 0.999999940 0.999999940
v -16.3234386 -2.94419312 -1.93702352 0.999999940 0.999999940 0.999999940
v -15.7048931 -3.23128724 -1.58914983 0.999999940 0.999999940 0.999999940
v -19.732275 -11.9540501 -2.27326679 0.999999940 0.999999940 0.999999940
v -19.1137333 -12.2411451 -1.92539322 0.999999940 0.999999940 0.999999940
v -19.1262875 -12.2362022 -1.24947727 0.999999940 0.999999940 0.999999940
v -19.7573929 -11.94417 -0.92143482 0.999999940 0.999999940 0.999999940
v -20.3759365 -11.657074 -1.26930869 0.999999940 0.999999940 0.999999940
v -20.3633785 -11.662015 -1.94522464 0.999999940 0.999999940 0.999999940
v -19.7448349 -11.9491062 -1.59735096 0.999999940 0.999999940 0.999999940
s 0
f 753 759 760 754
f 754 760 761 755
f 755 761 762 756
f 756 762 763 757
f 757 763 764 758
f 758 764 759 753
f 759 765 766 760
f 760 766 767 761
f 761 767 768 762
f 762 768 769 763
f 763 769 770 764
f 764 770 765 759
f 765 771 772 766
f 766 772 773 767
f 767 773 774 768
f 768 774 775 769
f 769 775 776 770
f 770 776 771 765
f 771 777 778 772
f 772 778 779 773
f 773 779 780 774
f 774 780 781 775
f 775 781 782 776
f 776 782 777 771
f 777 783 784 778
f 778 784 785 779
f 779 785 786 780
f 780 786 787 781
f 781 787 788 782
f 782 788 783 777
f 783 789 790 784
f 784 790 791 785
f 785 791 792 786
f 786 792 793 787
f 787 793 794 788
f 788 794 789 783
f 789 795 796 790
f 790 796 797 791
f 791 797 798 792
f 792 798 799 793
f 793 799 800 794
f 794 800 795 789
f 802 801 753 754
f 803 802 754 755
f 804 803 755 756
f 805 804 756 757
f 806 805 757 758
f 801 806 758 753
f 802 803 807 801
f 804 805 807 803
f 806 801 807 805
f 795 808 809 796
f 796 809 810 797
f 797 810 811 798
f 798 811 812 799
f 799 812 813 800
f 800 813 808 795
f 814 810 809 808
f 814 812 811 810
f 814 808 813 812
f 822 821 815 816
f 823 822 816 817
f 824 823 817 818
f 825 824 818 819
f 826 825 819 820
f 821 826 820 815
f 828 827 821 822
f 829 828 822 823
f 830 829 823 824
f 831 830 824 825
f 832 831 825 826
f 827 832 826 821
f 834 833 827 828
f 835 834 828 829
f 836 835 829 830
f 837 836 830 831
f 838 837 831 832
f 833 838 832 827
f 840 839 833 834
f 841 840 834 835
f 842 841 835 836
f 843 842 836 837
f 844 843 837 838
f 839 844 838 833
f 846 845 839 840
f 847 846 840 841
f 848 847 841 842
f 849 848 842 843
f 850 849 843 844
f 845 850 844 839
f 852 851 845 846
f 853 852 846 847
f 854 853 847 848
f 855 854 848 849
f 856 855 849 850
f 851 856 850 845
f 858 857 851 852
f 859 858 852 853
f 860 859 853 854
f 861 860 854 855
f 862 861 855 856
f 857 862 856 851
f 815 863 864 816
f 816 864 865 817
f 817 865 866 818
f 818 866 867 819
f 819 867 868 820
f 820 868 863 815
f 869 865 864 863
f 869 867 866 865
f 869 863 868 867
f 871 870 857 858
f 872 871 858 859
f 873 872 859 860
f 874 873 860 861
f 875 874 861 862
f 870 875 862 857
f 871 872 876 870
f 873 874 876 872
f 875 870 876 874
o Mesh_1
usemtl Mesh_1_1
v 5.621821403 -45.5129204 -2.86116719 0.999999940 0.999999940 0.999999940
v 6.565178394 -45.3104858 -3.95624542 0.999999940 0.999999940 0.999999940
v 8.053859710 -45.1415558 -4.56371117 0.999999940 0.999999940 0.999999940
v 6.710637569 -45.7119255 -0.85381323 0.999999940 0.999999940 0.999999940
v 9.521189689 -45.5948105 -1.8276633 0.999999940 0.999999940 0.999999940
v 5.532460689 -43.9191895 -2.94208241 0.999999940 0.999999940 0.999999940
v 5.827808380 -42.1308594 -2.85649705 0.999999940 0.999999940 0.999999940
v 8.145477294 -43.7594414 -4.74785662 0.999999940 0.999999940 0.999999940
v 6.553828239 -43.9756317 -4.08543825 0.999999940 0.999999940 0.999999940
v 6.828922748 -42.2042389 -3.96720195 0.999999940 0.999999940 0.999999940
v 9.310757637 -45.337883 -3.925457 0.999999940 0.999999940 0.999999940
v 9.490583419 -43.8144646 -4.09679556 0.999999940 0.999999940 0.999999940
v 10.45796871 -45.4948425 -1.87009299 0.999999940 0.999999940 0.999999940
v 10.61004447 -43.6752892 -2.06086516 0.999999940 0.999999940 0.999999940
v 8.157587051 -42.0634232 -4.60822201 0.999999940 0.999999940 0.999999940
v 9.482176780 -41.9792709 -3.96059775 0.999999940 0.999999940 0.999999940
v 8.265539169 -40.1698875 -3.90117478 0.999999940 0.999999940 0.999999940
v 9.246460914 -40.1189537 -3.45335841 0.999999940 0.999999940 0.999999940
v 9.393662452 -41.2985954 -0.85800189 0.999999940 0.999999940 0.999999940
v 10.54414558 -41.9793282 -1.75978637 0.999999940 0.999999940 0.999999940
v 10.51815795 -40.1445274 -1.26644289 0.999999940 0.999999940 0.999999940
v 6.092947006 -45.6100006 -0.53738737 0.999999940 0.999999940 0.999999940
v 6.858520507 -45.6763611 1.879863143 0.999999940 0.999999940 0.999999940
v 10.11370086 -45.6708183 0.801586210 0.999999940 0.999999940 0.999999940
v 7.509266853 -45.6998978 1.551604509 0.999999940 0.999999940 0.999999940
v 6.026799202 -43.9475098 -0.65308523 0.999999940 0.999999940 0.999999940
v 6.289154052 -42.2602806 -0.60003018 0.999999940 0.999999940 0.999999940
v 6.845234394 -43.9932556 1.525958776 0.999999940 0.999999940 0.999999940
v 6.943621158 -42.3740845 1.530606746 0.999999940 0.999999940 0.999999940
v 10.94586944 -45.5310249 0.731044471 0.999999940 0.999999940 0.999999940
v 11.10622024 -43.72715 0.398449987 0.999999940 0.999999940 0.999999940
v 11.10304164 -42.0795937 0.350534021 0.999999940 0.999999940 0.999999940
v 10.70082187 -39.7499771 1.105469346 0.999999940 0.999999940 0.999999940
v 9.758286476 -39.7199631 1.482978344 0.999999940 0.999999940 0.999999940
v 6.484975338 -40.1990089 -2.64523578 0.999999940 0.999999940 0.999999940
v 7.211483001 -40.1328316 -3.66009688 0.999999940 0.999999940 0.999999940
v 8.042295455 -41.3509674 -0.42056182 0.999999940 0.999999940 0.999999940
v 6.873302936 -40.4584122 -0.23979686 0.999999940 0.999999940 0.999999940
v 7.618313789 -39.9037514 1.815694689 0.999999940 0.999999940 0.999999940
v 8.699020385 -39.8025589 1.857898592 0.999999940 0.999999940 0.999999940
v 8.279265403 -45.6951256 4.060687065 0.999999940 0.999999940 0.999999940
v 6.950669288 -45.6488228 3.822123289 0.999999940 0.999999940 0.999999940
v 7.256483554 -44.0456276 4.479479789 0.999999940 0.999999940 0.999999940
v 7.430702686 -42.4315109 4.459823608 0.999999940 0.999999940 0.999999940
v 11.42581462 -45.6278381 2.355475425 0.999999940 0.999999940 0.999999940
v 10.78892135 -45.6407547 3.087582349 0.999999940 0.999999940 0.999999940
v 11.98706626 -44.0862885 2.363554716 0.999999940 0.999999940 0.999999940
v 12.72017574 -45.5498962 4.518912315 0.999999940 0.999999940 0.999999940
v 13.09299945 -43.871666 4.936453342 0.999999940 0.999999940 0.999999940
v 12.90472602 -42.2287407 5.014030933 0.999999940 0.999999940 0.999999940
v 9.256247520 -40.550972 3.696973800 0.999999940 0.999999940 0.999999940
v 11.88100624 -42.1669312 2.396052360 0.999999940 0.999999940 0.999999940
v 11.16360282 -40.4475479 3.073443889 0.999999940 0.999999940 0.999999940
v 10.25724697 -40.4743652 3.310552120 0.999999940 0.999999940 0.999999940
v 7.514751911 -45.5212288 6.851130962 0.999999940 0.999999940 0.999999940
v 9.915655136 -45.6474762 7.696071147 0.999999940 0.999999940 0.999999940
v 10.79662990 -45.1245537 10.87725544 0.999999940 0.999999940 0.999999940
v 8.813411712 -45.4249573 9.438995361 0.999999940 0.999999940 0.999999940
v 7.598264694 -43.9077797 7.100706100 0.999999940 0.999999940 0.999999940
v 7.936277866 -42.6891212 6.831890583 0.999999940 0.999999940 0.999999940
v 8.698376655 -43.6120338 9.445581436 0.999999940 0.999999940 0.999999940
v 9.037992477 -42.7376099 8.774682998 0.999999940 0.999999940 0.999999940
v 11.89558219 -45.4938965 6.932183742 0.999999940 0.999999940 0.999999940
v 12.80640983 -44.9625206 10.39138603 0.999999940 0.999999940 0.999999940
v 12.87106895 -43.3237801 10.45166015 0.999999940 0.999999940 0.999999940
v 10.87375640 -43.4500618 10.97421836 0.999999940 0.999999940 0.999999940
v 13.42958641 -45.3204575 7.628809452 0.999999940 0.999999940 0.999999940
v 13.69457340 -43.6402512 7.532273292 0.999999940 0.999999940 0.999999940
v 13.28520202 -42.4728127 7.253808021 0.999999940 0.999999940 0.999999940
v 9.843707084 -41.375042 5.602016925 0.999999940 0.999999940 0.999999940
v 10.87601375 -41.281002 5.288914203 0.999999940 0.999999940 0.999999940
v 10.86627578 -42.8746452 10.00682640 0.999999940 0.999999940 0.999999940
v 10.48469829 -42.157299 7.938307285 0.999999940 0.999999940 0.999999940
v 12.47502899 -42.7732582 9.792184829 0.999999940 0.999999940 0.999999940
v 11.56422042 -42.0422897 7.664920806 0.999999940 0.999999940 0.999999940
v 8.156189918 -40.8047218 4.15224123 0.999999940 0.999999940 0.999999940
v 8.758624076 -41.5709648 6.195995330 0.999999940 0.999999940 0.999999940
v 9.474113464 -42.1638489 7.986281871 0.999999940 0.999999940 0.999999940
v 11.81894969 -41.2774506 5.189787864 0.999999940 0.999999940 0.999999940
v 12.30742836 -41.9109688 6.870890617 0.999999940 0.999999940 0.999999940
v 20.70175552 -18.2446327 -2.51337552 0.999999940 0.999999940 0.999999940
v 22.45749473 -17.1592941 -2.40493131 0.999999940 0.999999940 0.999999940
v 24.33493614 -16.3509884 -2.51665425 0.999999940 0.999999940 0.999999940
v 20.56857299 -18.1954861 -0.67636424 0.999999940 0.999999940 0.999999940
v 22.45361709 -17.1525002 -0.77384883 0.999999940 0.999999940 0.999999940
v 24.36808204 -16.1629925 -0.71829462 0.999999940 0.999999940 0.999999940
v 19.72258186 -16.470789 -2.58105063 0.999999940 0.999999940 0.999999940
v 18.79758262 -14.6875305 -2.71507096 0.999999940 0.999999940 0.999999940
v 21.59615135 -15.4464798 -2.41716838 0.999999940 0.999999940 0.999999940
v 20.88735961 -13.4513378 -2.8163662 0.999999940 0.999999940 0.999999940
v 17.73664665 -12.9831381 -2.69192171 0.999999940 0.999999940 0.999999940
v 17.12433242 -11.2016382 -2.56077981 0.999999940 0.999999940 0.999999940
v 19.75655937 -11.8345032 -3.09539843 0.999999940 0.999999940 0.999999940
v 20.76632118 -11.6015472 -2.96248007 0.999999940 0.999999940 0.999999940
v 21.30764770 -11.2973652 -3.03619432 0.999999940 0.999999940 0.999999940
v 20.51682281 -11.2160912 -3.0504334 0.999999940 0.999999940 0.999999940
v 18.81257057 -9.9481411 -2.808043 0.999999940 0.999999940 0.999999940
v 23.56816864 -14.5868998 -2.57126069 0.999999940 0.999999940 0.999999940
v 22.92148780 -13.1615496 -2.56575131 0.999999940 0.999999940 0.999999940
v 22.91459655 -12.4790678 -2.39637303 0.999999940 0.999999940 0.999999940
v 24.47775840 -12.4000702 -2.26396704 0.999999940 0.999999940 0.999999940
v 24.90930366 -11.4728117 -2.10220456 0.999999940 0.999999940 0.999999940
v 22.21987915 -11.4486532 -2.79802012 0.999999940 0.999999940 0.999999940
v 21.70466041 -12.1978521 -2.72776508 0.999999940 0.999999940 0.999999940
v 21.45273208 -10.542407 -2.92171812 0.999999940 0.999999940 0.999999940
v 20.57777786 -10.2212229 -2.92709756 0.999999940 0.999999940 0.999999940
v 21.80972099 -10.3357782 -2.57744837 0.999999940 0.999999940 0.999999940
v 21.81332588 -10.0534372 -2.35275984 0.999999940 0.999999940 0.999999940
v 21.18597793 -10.1432495 -2.84260511 0.999999940 0.999999940 0.999999940
v 20.87943267 -9.57675171 -2.76746321 0.999999940 0.999999940 0.999999940
v 22.80288505 -10.4619379 -2.39621425 0.999999940 0.999999940 0.999999940
v 19.63955307 -16.4995975 -0.86833501 0.999999940 0.999999940 0.999999940
v 18.55136489 -14.8913546 -0.06332178 0.999999940 0.999999940 0.999999940
v 21.59316062 -15.4415178 -0.7881133 0.999999940 0.999999940 0.999999940
v 20.74071884 -13.7503366 -0.61163545 0.999999940 0.999999940 0.999999940
v 17.71158790 -13.0791044 -0.10137796 0.999999940 0.999999940 0.999999940
v 17.24338340 -11.131115 -0.56062633 0.999999940 0.999999940 0.999999940
v 19.87703895 -12.0424356 -0.35104534 0.999999940 0.999999940 0.999999940
v 18.86771965 -10.0556459 -0.469289 0.999999940 0.999999940 0.999999940
v 23.56134986 -14.4093637 -0.89079589 0.999999940 0.999999940 0.999999940
v 22.92953681 -12.5581493 -0.09549258 0.999999940 0.999999940 0.999999940
v 23.20538520 -12.3550749 -1.05639482 0.999999940 0.999999940 0.999999940
v 24.68087005 -12.3852386 -0.96575427 0.999999940 0.999999940 0.999999940
v 25.11326217 -11.5428839 -0.90065265 0.999999940 0.999999940 0.999999940
v 22.99135398 -11.513567 -0.60691863 0.999999940 0.999999940 0.999999940
v 22.47127914 -11.5630379 -0.12415007 0.999999940 0.999999940 0.999999940
v 22.02997779 -11.3026962 -0.01363704 0.999999940 0.999999940 0.999999940
v 22.30718994 -10.8120594 -0.22801717 0.999999940 0.999999940 0.999999940
v 21.69100761 -9.89636517 -0.93539202 0.999999940 0.999999940 0.999999940
v 21.37995147 -10.24963 -0.51763237 0.999999940 0.999999940 0.999999940
v 20.83471298 -9.27132607 -0.73105973 0.999999940 0.999999940 0.999999940
v 22.73665237 -10.5702629 -0.84099537 0.999999940 0.999999940 0.999999940
v -5.62187815 -45.5128708 -2.86116838 0.999999940 0.999999940 0.999999940
v -6.56518173 -45.3104897 -3.95624495 0.999999940 0.999999940 0.999999940
v -8.0538311 -45.1415825 -4.56370878 0.999999940 0.999999940 0.999999940
v -6.71058941 -45.7119484 -0.8538118 0.999999940 0.999999940 0.999999940
v -9.52121258 -45.594902 -1.8276608 0.999999940 0.999999940 0.999999940
v -5.53245401 -43.9192047 -2.94208145 0.999999940 0.999999940 0.999999940
v -5.82781124 -42.130825 -2.85649586 0.999999940 0.999999940 0.999999940
v -8.14542484 -43.759449 -4.74785519 0.999999940 0.999999940 0.999999940
v -6.55385065 -43.9756126 -4.0854373 0.999999940 0.999999940 0.999999940
v -6.82885838 -42.2042313 -3.96720076 0.999999940 0.999999940 0.999999940
v -9.31076908 -45.3380089 -3.92545295 0.999999940 0.999999940 0.999999940
v -9.4905901 -43.8144569 -4.0967927 0.999999940 0.999999940 0.999999940
v -10.4580059 -45.4949646 -1.87008977 0.999999940 0.999999940 0.999999940
v -10.6100149 -43.6752853 -2.06086516 0.999999940 0.999999940 0.999999940
v -8.15759277 -42.0634117 -4.60822201 0.999999940 0.999999940 0.999999940
v -9.48217583 -41.9793091 -3.96059704 0.999999940 0.999999940 0.999999940
v -8.2654953 -40.169899 -3.90117526 0.999999940 0.999999940 0.999999940
v -9.24640083 -40.1190414 -3.4533565 0.999999940 0.999999940 0.999999940
v -9.39360523 -41.2986031 -0.85800219 0.999999940 0.999999940 0.999999940
v -10.5440636 -41.9793015 -1.75978613 0.999999940 0.999999940 0.999999940
v -10.5182114 -40.144516 -1.26644135 0.999999940 0.999999940 0.999999940
v -6.09289169 -45.6100044 -0.53738719 0.999999940 0.999999940 0.999999940
v -6.85854959 -45.6763268 1.879861831 0.999999940 0.999999940 0.999999940
v -10.1136379 -45.6708755 0.801590025 0.999999940 0.999999940 0.999999940
v -7.50926924 -45.6999702 1.551604509 0.999999940 0.999999940 0.999999940
v -6.02686262 -43.9475555 -0.65308529 0.999999940 0.999999940 0.999999940
v -6.28915834 -42.2603073 -0.60003018 0.999999940 0.999999940 0.999999940
v -6.84524679 -43.9932785 1.525959730 0.999999940 0.999999940 0.999999940
v -6.9436512 -42.3740845 1.530607461 0.999999940 0.999999940 0.999999940
v -10.9458447 -45.5310783 0.731045842 0.999999940 0.999999940 0.999999940
v -11.1061401 -43.72715 0.398450940 0.999999940 0.999999940 0.999999940
v -11.1030455 -42.0796051 0.350532978 0.999999940 0.999999940 0.999999940
v -10.7007322 -39.7499237 1.105469465 0.999999940 0.999999940 0.999999940
v -9.75824928 -39.7199593 1.482979774 0.999999940 0.999999940 0.999999940
v -6.48491287 -40.1990051 -2.6452353 0.999999940 0.999999940 0.999999940
v -7.21144247 -40.1328278 -3.66009593 0.999999940 0.999999940 0.999999940
v -8.04224491 -41.3509445 -0.42056146 0.999999940 0.999999940 0.999999940
v -6.87331772 -40.4583778 -0.23979384 0.999999940 0.999999940 0.999999940
v -7.61826611 -39.9037285 1.815695405 0.999999940 0.999999940 0.999999940
v -8.69895935 -39.8025703 1.857897639 0.999999940 0.999999940 0.999999940
v -8.2793417 -45.6952477 4.060685157 0.999999940 0.999999940 0.999999940
v -6.95063114 -45.6488228 3.822121620 0.999999940 0.999999940 0.999999940
v -7.25647402 -44.0457001 4.479485034 0.999999940 0.999999940 0.999999940
v -7.43067837 -42.4315071 4.459824562 0.999999940 0.999999940 0.999999940
v -11.4259052 -45.6278725 2.355478763 0.999999940 0.999999940 0.999999940
v -10.7889833 -45.6407585 3.087584018 0.999999940 0.999999940 0.999999940
v -11.9870501 -44.0863876 2.363554477 0.999999940 0.999999940 0.999999940
v -12.7200918 -45.5500488 4.518916606 0.999999940 0.999999940 0.999999940
v -13.0928812 -43.8717346 4.936453342 0.999999940 0.999999940 0.999999940
v -12.9045849 -42.2286682 5.014033317 0.999999940 0.999999940 0.999999940
v -9.2561903 -40.5510139 3.696977853 0.999999940 0.999999940 0.999999940
v -11.8809414 -42.1669044 2.396051645 0.999999940 0.999999940 0.999999940
v -11.1634254 -40.447506 3.073444128 0.999999940 0.999999940 0.999999940
v -10.2571297 -40.47435 3.310549020 0.999999940 0.999999940 0.999999940
v -7.5147934 -45.521225 6.851129055 0.999999940 0.999999940 0.999999940
v -9.91572952 -45.6475029 7.696073532 0.999999940 0.999999940 0.999999940
v -10.7966232 -45.1245308 10.87725067 0.999999940 0.999999940 0.999999940
v -8.81347942 -45.4249649 9.438986778 0.999999940 0.999999940 0.999999940
v -7.598351 -43.9078598 7.100703716 0.999999940 0.999999940 0.999999940
v -7.93634939 -42.689167 6.831894874 0.999999940 0.999999940 0.999999940
v -8.69844532 -43.6120872 9.445574760 0.999999940 0.999999940 0.999999940
v -9.03810692 -42.7375946 8.774682045 0.999999940 0.999999940 0.999999940
v -11.8955746 -45.4938889 6.932183742 0.999999940 0.999999940 0.999999940
v -12.8063478 -44.9625206 10.39138412 0.999999940 0.999999940 0.999999940
v -12.871048 -43.3238029 10.45165729 0.999999940 0.999999940 0.999999940
v -10.8737249 -43.4500542 10.97422123 0.999999940 0.999999940 0.999999940
v -13.4295788 -45.3204269 7.628809928 0.999999940 0.999999940 0.999999940
v -13.69454 -43.6401672 7.532272815 0.999999940 0.999999940 0.999999940
v -13.285161 -42.4727783 7.253807067 0.999999940 0.999999940 0.999999940
v -9.84380245 -41.3749771 5.602019786 0.999999940 0.999999940 0.999999940
v -10.8758621 -41.2809258 5.288918495 0.999999940 0.999999940 0.999999940
v -10.8661261 -42.8745918 10.00682449 0.999999940 0.999999940 0.999999940
v -10.484746 -42.1573219 7.938306808 0.999999940 0.999999940 0.999999940
v -12.4750185 -42.7732582 9.792184829 0.999999940 0.999999940 0.999999940
v -11.5641336 -42.0422859 7.664918899 0.999999940 0.999999940 0.999999940
v -8.15622807 -40.8047409 4.152241706 0.999999940 0.999999940 0.999999940
v -8.7586565 -41.5709305 6.195998668 0.999999940 0.999999940 0.999999940
v -9.47417736 -42.1638107 7.986281395 0.999999940 0.999999940 0.999999940
v -11.818862 -41.2774353 5.189783096 0.999999940 0.999999940 0.999999940
v -12.3073349 -41.9109688 6.870893955 0.999999940 0.999999940 0.999999940
v -20.701828 -18.2446041 -2.51337552 0.999999940 0.999999940 0.999999940
v -22.4575005 -17.1592674 -2.40493107 0.999999940 0.999999940 0.999999940
v -24.3349361 -16.3509865 -2.51665401 0.999999940 0.999999940 0.999999940
v -20.5686092 -18.1954689 -0.67636418 0.999999940 0.999999940 0.999999940
v -22.4536495 -17.1524982 -0.77384859 0.999999940 0.999999940 0.999999940
v -24.3681011 -16.1630039 -0.7182945 0.999999940 0.999999940 0.999999940
v -19.7226143 -16.4707909 -2.58105063 0.999999940 0.999999940 0.999999940
v -18.7976055 -14.6875315 -2.7150712 0.999999940 0.999999940 0.999999940
v -21.5961666 -15.4464865 -2.41716838 0.999999940 0.999999940 0.999999940
v -20.8873539 -13.4513378 -2.8163662 0.999999940 0.999999940 0.999999940
v -17.7366333 -12.9831524 -2.69192147 0.999999940 0.999999940 0.999999940
v -17.1243114 -11.2016411 -2.56077981 0.999999940 0.999999940 0.999999940
v -19.756546 -11.834507 -3.09539795 0.999999940 0.999999940 0.999999940
v -20.7663193 -11.601553 -2.96248007 0.999999940 0.999999940 0.999999940
v -21.3076401 -11.2973661 -3.03619409 0.999999940 0.999999940 0.999999940
v -20.5168095 -11.2160902 -3.0504334 0.999999940 0.999999940 0.999999940
v -18.812561 -9.94814301 -2.808043 0.999999940 0.999999940 0.999999940
v -23.5681381 -14.5869036 -2.57126093 0.999999940 0.999999940 0.999999940
v -22.9214916 -13.1615572 -2.56575131 0.999999940 0.999999940 0.999999940
v -22.9145775 -12.4790668 -2.39637303 0.999999940 0.999999940 0.999999940
v -24.4777451 -12.4000731 -2.26396704 0.999999940 0.999999940 0.999999940
v -24.9092922 -11.4728146 -2.10220456 0.999999940 0.999999940 0.999999940
v -22.2198677 -11.4486551 -2.79802012 0.999999940 0.999999940 0.999999940
v -21.7046566 -12.1978569 -2.72776484 0.999999940 0.999999940 0.999999940
v -21.4527225 -10.5424109 -2.92171812 0.999999940 0.999999940 0.999999940
v -20.5777683 -10.2212238 -2.92709732 0.999999940 0.999999940 0.999999940
v -21.8097095 -10.3357821 -2.57744837 0.999999940 0.999999940 0.999999940
v -21.8133163 -10.0534391 -2.35275984 0.999999940 0.999999940 0.999999940
v -21.1859665 -10.1432505 -2.84260511 0.999999940 0.999999940 0.999999940
v -20.8794212 -9.57675266 -2.76746321 0.999999940 0.999999940 0.999999940
v -22.8028755 -10.4619389 -2.39621425 0.999999940 0.999999940 0.999999940
v -19.6395741 -16.4995918 -0.86833525 0.999999940 0.999999940 0.999999940
v -18.5513897 -14.8913517 -0.0633219 0.999999940 0.999999940 0.999999940
v -21.5931664 -15.4415226 -0.78811306 0.999999940 0.999999940 0.999999940
v -20.7407112 -13.7503376 -0.61163568 0.999999940 0.999999940 0.999999940
v -17.7115765 -13.0790968 -0.10137808 0.999999940 0.999999940 0.999999940
v -17.2433834 -11.1311274 -0.56062645 0.999999940 0.999999940 0.999999940
v -19.8770332 -12.0424309 -0.35104546 0.999999940 0.999999940 0.999999940
v -18.8677025 -10.0556479 -0.46928912 0.999999940 0.999999940 0.999999940
v -23.5613041 -14.4093542 -0.89079589 0.999999940 0.999999940 0.999999940
v -22.9295177 -12.5581522 -0.09549253 0.999999940 0.999999940 0.999999940
v -23.2053661 -12.3550797 -1.05639493 0.999999940 0.999999940 0.999999940
v -24.6808605 -12.3852415 -0.96575427 0.999999940 0.999999940 0.999999940
v -25.1132526 -11.5428867 -0.90065265 0.999999940 0.999999940 0.999999940
v -22.9913387 -11.513567 -0.60691875 0.999999940 0.999999940 0.999999940
v -22.4712677 -11.5630417 -0.12415019 0.999999940 0.999999940 0.999999940
v -22.0299664 -11.3027 -0.01363716 0.999999940 0.999999940 0.999999940
v -22.3071785 -10.8120604 -0.22801729 0.999999940 0.999999940 0.999999940
v -21.6909981 -9.89636898 -0.93539208 0.999999940 0.999999940 0.999999940
v -21.37994 -10.2496328 -0.51763248 0.999999940 0.999999940 0.999999940
v -20.8347015 -9.27132893 -0.73105985 0.999999940 0.999999940 0.999999940
v -22.7366428 -10.5702648 -0.84099549 0.999999940 0.999999940 0.999999940
s 0
f 879 878 885 884
f 887 879 884 888
f 880 898 877 878
f 881 879 887 889
f 880 878 879 881
f 878 877 882 885
f 885 882 883 886
f 884 885 886 891
f 877 898 902 882
f 882 902 903 883
f 889 887 888 890
f 888 884 891 892
f 890 888 892 896
f 891 886 912 893
f 892 891 893 894
f 896 892 894 897
f 897 894 893 895
f 901 880 881 900
f 880 901 899 898
f 898 899 904 902
f 905 903 902 904
f 900 881 889 906
f 906 889 890 907
f 907 890 896 908
f 921 906 907 923
f 923 907 908 928
f 913 916 910 895
f 908 896 897 909
f 897 895 910 909
f 928 908 909 929
f 929 909 910 930
f 886 883 911 912
f 883 903 914 911
f 911 914 913 912
f 895 893 912 913
f 903 905 915 914
f 914 915 916 913
f 918 899 901 917
f 917 901 900 922
f 922 939 932 917
f 931 918 917 932
f 899 918 919 904
f 920 905 904 919
f 922 900 906 921
f 939 922 921 924
f 924 921 923 925
f 925 923 928 926
f 930 910 916 927
f 926 928 929 955
f 955 929 930 947
f 947 930 927 946
f 933 934 931 932
f 931 934 937 935
f 934 933 942 937
f 935 919 918 931
f 936 920 919 935
f 920 936 953 952
f 935 937 938 936
f 933 932 939 940
f 940 939 924 943
f 943 924 925 944
f 944 925 926 945
f 933 940 941 942
f 940 943 944 941
f 941 944 945 950
f 945 926 955 956
f 955 947 951 956
f 937 942 948 938
f 942 941 950 948
f 949 946 953 954
f 936 938 954 953
f 938 948 949 954
f 956 951 950 945
f 951 947 946 949
f 951 949 948 950
f 952 915 905 920
f 927 916 915 952
f 946 927 952 953
f 985 981 982
f 1008 1005 1006
f 1008 1006 1004
f 1002 1001 1008 1004
f 999 1000 1001 998
f 978 987 1008 1000
f 987 984 1005 1008
f 984 987 983
f 1001 1000 1008
f 983 987 979
f 983 979 981 985
f 976 980 979
f 979 971 981
f 979 980 970 971
f 978 1000 999 977
f 972 971 970
f 977 999 998 976
f 978 977 979 987
f 982 981 971 972
f 977 976 979
f 980 976 975 966
f 972 969 973 982
f 972 970 969
f 966 969 970 980
f 967 968 973 969
f 964 967 969 966
f 986 982 973
f 965 966 975 974
f 984 983 986
f 986 983 985
f 986 985 982
f 963 964 966 965
f 963 988 989 964
f 988 990 991 989
f 992 967 964 989
f 993 968 967 992
f 994 992 989 991
f 968 993 995 973
f 995 993 992 994
f 996 974 975 997
f 997 975 976 998
f 990 996 997 991
f 962 959 974 996
f 990 961 962 996
f 1003 994 991 997
f 1001 1002 997 998
f 1003 997 1002
f 1003 1002 1004
f 988 960 961 990
f 1007 986 973 995
f 958 959 962 961
f 1005 984 986 1007
f 994 1003 1006 995
f 1007 995 1006
f 1006 1003 1004
f 965 974 959 958
f 957 958 961 960
f 1007 1006 1005
f 963 965 958 957
f 963 957 960 988
f 1017 1010 1011 1016
f 1016 1011 1019 1020
f 1009 1030 1012 1010
f 1019 1011 1013 1021
f 1011 1010 1012 1013
f 1014 1009 1010 1017
f 1015 1014 1017 1018
f 1018 1017 1016 1023
f 1034 1030 1009 1014
f 1035 1034 1014 1015
f 1020 1019 1021 1022
f 1023 1016 1020 1024
f 1024 1020 1022 1028
f 1044 1018 1023 1025
f 1025 1023 1024 1026
f 1026 1024 1028 1029
f 1025 1026 1029 1027
f 1013 1012 1033 1032
f 1031 1033 1012 1030
f 1036 1031 1030 1034
f 1034 1035 1037 1036
f 1021 1013 1032 1038
f 1022 1021 1038 1039
f 1028 1022 1039 1040
f 1039 1038 1053 1055
f 1040 1039 1055 1060
f 1042 1048 1045 1027
f 1029 1028 1040 1041
f 1042 1027 1029 1041
f 1041 1040 1060 1061
f 1042 1041 1061 1062
f 1043 1015 1018 1044
f 1046 1035 1015 1043
f 1045 1046 1043 1044
f 1044 1025 1027 1045
f 1047 1037 1035 1046
f 1048 1047 1046 1045
f 1033 1031 1050 1049
f 1032 1033 1049 1054
f 1064 1071 1054 1049
f 1049 1050 1063 1064
f 1051 1050 1031 1036
f 1036 1037 1052 1051
f 1038 1032 1054 1053
f 1053 1054 1071 1056
f 1055 1053 1056 1057
f 1060 1055 1057 1058
f 1048 1042 1062 1059
f 1061 1060 1058 1087
f 1062 1061 1087 1079
f 1059 1062 1079 1078
f 1063 1066 1065 1064
f 1069 1066 1063 1067
f 1074 1065 1066 1069
f 1050 1051 1067 1063
f 1051 1052 1068 1067
f 1085 1068 1052 1084
f 1070 1069 1067 1068
f 1071 1064 1065 1072
f 1056 1071 1072 1075
f 1057 1056 1075 1076
f 1058 1057 1076 1077
f 1073 1072 1065 1074
f 1076 1075 1072 1073
f 1077 1076 1073 1082
f 1087 1058 1077 1088
f 1083 1079 1087 1088
f 1080 1074 1069 1070
f 1082 1073 1074 1080
f 1085 1078 1081 1086
f 1086 1070 1068 1085
f 1081 1080 1070 1086
f 1082 1083 1088 1077
f 1078 1079 1083 1081
f 1080 1081 1083 1082
f 1037 1047 1084 1052
f 1047 1048 1059 1084
f 1084 1059 1078 1085
f 1114 1113 1117
f 1138 1137 1140
f 1136 1138 1140
f 1140 1133 1134 1136
f 1133 1132 1131 1130
f 1140 1119 1110 1132
f 1137 1116 1119 1140
f 1115 1119 1116
f 1140 1132 1133
f 1111 1119 1115
f 1113 1111 1115 1117
f 1111 1112 1108
f 1113 1103 1111
f 1102 1112 1111 1103
f 1131 1132 1110 1109
f 1102 1103 1104
f 1130 1131 1109 1108
f 1111 1109 1110 1119
f 1103 1113 1114 1104
f 1111 1108 1109
f 1107 1108 1112 1098
f 1105 1101 1104 1114
f 1101 1102 1104
f 1102 1101 1098 1112
f 1105 1100 1099 1101
f 1101 1099 1096 1098
f 1105 1114 1118
f 1107 1098 1097 1106
f 1118 1115 1116
f 1117 1115 1118
f 1114 1117 1118
f 1098 1096 1095 1097
f 1121 1120 1095 1096
f 1123 1122 1120 1121
f 1096 1099 1124 1121
f 1099 1100 1125 1124
f 1121 1124 1126 1123
f 1127 1125 1100 1105
f 1124 1125 1127 1126
f 1107 1106 1128 1129
f 1108 1107 1129 1130
f 1129 1128 1122 1123
f 1106 1091 1094 1128
f 1094 1093 1122 1128
f 1123 1126 1135 1129
f 1129 1134 1133 1130
f 1134 1129 1135
f 1136 1134 1135
f 1093 1092 1120 1122
f 1105 1118 1139 1127
f 1094 1091 1090 1093
f 1118 1116 1137 1139
f 1138 1135 1126 1127
f 1138 1127 1139
f 1136 1135 1138
f 1091 1106 1097 1090
f 1093 1090 1089 1092
f 1137 1138 1139
f 1090 1097 1095 1089
f 1092 1089 1095 1120
o Tube
usemtl Tube
v -0.03270838 18.53890419 -2.55474544 0.999999940 0.999999940 0.999999940
v -1.00688612 18.53885650 -2.05778313 0.999999940 0.999999940 0.999999940
v -0.98764342 18.53770446 -1.09218919 0.999999940 0.999999940 0.999999940
v 0.005777047 18.53660583 -0.62355763 0.999999940 0.999999940 0.999999940
v 0.979955136 18.53665351 -1.12052 0.999999940 0.999999940 0.999999940
v 0.960712850 18.53780174 -2.08611369 0.999999940 0.999999940 0.999999940
v -0.03300432 18.00310707 -2.55520296 0.999999940 0.999999940 0.999999940
v -1.00718248 18.00305748 -2.05824041 0.999999940 0.999999940 0.999999940
v -0.98793983 18.00190734 -1.09264636 0.999999940 0.999999940 0.999999940
v 0.005481134 18.00080490 -0.62401485 0.999999940 0.999999940 0.999999940
v 0.979659676 18.00085067 -1.1209774 0.999999940 0.999999940 0.999999940
v 0.960416495 18.00200462 -2.08657098 0.999999940 0.999999940 0.999999940
v -0.03359228 16.93869209 -2.55611134 0.999999940 0.999999940 0.999999940
v -1.00777078 16.93864440 -2.05914879 0.999999940 0.999999940 0.999999940
v -0.98852825 16.93749237 -1.09355497 0.999999940 0.999999940 0.999999940
v 0.004892901 16.93638801 -0.62492341 0.999999940 0.999999940 0.999999940
v 0.979071140 16.93643951 -1.1218859 0.999999940 0.999999940 0.999999940
v 0.959828376 16.93758964 -2.08747983 0.999999940 0.999999940 0.999999940
v -0.03447826 15.33628749 -2.55747914 0.999999940 0.999999940 0.999999940
v -1.00865638 15.33623695 -2.0605166 0.999999940 0.999999940 0.999999940
v -0.98941374 15.33508396 -1.09492266 0.999999940 0.999999940 0.999999940
v 0.004007168 15.33398246 -0.62629104 0.999999940 0.999999940 0.999999940
v 0.978185355 15.33403110 -1.12325358 0.999999940 0.999999940 0.999999940
v 0.958942890 15.33518314 -2.08884764 0.999999940 0.999999940 0.999999940
v -0.035363 13.73508644 -2.55884576 0.999999940 0.999999940 0.999999940
v -1.00954127 13.73503780 -2.06188345 0.999999940 0.999999940 0.999999940
v -0.99029869 13.73388767 -1.0962894 0.999999940 0.999999940 0.999999940
v 0.003122199 13.73278522 -0.62765783 0.999999940 0.999999940 0.999999940
v 0.977300584 13.73283386 -1.12462032 0.999999940 0.999999940 0.999999940
v 0.958058059 13.73398494 -2.09021425 0.999999940 0.999999940 0.999999940
v -0.03624829 12.13341999 -2.56021285 0.999999940 0.999999940 0.999999940
v -1.01042676 12.13337326 -2.06325054 0.999999940 0.999999940 0.999999940
v -0.99118376 12.13222217 -1.09765637 0.999999940 0.999999940 0.999999940
v 0.002237171 12.13111877 -0.6290248 0.999999940 0.999999940 0.999999940
v 0.976415097 12.13116836 -1.12598729 0.999999940 0.999999940 0.999999940
v 0.957172572 12.13231945 -2.09158111 0.999999940 0.999999940 0.999999940
v -0.03698274 10.80442142 -2.56134725 0.999999940 0.999999940 0.999999940
v -1.01116097 10.80437183 -2.06438494 0.999999940 0.999999940 0.999999940
v -0.99191844 10.80322170 -1.09879076 0.999999940 0.999999940 0.999999940
v 0.001502482 10.80211925 -0.6301592 0.999999940 0.999999940 0.999999940
v 0.975681066 10.80216693 -1.12712157 0.999999940 0.999999940 0.999999940
v 0.956438064 10.80331897 -2.09271526 0.999999940 0.999999940 0.999999940
v -0.03801855 8.930498123 -2.56294656 0.999999940 0.999999940 0.999999940
v -1.01219678 8.930451393 -2.06598401 0.999999940 0.999999940 0.999999940
v -0.99295425 8.929298400 -1.1003902 0.999999940 0.999999940 0.999999940
v 0.000466623 8.928195953 -0.63175851 0.999999940 0.999999940 0.999999940
v 0.974644899 8.928246498 -1.128721 0.999999940 0.999999940 0.999999940
v 0.955402314 8.929395675 -2.09431505 0.999999940 0.999999940 0.999999940
v -0.02693535 18.53856086 -2.26506734 0.999999940 0.999999940 0.999999940
v -0.70886004 18.53852844 -1.91719377 0.999999940 0.999999940 0.999999940
v -0.69539011 18.53771972 -1.24127793 0.999999940 0.999999940 0.999999940
v 0.000004504 18.53694915 -0.91323572 0.999999940 0.999999940 0.999999940
v 0.681929290 18.53698349 -1.26110947 0.999999940 0.999999940 0.999999940
v 0.668459415 18.53779029 -1.93702531 0.999999940 0.999999940 0.999999940
v -0.01346542 18.53775596 -1.5891515 0.999999940 0.999999940 0.999999940
v -0.0322457 8.930152893 -2.27326846 0.999999940 0.999999940 0.999999940
v -0.71417058 8.930118560 -1.92539477 0.999999940 0.999999940 0.999999940
v -0.7007007 8.929313659 -1.24947906 0.999999940 0.999999940 0.999999940
v -0.00530618 8.928542137 -0.92143697 0.999999940 0.999999940 0.999999940
v 0.676618695 8.928575515 -1.26931059 0.999999940 0.999999940 0.999999940
v 0.66314888 8.929382324 -1.94522631 0.999999940 0.999999940 0.999999940
v -0.01877597 8.929347991 -1.59735262 0.999999940 0.999999940 0.999999940
s 0
f 1141 1147 1148 1142
f 1142 1148 1149 1143
f 1143 1149 1150 1144
f 1144 1150 1151 1145
f 1145 1151 1152 1146
f 1146 1152 1147 1141
f 1147 1153 1154 1148
f 1148 1154 1155 1149
f 1149 1155 1156 1150
f 1150 1156 1157 1151
f 1151 1157 1158 1152
f 1152 1158 1153 1147
f 1153 1159 1160 1154
f 1154 1160 1161 1155
f 1155 1161 1162 1156
f 1156 1162 1163 1157
f 1157 1163 1164 1158
f 1158 1164 1159 1153
f 1159 1165 1166 1160
f 1160 1166 1167 1161
f 1161 1167 1168 1162
f 1162 1168 1169 1163
f 1163 1169 1170 1164
f 1164 1170 1165 1159
f 1165 1171 1172 1166
f 1166 1172 1173 1167
f 1167 1173 1174 1168
f 1168 1174 1175 1169
f 1169 1175 1176 1170
f 1170 1176 1171 1165
f 1171 1177 1178 1172
f 1172 1178 1179 1173
f 1173 1179 1180 1174
f 1174 1180 1181 1175
f 1175 1181 1182 1176
f 1176 1182 1177 1171
f 1177 1183 1184 1178
f 1178 1184 1185 1179
f 1179 1185 1186 1180
f 1180 1186 1187 1181
f 1181 1187 1188 1182
f 1182 1188 1183 1177
f 1190 1189 1141 1142
f 1191 1190 1142 1143
f 1192 1191 1143 1144
f 1193 1192 1144 1145
f 1194 1193 1145 1146
f 1189 1194 1146 1141
f 1190 1191 1195 1189
f 1192 1193 1195 1191
f 1194 1189 1195 1193
f 1183 1196 1197 1184
f 1184 1197 1198 1185
f 1185 1198 1199 1186
f 1186 1199 1200 1187
f 1187 1200 1201 1188
f 1188 1201 1196 1183
f 1202 1198 1197 1196
f 1202 1200 1199 1198
f 1202 1196 1201 1200
