# Exported from Nomad Sculpt
o Default_1
usemtl CBMaterial
v -5.89290333 -30.4128113 -2.37350178 0.999999940 0.999999940 0.999999940
v 8.170238494 -11.5675774 2.592625379 0.999999940 0.999999940 0.999999940
v 7.279760360 -6.08637905 2.165614128 0.999999940 0.999999940 0.999999940
v -6.41273546 -29.8940201 -2.48626328 0.999999940 0.999999940 0.999999940
v 6.684688091 -0.47769436 2.153857469 0.999999940 0.999999940 0.999999940
v -7.05568552 -29.6615868 -2.04399157 0.999999940 0.999999940 0.999999940
v 8.617959022 4.090681076 2.084344387 0.999999940 0.999999940 0.999999940
v -5.35116196 -30.9864426 -1.82993722 0.999999940 0.999999940 0.999999940
v -7.32408571 -29.7273006 -0.82173002 0.999999940 0.999999940 0.999999940
v 10.07777977 7.179510116 1.615068197 0.999999940 0.999999940 0.999999940
v 3.519727230 12.00469684 3.240616798 0.999999940 0.999999940 0.999999940
v 3.140688657 -0.95677596 3.500270128 0.999999940 0.999999940 0.999999940
v -6.50509596 -30.0282936 -0.47285286 0.999999940 0.999999940 0.999999940
v 3.494565725 14.04211521 3.318453788 0.999999940 0.999999940 0.999999940
v 4.570540905 15.15653896 -1.99825621 0.999999940 0.999999940 0.999999940
v 5.259929657 13.38140392 -1.77312636 0.999999940 0.999999940 0.999999940
v 5.807723045 8.312319755 3.038947105 0.999999940 0.999999940 0.999999940
v 4.466460704 4.372111320 3.549131393 0.999999940 0.999999940 0.999999940
v 7.647589683 12.04457569 1.454880714 0.999999940 0.999999940 0.999999940
v 11.67885971 10.66675472 0.168910980 0.999999940 0.999999940 0.999999940
v 11.06443977 6.722376823 1.314749121 0.999999940 0.999999940 0.999999940
v 12.11984920 10.38811588 0.177496969 0.999999940 0.999999940 0.999999940
v 1.550533294 -11.3126221 4.900671482 0.999999940 0.999999940 0.999999940
v 2.382807016 -6.13353729 4.161679744 0.999999940 0.999999940 0.999999940
v -6.6511817 -38.1427574 -1.88846171 0.999999940 0.999999940 0.999999940
v 2.716909647 11.57189655 1.154330849 0.999999940 0.999999940 0.999999940
v -7.04898643 -38.602272 -1.15055001 0.999999940 0.999999940 0.999999940
v 0.961643695 12.45891857 -1.11807942 0.999999940 0.999999940 0.999999940
v 8.122932434 12.35522747 -1.64426827 0.999999940 0.999999940 0.999999940
v -7.80419636 -39.0042381 -0.8649193 0.999999940 0.999999940 0.999999940
v 2.841841936 13.09300899 -5.5681982 0.999999940 0.999999940 0.999999940
v 6.681570053 12.22469234 -4.7701335 0.999999940 0.999999940 0.999999940
v 0.956845343 12.63668537 -2.10052562 0.999999940 0.999999940 0.999999940
v 3.027114868 12.57089519 -2.08864999 0.999999940 0.999999940 0.999999940
v -8.5769701 -38.9101944 -1.04490793 0.999999940 0.999999940 0.999999940
v -8.94279003 -38.6479378 -1.47934151 0.999999940 0.999999940 0.999999940
v 0.989683687 15.58871173 -1.11477804 0.999999940 0.999999940 0.999999940
v 1.006162524 15.41993618 -2.06169796 0.999999940 0.999999940 0.999999940
v -8.59454536 -38.5893288 -2.45879316 0.999999940 0.999999940 0.999999940
v -7.90373325 -38.3230133 -2.70778036 0.999999940 0.999999940 0.999999940
v 11.51497077 10.5815382 -3.43906546 0.999999940 0.999999940 0.999999940
v 11.88362693 10.98336696 -1.55134296 0.999999940 0.999999940 0.999999940
v 12.37276458 10.59085750 -1.53719163 0.999999940 0.999999940 0.999999940
v 11.91997051 10.06609630 -3.42863846 0.999999940 0.999999940 0.999999940
v 11.72785377 5.138755321 1.540213227 0.999999940 0.999999940 0.999999940
v 13.45171642 8.071310043 0.172742843 0.999999940 0.999999940 0.999999940
v 14.01138496 8.504214286 -1.73044229 0.999999940 0.999999940 0.999999940
v 13.32499313 8.003055572 -3.75715256 0.999999940 0.999999940 0.999999940
v 9.950284957 4.844211101 1.426155090 0.999999940 0.999999940 0.999999940
v 9.322751045 1.391537666 -0.29251742 0.999999940 0.999999940 0.999999940
v 9.203324317 2.883456230 -1.58273792 0.999999940 0.999999940 0.999999940
v 9.746677398 -5.78992414 -0.3867467 0.999999940 0.999999940 0.999999940
v 10.22516059 -11.2748613 0.009340763 0.999999940 0.999999940 0.999999940
v 10.52315712 8.073735237 -4.65300989 0.999999940 0.999999940 0.999999940
v 9.641718864 8.911581993 -4.59610367 0.999999940 0.999999940 0.999999940
v 9.026980400 4.861073494 -4.40410614 0.999999940 0.999999940 0.999999940
v 7.685355663 4.968695640 -5.3828845 0.999999940 0.999999940 0.999999940
v 3.781532049 9.5875597 -6.79806805 0.999999940 0.999999940 0.999999940
v 2.367862939 11.97439098 -5.91327238 0.999999940 0.999999940 0.999999940
v -7.15004444 -38.112587 -2.4775393 0.999999940 0.999999940 0.999999940
v -5.34087849 -28.1009216 -2.1932621 0.999999940 0.999999940 0.999999940
v -6.02807951 -27.5257511 -2.22942519 0.999999940 0.999999940 0.999999940
v 3.412639141 5.036026954 -7.53017187 0.999999940 0.999999940 0.999999940
v 8.712843895 -11.370038 -6.17922401 0.999999940 0.999999940 0.999999940
v 3.744198083 -11.3980284 -8.32213783 0.999999940 0.999999940 0.999999940
v -6.66194248 -28.0181446 -1.9813379 0.999999940 0.999999940 0.999999940
v 8.092140197 -5.07341862 -5.44640207 0.999999940 0.999999940 0.999999940
v 3.549852848 -5.41939402 -7.74685049 0.999999940 0.999999940 0.999999940
v -7.32596397 -29.0448017 -1.23716593 0.999999940 0.999999940 0.999999940
v -6.68414211 -27.2722836 -0.95613295 0.999999940 0.999999940 0.999999940
v 3.444129705 -0.41126823 -7.37687731 0.999999940 0.999999940 0.999999940
v 7.934537887 -0.268085 -5.4372015 0.999999940 0.999999940 0.999999940
v 8.935972213 1.408821106 -3.09042025 0.999999940 0.999999940 0.999999940
v 9.320737838 -0.44629574 -1.70311213 0.999999940 0.999999940 0.999999940
v 9.108683586 -5.40263891 -3.93317413 0.999999940 0.999999940 0.999999940
v 10.51134300 -11.350481 -4.28876352 0.999999940 0.999999940 0.999999940
v 9.514440536 -5.54048061 -2.0150013 0.999999940 0.999999940 0.999999940
v 10.47164440 -11.3072729 -2.24168205 0.999999940 0.999999940 0.999999940
v 9.566446304 1.905710220 -1.66956568 0.999999940 0.999999940 0.999999940
v 10.97727966 -1.50434828 -1.73447061 0.999999940 0.999999940 0.999999940
v 13.78023624 0.116956710 1.916437029 0.999999940 0.999999940 0.999999940
v 11.22308349 5.776349067 -4.85910702 0.999999940 0.999999940 0.999999940
v 16.61495590 2.036485433 1.004728078 0.999999940 0.999999940 0.999999940
v 17.64921188 2.874519825 -1.76737475 0.999999940 0.999999940 0.999999940
v 16.87669563 2.254287004 -4.66628122 0.999999940 0.999999940 0.999999940
v 13.20380878 -0.31456184 -5.51235676 0.999999940 0.999999940 0.999999940
v 17.62809371 0.243093296 -5.02460051 0.999999940 0.999999940 0.999999940
v 18.65260314 1.220386862 -1.78304517 0.999999940 0.999999940 0.999999940
v 21.28254890 -5.48103428 -5.49089241 0.999999940 0.999999940 0.999999940
v 22.48177337 -4.52666569 -1.72710216 0.999999940 0.999999940 0.999999940
v 17.61254310 0.466632425 1.186501860 0.999999940 0.999999940 0.999999940
v 21.25821304 -6.01237869 1.876751661 0.999999940 0.999999940 0.999999940
v 14.49762058 -1.63662815 2.022000312 0.999999940 0.999999940 0.999999940
v 17.96492958 -9.17913532 2.193212032 0.999999940 0.999999940 0.999999940
v 11.89483165 -3.45895433 -1.57681155 0.999999940 0.999999940 0.999999940
v 15.53225898 -10.847146 -1.2212286 0.999999940 0.999999940 0.999999940
v 13.93669796 -1.87703562 -5.6421442 0.999999940 0.999999940 0.999999940
v 17.02092170 -8.85811901 -5.46552801 0.999999940 0.999999940 0.999999940
v 17.95437812 -5.55877542 -1.9248327 0.999999940 0.999999940 0.999999940
v 17.49395942 -6.04794788 -2.4792583 0.999999940 0.999999940 0.999999940
v 17.71239280 -5.91797352 -1.04308414 0.999999940 0.999999940 0.999999940
v 17.26917076 -6.78532457 -0.7358433 0.999999940 0.999999940 0.999999940
v 16.79621696 -6.9223938 -2.43809485 0.999999940 0.999999940 0.999999940
v 16.69515419 -7.46693134 -1.33105755 0.999999940 0.999999940 0.999999940
v 18.49284172 -9.19514656 -0.72438514 0.999999940 0.999999940 0.999999940
v 19.16462516 -8.73628902 -1.15557623 0.999999940 0.999999940 0.999999940
v 17.62421608 -9.65510941 -1.36891794 0.999999940 0.999999940 0.999999940
v 17.87066841 -9.39243221 -2.28330326 0.999999940 0.999999940 0.999999940
v 18.69941711 -8.98690033 -2.56982303 0.999999940 0.999999940 0.999999940
v 19.31699562 -8.59219837 -2.02453804 0.999999940 0.999999940 0.999999940
v 19.11051559 -10.4316511 -0.8140927 0.999999940 0.999999940 0.999999940
v 19.94335746 -10.0560036 -1.23482227 0.999999940 0.999999940 0.999999940
v 20.04953002 -10.11063 -2.08022213 0.999999940 0.999999940 0.999999940
v 19.28997612 -10.4985361 -2.55465508 0.999999940 0.999999940 0.999999940
v 18.44003677 -10.9428978 -2.20723104 0.999999940 0.999999940 0.999999940
v 18.33251190 -11.0897255 -1.33951962 0.999999940 0.999999940 0.999999940
v 22.06455612 -11.7763281 0.110315285 0.999999940 0.999999940 0.999999940
v 19.42471313 -15.7798195 -0.57830703 0.999999940 0.999999940 0.999999940
v 17.79592323 -12.0570421 -0.96265799 0.999999940 0.999999940 0.999999940
v 21.40043258 -10.2277832 -0.90744865 0.999999940 0.999999940 0.999999940
v 22.80902290 -12.8853426 0.005979660 0.999999940 0.999999940 0.999999940
v 19.57870483 -16.3210964 -0.70157325 0.999999940 0.999999940 0.999999940
v 20.47727012 -17.913723 -1.08920801 0.999999940 0.999999940 0.999999940
v 24.49194908 -15.3674974 -0.69362116 0.999999940 0.999999940 0.999999940
v 25.10108947 -16.4669132 -0.60768956 0.999999940 0.999999940 0.999999940
v 21.00198364 -18.7469425 -0.85519636 0.999999940 0.999999940 0.999999940
v 23.77118110 -13.1666117 -1.02656841 0.999999940 0.999999940 0.999999940
v 23.49828720 -12.0212069 -0.71989918 0.999999940 0.999999940 0.999999940
v 21.43042564 -10.4442453 -2.81611562 0.999999940 0.999999940 0.999999940
v 19.37711906 -10.7974558 -2.87007451 0.999999940 0.999999940 0.999999940
v 21.74123191 -14.764327 -2.87159133 0.999999940 0.999999940 0.999999940
v 23.55535888 -12.104044 -2.59730101 0.999999940 0.999999940 0.999999940
v 19.50796699 -15.5667124 -2.53132081 0.999999940 0.999999940 0.999999940
v 17.76574325 -11.9124889 -2.43024564 0.999999940 0.999999940 0.999999940
v 25.63522529 -12.2942524 -2.03377533 0.999999940 0.999999940 0.999999940
v 19.32621383 -10.817359 -0.7467379 0.999999940 0.999999940 0.999999940
v 21.31389236 -14.4168797 -0.60173488 0.999999940 0.999999940 0.999999940
v 21.57233810 -14.9473019 -0.60652852 0.999999940 0.999999940 0.999999940
v 22.65941238 -16.8233624 -0.73446107 0.999999940 0.999999940 0.999999940
v 23.39800071 -18.2960396 -0.52753097 0.999999940 0.999999940 0.999999940
v 23.62420845 -13.3387489 -2.47228718 0.999999940 0.999999940 0.999999940
v 23.54090118 -13.4996262 -2.5891602 0.999999940 0.999999940 0.999999940
v 25.68063545 -13.4564857 -2.12740016 0.999999940 0.999999940 0.999999940
v 25.64381599 -13.503809 -0.92775404 0.999999940 0.999999940 0.999999940
v 25.54142761 -12.3173199 -0.91107357 0.999999940 0.999999940 0.999999940
v 22.42131042 -11.4487658 -2.71981335 0.999999940 0.999999940 0.999999940
v 23.39310836 -13.6794891 -0.37662616 0.999999940 0.999999940 0.999999940
v 23.90571212 -13.9956779 -2.47990799 0.999999940 0.999999940 0.999999940
v 18.50302696 -14.1692762 -0.95648092 0.999999940 0.999999940 0.999999940
v 18.42023086 -13.8415422 -2.44242215 0.999999940 0.999999940 0.999999940
v 20.82670021 -13.5811129 -3.04978728 0.999999940 0.999999940 0.999999940
v 20.55280113 -13.2094698 -0.68949342 0.999999940 0.999999940 0.999999940
v 25.10730552 -16.9076824 -1.85135937 0.999999940 0.999999940 0.999999940
v 24.57463264 -15.6400537 -2.05932403 0.999999940 0.999999940 0.999999940
v 23.62944221 -18.5246525 -1.72511065 0.999999940 0.999999940 0.999999940
v 22.64947509 -16.9113522 -2.18790269 0.999999940 0.999999940 0.999999940
v 22.01245498 -15.3138475 -2.80913997 0.999999940 0.999999940 0.999999940
v 21.32988929 -18.9261532 -1.98061645 0.999999940 0.999999940 0.999999940
v 20.45782852 -17.4390965 -2.27884245 0.999999940 0.999999940 0.999999940
v 19.83117866 -16.177412 -2.562814 0.999999940 0.999999940 0.999999940
v -4.80646563 -27.388607 -1.57019889 0.999999940 0.999999940 0.999999940
v 1.008054375 15.85137462 -2.06024361 0.999999940 0.999999940 0.999999940
v 0.974335014 15.96255779 -1.12057567 0.999999940 0.999999940 0.999999940
v -5.33773994 -28.2366829 -0.97566712 0.999999940 0.999999940 0.999999940
v 1.380962014 17.84283065 -2.26148295 0.999999940 0.999999940 0.999999940
v -5.85152435 -27.201685 -0.61545062 0.999999940 0.999999940 0.999999940
v 1.060281515 16.86820220 -0.9732275 0.999999940 0.999999940 0.999999940
v -4.61478853 -26.927578 -1.52991974 0.999999940 0.999999940 0.999999940
v -4.99699163 -27.0466061 -0.7653842 0.999999940 0.999999940 0.999999940
v 4.771517276 19.54887008 -6.86500788 0.999999940 0.999999940 0.999999940
v -5.7693944 -26.8918858 -0.60557193 0.999999940 0.999999940 0.999999940
v 3.86790061 16.09722137 0.124571323 0.999999940 0.999999940 0.999999940
v 4.02054739 17.20174789 2.429827690 0.999999940 0.999999940 0.999999940
v -6.68617964 -26.8328857 -0.99608153 0.999999940 0.999999940 0.999999940
v -6.85539103 -26.8130226 -1.36856651 0.999999940 0.999999940 0.999999940
v 5.416480541 22.87357139 -6.35570335 0.999999940 0.999999940 0.999999940
v -6.53200579 -26.7190819 -2.00827765 0.999999940 0.999999940 0.999999940
v 5.379319667 26.08461570 -5.87584257 0.999999940 0.999999940 0.999999940
v -5.94697189 -26.8416595 -2.49238706 0.999999940 0.999999940 0.999999940
v 2.733040809 29.72146225 -2.80576372 0.999999940 0.999999940 0.999999940
v 5.501758098 24.88098144 2.300045728 0.999999940 0.999999940 0.999999940
v 5.537435531 24.35605239 2.545736312 0.999999940 0.999999940 0.999999940
v 5.337273120 24.41351318 6.519785881 0.999999940 0.999999940 0.999999940
v 5.382318973 24.91879272 6.45611763 0.999999940 0.999999940 0.999999940
v 3.060915470 25.47136306 8.878326416 0.999999940 0.999999940 0.999999940
v 3.054625749 24.94966125 8.869670867 0.999999940 0.999999940 0.999999940
v -4.97417593 -26.8222103 -2.20451856 0.999999940 0.999999940 0.999999940
v -11.3020382 -41.8744278 1.568614721 0.999999940 0.999999940 0.999999940
v 2.404729604 29.42584991 1.612515091 0.999999940 0.999999940 0.999999940
v 5.315539836 24.05863380 1.225560903 0.999999940 0.999999940 0.999999940
v -12.141489 -42.1796684 3.419301509 0.999999940 0.999999940 0.999999940
v -12.439682 -42.4284134 5.382813930 0.999999940 0.999999940 0.999999940
v 4.559126853 28.37942123 -4.41569853 0.999999940 0.999999940 0.999999940
v 4.365886688 29.00274658 0.797094464 0.999999940 0.999999940 0.999999940
v -6.99208641 -42.4270248 3.572660684 0.999999940 0.999999940 0.999999940
v 5.287239074 22.75898742 -6.42041349 0.999999940 0.999999940 0.999999940
v 2.875081062 25.32262420 3.111968994 0.999999940 0.999999940 0.999999940
v -7.51936722 -42.4442139 5.552968978 0.999999940 0.999999940 0.999999940
v -8.39208984 -42.7501411 7.527477741 0.999999940 0.999999940 0.999999940
v -9.68605042 -42.4423866 7.309875488 0.999999940 0.999999940 0.999999940
v 1.295847535 -10.9714136 3.638101816 0.999999940 0.999999940 0.999999940
v -11.1405668 -42.2371178 6.703382015 0.999999940 0.999999940 0.999999940
v 6.751051902 -11.3892345 2.184106349 0.999999940 0.999999940 0.999999940
v 2.223771333 -16.3825703 3.227058410 0.999999940 0.999999940 0.999999940
v -9.04119778 -41.7147865 5.409608364 0.999999940 0.999999940 0.999999940
v 2.275468111 -19.3266354 2.688307285 0.999999940 0.999999940 0.999999940
v -10.4999866 -41.6304092 4.988538742 0.999999940 0.999999940 0.999999940
v 6.279997348 -17.1752377 2.268709898 0.999999940 0.999999940 0.999999940
v 7.865745067 -10.8712502 -0.48020938 0.999999940 0.999999940 0.999999940
v 7.844225406 -10.972331 -2.35633349 0.999999940 0.999999940 0.999999940
v 7.905897140 -11.0834589 -3.63669634 0.999999940 0.999999940 0.999999940
v 7.126339912 -11.211338 -5.02007294 0.999999940 0.999999940 0.999999940
v 3.568691492 -11.265214 -7.05013895 0.999999940 0.999999940 0.999999940
v -8.92375183 -41.3625526 4.460134506 0.999999940 0.999999940 0.999999940
v 6.490696907 -20.4377041 2.589404344 0.999999940 0.999999940 0.999999940
v 2.506983757 -23.5449448 2.078614711 0.999999940 0.999999940 0.999999940
v 12.40648937 -29.228199 -1.40954614 0.999999940 0.999999940 0.999999940
v 6.965209960 -23.3708687 2.645473003 0.999999940 0.999999940 0.999999940
v 8.380825996 -30.493 2.840737342 0.999999940 0.999999940 0.999999940
v 4.087645530 -31.8253803 1.290264725 0.999999940 0.999999940 0.999999940
v 9.614954948 -20.7076836 0.701617777 0.999999940 0.999999940 0.999999940
v 10.11005115 -23.1891861 0.805224180 0.999999940 0.999999940 0.999999940
v 9.077228546 -17.6852818 0.393493980 0.999999940 0.999999940 0.999999940
v 10.58476162 -22.5717068 -1.5343926 0.999999940 0.999999940 0.999999940
v 10.09990310 -20.3840179 -1.66571689 0.999999940 0.999999940 0.999999940
v 9.482075691 -17.7944717 -1.64330077 0.999999940 0.999999940 0.999999940
v 9.634075164 -22.9083977 -4.09455538 0.999999940 0.999999940 0.999999940
v 9.254889488 -20.609148 -4.02599144 0.999999940 0.999999940 0.999999940
v 8.727977752 -17.7076168 -3.78253889 0.999999940 0.999999940 0.999999940
v 7.380545616 -23.2483616 -5.31510067 0.999999940 0.999999940 0.999999940
v 7.197563171 -20.8623962 -5.19288826 0.999999940 0.999999940 0.999999940
v 7.096096515 -18.0135422 -5.26189518 0.999999940 0.999999940 0.999999940
v 3.334031581 -18.0505009 -6.38056326 0.999999940 0.999999940 0.999999940
v -10.207058 -41.2574959 3.973213434 0.999999940 0.999999940 0.999999940
v 2.983993291 -21.0243454 -5.51006317 0.999999940 0.999999940 0.999999940
v -8.52567005 -40.5782242 2.890316486 0.999999940 0.999999940 0.999999940
v 3.026101827 -23.2109776 -5.35376549 0.999999940 0.999999940 0.999999940
v -9.83622742 -40.4834824 2.393444538 0.999999940 0.999999940 0.999999940
v 2.182204246 -32.1670952 -1.52286649 0.999999940 0.999999940 0.999999940
v 3.864694118 -31.7359867 -4.56935692 0.999999940 0.999999940 0.999999940
v 8.139464378 -30.5614204 -5.61629009 0.999999940 0.999999940 0.999999940
v 11.98074817 -29.4570084 -4.18654108 0.999999940 0.999999940 0.999999940
v 11.62202358 -29.4654427 0.999184727 0.999999940 0.999999940 0.999999940
v 10.29820346 -43.4184113 9.773755073 0.999999940 0.999999940 0.999999940
v 12.19631576 -43.3099174 9.062268257 0.999999940 0.999999940 0.999999940
v 12.15852069 -44.9554482 8.716970443 0.999999940 0.999999940 0.999999940
v 10.22201442 -45.0381203 9.667069435 0.999999940 0.999999940 0.999999940
v 12.81623077 -43.6201706 5.651514530 0.999999940 0.999999940 0.999999940
v 12.55319595 -45.2708092 5.706445694 0.999999940 0.999999940 0.999999940
v 11.36271953 -43.864727 1.085307955 0.999999940 0.999999940 0.999999940
v 10.84267616 -45.5767365 1.130717873 0.999999940 0.999999940 0.999999940
v 10.65498733 -43.6529579 -0.54336262 0.999999940 0.999999940 0.999999940
v 10.44114399 -45.4159622 -0.61081898 0.999999940 0.999999940 0.999999940
v 10.32246494 -43.6587372 -2.64228702 0.999999940 0.999999940 0.999999940
v 10.17425632 -45.4503365 -2.46352196 0.999999940 0.999999940 0.999999940
v 9.242101669 -43.7739563 -4.59151745 0.999999940 0.999999940 0.999999940
v 9.078191757 -45.2885361 -4.39634562 0.999999940 0.999999940 0.999999940
v 7.933108329 -43.7156143 -5.20246601 0.999999940 0.999999940 0.999999940
v 7.809672832 -45.0937614 -4.98005867 0.999999940 0.999999940 0.999999940
v 6.380316734 -43.8899612 -4.49586582 0.999999940 0.999999940 0.999999940
v 6.394059658 -45.2546005 -4.35082531 0.999999940 0.999999940 0.999999940
v 12.22536373 -43.7839966 3.113726615 0.999999940 0.999999940 0.999999940
v 11.94422626 -45.5055199 2.919358491 0.999999940 0.999999940 0.999999940
v 8.172630310 -43.6329994 8.291160583 0.999999940 0.999999940 0.999999940
v 8.257989883 -45.3345032 8.271901130 0.999999940 0.999999940 0.999999940
v 7.026328086 -43.9039726 5.688234806 0.999999940 0.999999940 0.999999940
v 7.013764381 -45.4075584 5.807859420 0.999999940 0.999999940 0.999999940
v 6.770951271 -44.0165138 3.248912096 0.999999940 0.999999940 0.999999940
v 6.616711139 -45.5099602 3.343666076 0.999999940 0.999999940 0.999999940
v 6.576896190 -44.0625992 1.294624328 0.999999940 0.999999940 0.999999940
v 6.565536975 -45.5094795 1.328843712 0.999999940 0.999999940 0.999999940
v 5.834743976 -43.9025688 -1.0919131 0.999999940 0.999999940 0.999999940
v 5.877056121 -45.5509262 -1.10925996 0.999999940 0.999999940 0.999999940
v 5.51171875 -43.9146996 -3.45654964 0.999999940 0.999999940 0.999999940
v 5.523793697 -45.4544792 -3.25964069 0.999999940 0.999999940 0.999999940
v 10.69090366 -45.4680061 5.236272811 0.999999940 0.999999940 0.999999940
v 9.114167213 -45.5519371 6.313169479 0.999999940 0.999999940 0.999999940
v 9.537200927 -45.5990372 1.790430188 0.999999940 0.999999940 0.999999940
v 8.214468956 -45.6302795 2.464316844 0.999999940 0.999999940 0.999999940
v 9.111552238 -45.6289139 0.199874401 0.999999940 0.999999940 0.999999940
v 7.598523616 -45.6507759 0.949266672 0.999999940 0.999999940 0.999999940
v 7.594757080 -45.6151924 -1.8469398 0.999999940 0.999999940 0.999999940
v 8.904451370 -45.5724525 -2.20580506 0.999999940 0.999999940 0.999999940
v 9.267786026 -41.9836349 -4.41198397 0.999999940 0.999999940 0.999999940
v 10.26198005 -41.992897 -2.36076736 0.999999940 0.999999940 0.999999940
v 9.077078819 -40.097805 -3.81213856 0.999999940 0.999999940 0.999999940
v 10.29765415 -40.1162376 -1.69107413 0.999999940 0.999999940 0.999999940
v 10.00070953 -39.7161713 0.582170665 0.999999940 0.999999940 0.999999940
v 10.65740394 -41.1937561 0.070836260 0.999999940 0.999999940 0.999999940
v 8.871344566 -40.4928017 -2.81426406 0.999999940 0.999999940 0.999999940
v 9.221357345 -40.9838676 -1.59067762 0.999999940 0.999999940 0.999999940
v 8.111883163 -40.129261 -4.23409367 0.999999940 0.999999940 0.999999940
v 7.979990959 -42.0047646 -5.02232027 0.999999940 0.999999940 0.999999940
v 7.009420871 -40.1344948 -3.917732 0.999999940 0.999999940 0.999999940
v 6.641390800 -42.0640068 -4.31920528 0.999999940 0.999999940 0.999999940
v 8.062558174 -40.542675 -3.02364087 0.999999940 0.999999940 0.999999940
v 7.404421329 -40.5048103 -2.93908405 0.999999940 0.999999940 0.999999940
v 8.822617530 -40.9802246 -0.73639065 0.999999940 0.999999940 0.999999940
v 8.025898933 -40.8798141 -0.42067477 0.999999940 0.999999940 0.999999940
v 7.743358135 -39.8562584 1.274370551 0.999999940 0.999999940 0.999999940
v 6.095681190 -42.3241806 -0.97831279 0.999999940 0.999999940 0.999999940
v 6.735228538 -40.4706001 -0.46912968 0.999999940 0.999999940 0.999999940
v 5.657429695 -42.172657 -3.17772651 0.999999940 0.999999940 0.999999940
v 6.335709571 -40.207798 -2.92757273 0.999999940 0.999999940 0.999999940
v 6.935341358 -40.5808182 -2.23228264 0.999999940 0.999999940 0.999999940
v 7.055947780 -40.7164383 -1.07908559 0.999999940 0.999999940 0.999999940
v 6.781603336 -41.9784584 1.056345343 0.999999940 0.999999940 0.999999940
v 9.836236953 -40.4834824 2.393444538 0.999999940 0.999999940 0.999999940
v 8.525679588 -40.5782242 2.890315771 0.999999940 0.999999940 0.999999940
v 10.20706749 -41.2574959 3.973212003 0.999999940 0.999999940 0.999999940
v 8.923760414 -41.3625526 4.460134506 0.999999940 0.999999940 0.999999940
v 10.49999618 -41.6304092 4.988538742 0.999999940 0.999999940 0.999999940
v 9.041207313 -41.7147865 5.409608364 0.999999940 0.999999940 0.999999940
v 11.14057636 -42.2371178 6.703382015 0.999999940 0.999999940 0.999999940
v 9.686059951 -42.4423866 7.309874534 0.999999940 0.999999940 0.999999940
v 8.392099380 -42.7501411 7.527477741 0.999999940 0.999999940 0.999999940
v 7.519375801 -42.4442139 5.552968978 0.999999940 0.999999940 0.999999940
v 6.992095947 -42.4270248 3.572659730 0.999999940 0.999999940 0.999999940
v 12.43969154 -42.4284134 5.382813930 0.999999940 0.999999940 0.999999940
v 12.14149856 -42.1796684 3.419301509 0.999999940 0.999999940 0.999999940
v 11.30204677 -41.8744278 1.568614721 0.999999940 0.999999940 0.999999940
v 4.974185943 -26.8222084 -2.20451808 0.999999940 0.999999940 0.999999940
v 5.946980953 -26.8416595 -2.49238682 0.999999940 0.999999940 0.999999940
v 6.532015800 -26.7190838 -2.00827765 0.999999940 0.999999940 0.999999940
v 6.855401039 -26.8130226 -1.36856627 0.999999940 0.999999940 0.999999940
v 6.686189651 -26.8328876 -0.99608141 0.999999940 0.999999940 0.999999940
v 5.769403934 -26.8918858 -0.60557175 0.999999940 0.999999940 0.999999940
v 4.997000694 -27.0466042 -0.76538414 0.999999940 0.999999940 0.999999940
v 4.614797115 -26.927578 -1.52991962 0.999999940 0.999999940 0.999999940
v 5.851533412 -27.201683 -0.61545044 0.999999940 0.999999940 0.999999940
v 5.337749481 -28.2366867 -0.97566712 0.999999940 0.999999940 0.999999940
v 4.806474208 -27.3886051 -1.57019866 0.999999940 0.999999940 0.999999940
v 6.684152126 -27.2722874 -0.95613289 0.999999940 0.999999940 0.999999940
v 7.325975418 -29.044796 -1.23716259 0.999999940 0.999999940 0.999999940
v 6.661952495 -28.0181484 -1.98133779 0.999999940 0.999999940 0.999999940
v 6.028089046 -27.525753 -2.22942519 0.999999940 0.999999940 0.999999940
v 5.340888023 -28.1009216 -2.1932621 0.999999940 0.999999940 0.999999940
v 7.150053978 -38.112587 -2.4775393 0.999999940 0.999999940 0.999999940
v 7.903742790 -38.3230133 -2.70778036 0.999999940 0.999999940 0.999999940
v 8.594554901 -38.5893288 -2.45879316 0.999999940 0.999999940 0.999999940
v 8.942799568 -38.6479378 -1.47934163 0.999999940 0.999999940 0.999999940
v 8.576979637 -38.9101944 -1.04490817 0.999999940 0.999999940 0.999999940
v 7.804205894 -39.0042381 -0.8649193 0.999999940 0.999999940 0.999999940
v 7.048995971 -38.602272 -1.15055013 0.999999940 0.999999940 0.999999940
v 6.651191234 -38.1427574 -1.88846171 0.999999940 0.999999940 0.999999940
v 6.505101680 -30.0282974 -0.47285205 0.999999940 0.999999940 0.999999940
v 7.324090480 -29.7273026 -0.8217358 0.999999940 0.999999940 0.999999940
v 5.351171016 -30.9864445 -1.82993639 0.999999940 0.999999940 0.999999940
v 7.055698871 -29.6615849 -2.04399276 0.999999940 0.999999940 0.999999940
v 6.412746429 -29.8940201 -2.48626447 0.999999940 0.999999940 0.999999940
v 5.892914295 -30.4128132 -2.37350106 0.999999940 0.999999940 0.999999940
v 0.000004768 -11.4203091 5.004988670 0.999999940 0.999999940 0.999999940
v -8.170228 -11.5675774 2.592626094 0.999999940 0.999999940 0.999999940
v -7.27975082 -6.08637905 2.165614128 0.999999940 0.999999940 0.999999940
v 0.000004768 -6.19661045 4.276115894 0.999999940 0.999999940 0.999999940
v -6.68467855 -0.47769442 2.153857708 0.999999940 0.999999940 0.999999940
v 0.000004768 -1.00482988 3.753948688 0.999999940 0.999999940 0.999999940
v -8.61794853 4.090679645 2.084344387 0.999999940 0.999999940 0.999999940
v 0.000004768 4.276627540 3.758135318 0.999999940 0.999999940 0.999999940
v 0.000004812 9.581038475 3.390880346 0.999999940 0.999999940 0.999999940
v -10.0777702 7.179510116 1.615068197 0.999999940 0.999999940 0.999999940
v -3.51971769 12.00469684 3.240616798 0.999999940 0.999999940 0.999999940
v -3.14067912 -0.95677596 3.500270128 0.999999940 0.999999940 0.999999940
v 0.000004792 10.31039905 3.423026561 0.999999940 0.999999940 0.999999940
v -3.49455619 14.04211521 3.318453788 0.999999940 0.999999940 0.999999940
v -4.57053137 15.15653896 -1.99825621 0.999999940 0.999999940 0.999999940
v -5.25992012 13.38140392 -1.77312636 0.999999940 0.999999940 0.999999940
v -5.80771351 8.312319755 3.038947105 0.999999940 0.999999940 0.999999940
v -4.46645117 4.372111320 3.549131393 0.999999940 0.999999940 0.999999940
v -7.64758015 12.04457569 1.454880714 0.999999940 0.999999940 0.999999940
v -11.6788502 10.66675472 0.168910980 0.999999940 0.999999940 0.999999940
v -11.0644302 6.722376823 1.314749121 0.999999940 0.999999940 0.999999940
v -12.1198397 10.38811588 0.177496969 0.999999940 0.999999940 0.999999940
v -1.55052376 -11.3126221 4.900671482 0.999999940 0.999999940 0.999999940
v -2.38279748 -6.13353729 4.161679744 0.999999940 0.999999940 0.999999940
v 0.000004777 10.35677433 2.856547832 0.999999940 0.999999940 0.999999940
v -2.71690011 11.57189655 1.154330849 0.999999940 0.999999940 0.999999940
v 0.000004768 12.38124370 -0.67650425 0.999999940 0.999999940 0.999999940
v -0.96163416 12.45891857 -1.11807942 0.999999940 0.999999940 0.999999940
v -8.1229229 12.35522747 -1.64426827 0.999999940 0.999999940 0.999999940
v 0.000004768 15.15898418 -5.79653549 0.999999940 0.999999940 0.999999940
v -2.8418324 13.09300899 -5.5681982 0.999999940 0.999999940 0.999999940
v -6.68156052 12.22469234 -4.7701335 0.999999940 0.999999940 0.999999940
v -0.95683581 12.63668537 -2.10052562 0.999999940 0.999999940 0.999999940
v -3.02710533 12.57089519 -2.08864999 0.999999940 0.999999940 0.999999940
v 0.000004768 12.63930225 -2.5393939 0.999999940 0.999999940 0.999999940
v 0.000004768 12.89978504 -4.23808622 0.999999940 0.999999940 0.999999940
v -0.98967415 15.58871173 -1.11477804 0.999999940 0.999999940 0.999999940
v -1.00615299 15.41993618 -2.06169796 0.999999940 0.999999940 0.999999940
v 0.000004768 15.30566501 -2.52377224 0.999999940 0.999999940 0.999999940
v 0.000004768 15.57675266 -0.62659431 0.999999940 0.999999940 0.999999940
v -11.5149612 10.5815382 -3.43906546 0.999999940 0.999999940 0.999999940
v -11.8836174 10.98336696 -1.55134296 0.999999940 0.999999940 0.999999940
v -12.3727551 10.59085750 -1.53719163 0.999999940 0.999999940 0.999999940
v -11.919961 10.06609630 -3.42863846 0.999999940 0.999999940 0.999999940
v -11.7278452 5.138755798 1.540213346 0.999999940 0.999999940 0.999999940
v -13.4517069 8.071310043 0.172742843 0.999999940 0.999999940 0.999999940
v -14.0113754 8.504214286 -1.73044229 0.999999940 0.999999940 0.999999940
v -13.3249836 8.003055572 -3.75715256 0.999999940 0.999999940 0.999999940
v -9.95027542 4.844211101 1.426154971 0.999999940 0.999999940 0.999999940
v -9.32274151 1.391537666 -0.29251742 0.999999940 0.999999940 0.999999940
v -9.20331478 2.883456230 -1.58273792 0.999999940 0.999999940 0.999999940
v -9.74666786 -5.78992414 -0.3867467 0.999999940 0.999999940 0.999999940
v -10.2251511 -11.2748613 0.009340763 0.999999940 0.999999940 0.999999940
v -10.5231476 8.073735237 -4.65300989 0.999999940 0.999999940 0.999999940
v -9.64170933 8.911581993 -4.59610367 0.999999940 0.999999940 0.999999940
v -9.02697086 4.861073494 -4.40410614 0.999999940 0.999999940 0.999999940
v -7.68534613 4.968695640 -5.3828845 0.999999940 0.999999940 0.999999940
v -3.78152251 9.5875597 -6.79806805 0.999999940 0.999999940 0.999999940
v -2.3678534 11.97439098 -5.91327238 0.999999940 0.999999940 0.999999940
v 0.000004768 11.93786907 -6.42056656 0.999999940 0.999999940 0.999999940
v 0.000004768 9.132664680 -7.04310465 0.999999940 0.999999940 0.999999940
v 0.000004768 5.021675109 -7.96738768 0.999999940 0.999999940 0.999999940
v -3.4126296 5.036026954 -7.53017187 0.999999940 0.999999940 0.999999940
v -8.71283436 -11.370038 -6.17922401 0.999999940 0.999999940 0.999999940
v -3.74418855 -11.3980284 -8.32213783 0.999999940 0.999999940 0.999999940
v 0.000004768 -11.407073 -8.67541695 0.999999940 0.999999940 0.999999940
v -8.09213066 -5.07341862 -5.44640207 0.999999940 0.999999940 0.999999940
v -3.54984331 -5.41939402 -7.74685049 0.999999940 0.999999940 0.999999940
v 0.000004768 -5.26993465 -7.79459906 0.999999940 0.999999940 0.999999940
v 0.000004768 -0.34199047 -7.75638056 0.999999940 0.999999940 0.999999940
v -3.44412017 -0.41126823 -7.37687731 0.999999940 0.999999940 0.999999940
v -7.93452835 -0.268085 -5.4372015 0.999999940 0.999999940 0.999999940
v -8.93596268 1.408821106 -3.09042025 0.999999940 0.999999940 0.999999940
v -9.3207283 -0.44629574 -1.70311213 0.999999940 0.999999940 0.999999940
v -9.10867405 -5.40263891 -3.93317413 0.999999940 0.999999940 0.999999940
v -10.5113335 -11.350481 -4.28876352 0.999999940 0.999999940 0.999999940
v -9.514431 -5.54048061 -2.0150013 0.999999940 0.999999940 0.999999940
v -10.4716349 -11.3072729 -2.24168205 0.999999940 0.999999940 0.999999940
v -9.56643677 1.905710220 -1.66956568 0.999999940 0.999999940 0.999999940
v -10.9772701 -1.50434828 -1.73447061 0.999999940 0.999999940 0.999999940
v -13.7802267 0.116956710 1.916437029 0.999999940 0.999999940 0.999999940
v -11.223074 5.776349067 -4.85910702 0.999999940 0.999999940 0.999999940
v -16.6149483 2.036485433 1.004728078 0.999999940 0.999999940 0.999999940
v -17.6492043 2.874519825 -1.76737475 0.999999940 0.999999940 0.999999940
v -16.8766842 2.254287004 -4.66628122 0.999999940 0.999999940 0.999999940
v -13.2037992 -0.31456184 -5.51235676 0.999999940 0.999999940 0.999999940
v -17.6280823 0.243093282 -5.02460003 0.999999940 0.999999940 0.999999940
v -18.6525917 1.220386862 -1.78304517 0.999999940 0.999999940 0.999999940
v -21.2825375 -5.48103428 -5.49089241 0.999999940 0.999999940 0.999999940
v -22.4817657 -4.52666569 -1.72710216 0.999999940 0.999999940 0.999999940
v -17.6125317 0.466632455 1.186501741 0.999999940 0.999999940 0.999999940
v -21.2582054 -6.01237869 1.876751661 0.999999940 0.999999940 0.999999940
v -14.497611 -1.63662815 2.022000312 0.999999940 0.999999940 0.999999940
v -17.9649162 -9.17913532 2.193212032 0.999999940 0.999999940 0.999999940
v -11.8948221 -3.45895433 -1.57681155 0.999999940 0.999999940 0.999999940
v -15.5322495 -10.847146 -1.2212286 0.999999940 0.999999940 0.999999940
v -13.9366884 -1.87703562 -5.6421442 0.999999940 0.999999940 0.999999940
v -17.0209103 -8.85811901 -5.46552801 0.999999940 0.999999940 0.999999940
v -17.9543667 -5.55877542 -1.9248327 0.999999940 0.999999940 0.999999940
v -17.493948 -6.04794741 -2.47925854 0.999999940 0.999999940 0.999999940
v -17.7123852 -5.91797352 -1.04308414 0.999999940 0.999999940 0.999999940
v -17.2691631 -6.78532457 -0.7358433 0.999999940 0.999999940 0.999999940
v -16.7962093 -6.9223938 -2.43809485 0.999999940 0.999999940 0.999999940
v -16.6951427 -7.46693182 -1.33105767 0.999999940 0.999999940 0.999999940
v -18.4928303 -9.19514942 -0.7243849 0.999999940 0.999999940 0.999999940
v -19.1646137 -8.73628902 -1.15557623 0.999999940 0.999999940 0.999999940
v -17.6242085 -9.65510941 -1.36891794 0.999999940 0.999999940 0.999999940
v -17.8706551 -9.39243221 -2.28330302 0.999999940 0.999999940 0.999999940
v -18.6994095 -8.98690033 -2.56982303 0.999999940 0.999999940 0.999999940
v -19.3169842 -8.59219837 -2.02453852 0.999999940 0.999999940 0.999999940
v -19.110508 -10.4316511 -0.8140927 0.999999940 0.999999940 0.999999940
v -19.9433498 -10.0560036 -1.23482227 0.999999940 0.999999940 0.999999940
v -20.0495224 -10.11063 -2.08022213 0.999999940 0.999999940 0.999999940
v -19.2899685 -10.4985361 -2.55465508 0.999999940 0.999999940 0.999999940
v -18.4400272 -10.9428949 -2.20723104 0.999999940 0.999999940 0.999999940
v -18.3325005 -11.0897236 -1.33951926 0.999999940 0.999999940 0.999999940
v -22.0645485 -11.7763281 0.110315285 0.999999940 0.999999940 0.999999940
v -19.4247055 -15.7798195 -0.57830703 0.999999940 0.999999940 0.999999940
v -17.7959099 -12.0570412 -0.96265692 0.999999940 0.999999940 0.999999940
v -21.400425 -10.2277832 -0.90744865 0.999999940 0.999999940 0.999999940
v -22.8090096 -12.8853464 0.005980793 0.999999940 0.999999940 0.999999940
v -19.5786972 -16.3210964 -0.70157325 0.999999940 0.999999940 0.999999940
v -20.4772625 -17.913723 -1.08920801 0.999999940 0.999999940 0.999999940
v -24.4919376 -15.3674974 -0.69362122 0.999999940 0.999999940 0.999999940
v -25.1010818 -16.4669132 -0.60768956 0.999999940 0.999999940 0.999999940
v -21.0019741 -18.7469425 -0.85519665 0.999999940 0.999999940 0.999999940
v -23.7711735 -13.1666136 -1.02656829 0.999999940 0.999999940 0.999999940
v -23.4982796 -12.0212069 -0.71989918 0.999999940 0.999999940 0.999999940
v -21.4304142 -10.4442453 -2.81611562 0.999999940 0.999999940 0.999999940
v -19.3771076 -10.7974558 -2.87007451 0.999999940 0.999999940 0.999999940
v -21.7412224 -14.7643251 -2.87159133 0.999999940 0.999999940 0.999999940
v -23.5553474 -12.1040459 -2.59730077 0.999999940 0.999999940 0.999999940
v -19.5079556 -15.5667143 -2.53132105 0.999999940 0.999999940 0.999999940
v -17.7657356 -11.9124889 -2.43024564 0.999999940 0.999999940 0.999999940
v -25.6352177 -12.2942524 -2.03377533 0.999999940 0.999999940 0.999999940
v -19.3262062 -10.817359 -0.7467379 0.999999940 0.999999940 0.999999940
v -21.3138847 -14.4168797 -0.60173488 0.999999940 0.999999940 0.999999940
v -21.5723267 -14.9473047 -0.6065293 0.999999940 0.999999940 0.999999940
v -22.6594009 -16.8233585 -0.73446155 0.999999940 0.999999940 0.999999940
v -23.3979931 -18.2960396 -0.52753097 0.999999940 0.999999940 0.999999940
v -23.6241989 -13.3387489 -2.47228765 0.999999940 0.999999940 0.999999940
v -23.5408936 -13.4996262 -2.5891602 0.999999940 0.999999940 0.999999940
v -25.6806221 -13.4564877 -2.12739968 0.999999940 0.999999940 0.999999940
v -25.6438046 -13.5038071 -0.92775404 0.999999940 0.999999940 0.999999940
v -25.54142 -12.3173199 -0.91107357 0.999999940 0.999999940 0.999999940
v -22.4213028 -11.4487658 -2.71981335 0.999999940 0.999999940 0.999999940
v -23.3931007 -13.6794891 -0.37662616 0.999999940 0.999999940 0.999999940
v -23.9056988 -13.9956799 -2.4799068 0.999999940 0.999999940 0.999999940
v -18.5030155 -14.1692762 -0.95647705 0.999999940 0.999999940 0.999999940
v -18.4202156 -13.8415403 -2.44242358 0.999999940 0.999999940 0.999999940
v -20.8266888 -13.581111 -3.04978728 0.999999940 0.999999940 0.999999940
v -20.5527897 -13.2094707 -0.68949443 0.999999940 0.999999940 0.999999940
v -25.1072979 -16.9076824 -1.85135937 0.999999940 0.999999940 0.999999940
v -24.5746212 -15.6400557 -2.05932307 0.999999940 0.999999940 0.999999940
v -23.6294346 -18.5246525 -1.72511065 0.999999940 0.999999940 0.999999940
v -22.6494598 -16.9113503 -2.18790293 0.999999940 0.999999940 0.999999940
v -22.0124474 -15.3138475 -2.80913997 0.999999940 0.999999940 0.999999940
v -21.3298817 -18.9261532 -1.98061645 0.999999940 0.999999940 0.999999940
v -20.4578209 -17.4390965 -2.27884245 0.999999940 0.999999940 0.999999940
v -19.8311672 -16.1774158 -2.56281328 0.999999940 0.999999940 0.999999940
v 0.000004768 15.84922885 -2.50536919 0.999999940 0.999999940 0.999999940
v -1.00804484 15.85137462 -2.06024361 0.999999940 0.999999940 0.999999940
v -0.97432548 15.96255779 -1.12057567 0.999999940 0.999999940 0.999999940
v 0.000004768 15.87077999 -0.64428508 0.999999940 0.999999940 0.999999940
v -1.38095248 17.84283065 -2.26148295 0.999999940 0.999999940 0.999999940
v 0.000004768 18.18768310 -2.9016695 0.999999940 0.999999940 0.999999940
v -1.06027198 16.86820220 -0.9732275 0.999999940 0.999999940 0.999999940
v 0.000004768 16.61437225 -0.63217986 0.999999940 0.999999940 0.999999940
v 0.000004768 19.61790084 -7.67951441 0.999999940 0.999999940 0.999999940
v -4.77150774 19.54887008 -6.86500788 0.999999940 0.999999940 0.999999940
v 0.000004768 16.11433029 0.115589737 0.999999940 0.999999940 0.999999940
v -3.86789107 16.09722137 0.124571323 0.999999940 0.999999940 0.999999940
v -4.02053785 17.20174789 2.429827690 0.999999940 0.999999940 0.999999940
v 0.000004768 16.13555526 4.585203170 0.999999940 0.999999940 0.999999940
v 0.000004763 22.55451202 -7.91097546 0.999999940 0.999999940 0.999999940
v -5.41647148 22.87357139 -6.35570288 0.999999940 0.999999940 0.999999940
v 0.000004768 26.21570205 -7.24947596 0.999999940 0.999999940 0.999999940
v -5.37931013 26.08461570 -5.87584257 0.999999940 0.999999940 0.999999940
v 0.000004763 29.79412460 -3.85497284 0.999999940 0.999999940 0.999999940
v -2.73303127 29.72146225 -2.80576372 0.999999940 0.999999940 0.999999940
v -5.50174856 24.88098144 2.300045728 0.999999940 0.999999940 0.999999940
v -5.53742599 24.35605239 2.545736312 0.999999940 0.999999940 0.999999940
v -5.33726358 24.41351318 6.519785881 0.999999940 0.999999940 0.999999940
v -5.38230944 24.91879272 6.45611763 0.999999940 0.999999940 0.999999940
v -3.06090593 25.47136306 8.878326416 0.999999940 0.999999940 0.999999940
v -3.05461621 24.94966125 8.869670867 0.999999940 0.999999940 0.999999940
v 0.000004768 25.79472732 9.805049896 0.999999940 0.999999940 0.999999940
v 0.000004768 25.27922821 9.718255996 0.999999940 0.999999940 0.999999940
v -2.40472007 29.42584991 1.612515091 0.999999940 0.999999940 0.999999940
v -5.31553125 24.05863380 1.225560903 0.999999940 0.999999940 0.999999940
v 0.000004768 29.83594131 2.228008985 0.999999940 0.999999940 0.999999940
v 0.000004775 28.50726318 -5.78120613 0.999999940 0.999999940 0.999999940
v -4.55911732 28.37942123 -4.41569853 0.999999940 0.999999940 0.999999940
v -4.36587715 29.00274658 0.797094464 0.999999940 0.999999940 0.999999940
v 0.000004768 25.78683471 3.977996826 0.999999940 0.999999940 0.999999940
v -5.28722858 22.75898551 -6.42041206 0.999999940 0.999999940 0.999999940
v -2.87507153 25.32262420 3.111968994 0.999999940 0.999999940 0.999999940
v 0.000004213 22.46602439 -7.77247763 0.999999940 0.999999940 0.999999940
v 0.000004768 21.37491226 4.522576332 0.999999940 0.999999940 0.999999940
v 0.000004768 25.17213821 4.144001483 0.999999940 0.999999940 0.999999940
v -1.295838 -10.9714136 3.638101816 0.999999940 0.999999940 0.999999940
v 0.000004768 -10.9615221 3.856561422 0.999999940 0.999999940 0.999999940
v -6.75104237 -11.3892345 2.184106826 0.999999940 0.999999940 0.999999940
v -2.2237618 -16.3825703 3.227058410 0.999999940 0.999999940 0.999999940
v 0.000004841 -16.0391045 3.515860080 0.999999940 0.999999940 0.999999940
v -2.27545857 -19.3266354 2.688307046 0.999999940 0.999999940 0.999999940
v 0.000004795 -18.7879066 2.024046659 0.999999940 0.999999940 0.999999940
v -6.27998686 -17.1752377 2.268709898 0.999999940 0.999999940 0.999999940
v -7.86573553 -10.8712502 -0.48020938 0.999999940 0.999999940 0.999999940
v -7.84421587 -10.972331 -2.35633349 0.999999940 0.999999940 0.999999940
v -7.9058876 -11.0834589 -3.63669634 0.999999940 0.999999940 0.999999940
v -7.12633038 -11.211338 -5.02007294 0.999999940 0.999999940 0.999999940
v -3.56868196 -11.265214 -7.05013895 0.999999940 0.999999940 0.999999940
v 0.000004768 -10.9159927 -7.5102973 0.999999940 0.999999940 0.999999940
v -6.49068737 -20.4377041 2.589404344 0.999999940 0.999999940 0.999999940
v -2.50697422 -23.5449448 2.078614711 0.999999940 0.999999940 0.999999940
v -12.4064798 -29.228199 -1.40954614 0.999999940 0.999999940 0.999999940
v -6.96520042 -23.3708687 2.645473003 0.999999940 0.999999940 0.999999940
v -8.38081646 -30.493 2.840737342 0.999999940 0.999999940 0.999999940
v -4.08763599 -31.8253803 1.290264725 0.999999940 0.999999940 0.999999940
v -9.61494541 -20.7076836 0.701617777 0.999999940 0.999999940 0.999999940
v -10.1100416 -23.1891861 0.805224180 0.999999940 0.999999940 0.999999940
v -9.07721901 -17.6852818 0.393493980 0.999999940 0.999999940 0.999999940
v -10.5847521 -22.5717068 -1.5343926 0.999999940 0.999999940 0.999999940
v -10.0998936 -20.3840179 -1.66571689 0.999999940 0.999999940 0.999999940
v -9.48206615 -17.7944717 -1.64330077 0.999999940 0.999999940 0.999999940
v -9.63406563 -22.9083977 -4.09455538 0.999999940 0.999999940 0.999999940
v -9.25487995 -20.609148 -4.02599144 0.999999940 0.999999940 0.999999940
v -8.72796822 -17.7076168 -3.78253889 0.999999940 0.999999940 0.999999940
v -7.38053608 -23.2483616 -5.31510067 0.999999940 0.999999940 0.999999940
v -7.19755363 -20.8623962 -5.19288826 0.999999940 0.999999940 0.999999940
v -7.09608698 -18.0135422 -5.26189518 0.999999940 0.999999940 0.999999940
v -3.33402205 -18.0505009 -6.38056326 0.999999940 0.999999940 0.999999940
v 0.000004768 -17.9614983 -6.70963907 0.999999940 0.999999940 0.999999940
v -2.98398376 -21.0243454 -5.51006317 0.999999940 0.999999940 0.999999940
v 0.000004768 -20.8308525 -2.88757133 0.999999940 0.999999940 0.999999940
v -3.02609229 -23.2109776 -5.35376549 0.999999940 0.999999940 0.999999940
v 0.000004768 -21.5809708 -1.77423239 0.999999940 0.999999940 0.999999940
v -2.18219471 -32.1670952 -1.52286649 0.999999940 0.999999940 0.999999940
v -3.86468458 -31.7359867 -4.56935692 0.999999940 0.999999940 0.999999940
v -8.13945484 -30.5614204 -5.61629009 0.999999940 0.999999940 0.999999940
v -11.9807386 -29.4570084 -4.18654108 0.999999940 0.999999940 0.999999940
v -11.622014 -29.4654427 0.999184727 0.999999940 0.999999940 0.999999940
v -10.2981939 -43.4184113 9.773755073 0.999999940 0.999999940 0.999999940
v -12.1963062 -43.3099174 9.062268257 0.999999940 0.999999940 0.999999940
v -12.1585121 -44.9554482 8.716971397 0.999999940 0.999999940 0.999999940
v -10.2220049 -45.0381203 9.667069435 0.999999940 0.999999940 0.999999940
v -12.8162212 -43.6201706 5.651514053 0.999999940 0.999999940 0.999999940
v -12.5531864 -45.2708092 5.706445217 0.999999940 0.999999940 0.999999940
v -11.36271 -43.864727 1.085307836 0.999999940 0.999999940 0.999999940
v -10.8426666 -45.5767365 1.130717992 0.999999940 0.999999940 0.999999940
v -10.6549778 -43.6529579 -0.5433625 0.999999940 0.999999940 0.999999940
v -10.4411345 -45.4159622 -0.61081892 0.999999940 0.999999940 0.999999940
v -10.3224554 -43.6587372 -2.64228702 0.999999940 0.999999940 0.999999940
v -10.1742468 -45.4503365 -2.46352196 0.999999940 0.999999940 0.999999940
v -9.24209213 -43.7739563 -4.59151745 0.999999940 0.999999940 0.999999940
v -9.07818222 -45.2885361 -4.39634562 0.999999940 0.999999940 0.999999940
v -7.93309879 -43.7156143 -5.20246601 0.999999940 0.999999940 0.999999940
v -7.8096633 -45.0937614 -4.98005867 0.999999940 0.999999940 0.999999940
v -6.38030767 -43.8899612 -4.49586582 0.999999940 0.999999940 0.999999940
v -6.39405012 -45.2546005 -4.35082531 0.999999940 0.999999940 0.999999940
v -12.2253542 -43.7839966 3.113726854 0.999999940 0.999999940 0.999999940
v -11.9442158 -45.5055199 2.919358491 0.999999940 0.999999940 0.999999940
v -8.17262077 -43.6329994 8.291160583 0.999999940 0.999999940 0.999999940
v -8.25798035 -45.3345032 8.271901130 0.999999940 0.999999940 0.999999940
v -7.02631855 -43.9039726 5.688235282 0.999999940 0.999999940 0.999999940
v -7.01375484 -45.4075546 5.807859420 0.999999940 0.999999940 0.999999940
v -6.77094173 -44.0165138 3.248912334 0.999999940 0.999999940 0.999999940
v -6.6167016 -45.5099602 3.343666076 0.999999940 0.999999940 0.999999940
v -6.57688665 -44.0625992 1.294624567 0.999999940 0.999999940 0.999999940
v -6.56552839 -45.5094795 1.328843832 0.999999940 0.999999940 0.999999940
v -5.83473492 -43.9025688 -1.09191298 0.999999940 0.999999940 0.999999940
v -5.87704659 -45.5509262 -1.10925972 0.999999940 0.999999940 0.999999940
v -5.51170921 -43.9146996 -3.45654941 0.999999940 0.999999940 0.999999940
v -5.52378416 -45.4544792 -3.25964069 0.999999940 0.999999940 0.999999940
v -10.6908941 -45.4680061 5.236272811 0.999999940 0.999999940 0.999999940
v -9.11415768 -45.5519371 6.313169479 0.999999940 0.999999940 0.999999940
v -9.53719139 -45.5990372 1.790429949 0.999999940 0.999999940 0.999999940
v -8.21445942 -45.6302795 2.464316844 0.999999940 0.999999940 0.999999940
v -9.11154366 -45.6289139 0.199874460 0.999999940 0.999999940 0.999999940
v -7.59851456 -45.6507759 0.949267089 0.999999940 0.999999940 0.999999940
v -7.59474754 -45.6151924 -1.84693956 0.999999940 0.999999940 0.999999940
v -8.90444183 -45.5724525 -2.20580482 0.999999940 0.999999940 0.999999940
v -9.26777649 -41.9836349 -4.41198397 0.999999940 0.999999940 0.999999940
v -10.2619705 -41.992897 -2.36076713 0.999999940 0.999999940 0.999999940
v -9.07706928 -40.097805 -3.81213856 0.999999940 0.999999940 0.999999940
v -10.2976446 -40.1162376 -1.69107401 0.999999940 0.999999940 0.999999940
v -10.0007 -39.7161713 0.582170724 0.999999940 0.999999940 0.999999940
v -10.6573944 -41.1937561 0.070836372 0.999999940 0.999999940 0.999999940
v -8.87133503 -40.4928017 -2.81426406 0.999999940 0.999999940 0.999999940
v -9.22134781 -40.9838676 -1.59067726 0.999999940 0.999999940 0.999999940
v -8.11187363 -40.129261 -4.23409367 0.999999940 0.999999940 0.999999940
v -7.97998142 -42.0047646 -5.02232027 0.999999940 0.999999940 0.999999940
v -7.00941133 -40.1344948 -3.917732 0.999999940 0.999999940 0.999999940
v -6.64138126 -42.0640068 -4.31920481 0.999999940 0.999999940 0.999999940
v -8.06254864 -40.542675 -3.02364087 0.999999940 0.999999940 0.999999940
v -7.40441179 -40.5048103 -2.93908405 0.999999940 0.999999940 0.999999940
v -8.82260799 -40.9802208 -0.73638856 0.999999940 0.999999940 0.999999940
v -8.0258894 -40.8798141 -0.42067483 0.999999940 0.999999940 0.999999940
v -7.7433486 -39.8562584 1.274370908 0.999999940 0.999999940 0.999999940
v -6.09567165 -42.3241806 -0.97831255 0.999999940 0.999999940 0.999999940
v -6.735219 -40.4706001 -0.4691295 0.999999940 0.999999940 0.999999940
v -5.65742016 -42.172657 -3.17772603 0.999999940 0.999999940 0.999999940
v -6.33570004 -40.207798 -2.92757225 0.999999940 0.999999940 0.999999940
v -6.93533182 -40.5808182 -2.23228264 0.999999940 0.999999940 0.999999940
v -7.05593824 -40.7164383 -1.07908523 0.999999940 0.999999940 0.999999940
v -6.78159475 -41.9784546 1.056345462 0.999999940 0.999999940 0.999999940
vt 0.798241794 0.940301179
vt 0.113570228 0.302244544
vt 0.106333866 0.253899574
vt 0.799394249 0.881423592
vt 0.100888468 0.197277784
vt 0.795157790 0.889574527
vt 0.112775974 0.137559056
vt 0.797023654 0.929618239
vt 0.804804265 0.901604235
vt 0.123357325 0.101321339
vt 0.403006821 0.782714843
vt 0.054457821 0.204053819
vt 0.804695963 0.913735270
vt 0.390461236 0.772056043
vt 0.347300529 0.762681901
vt 0.343715965 0.782714843
vt 0.070567183 0.094644367
vt 0.060212172 0.141716480
vt 0.091413617 0.048611223
vt 0.141560554 0.057130396
vt 0.135715663 0.105225503
vt 0.146845251 0.060149431
vt 0.051949173 0.315759658
vt 0.051980629 0.261925220
vt 0.863554298 0.933042228
vt 0.391898691 0.744821667
vt 0.869951605 0.923991799
vt 0.377157449 0.714231014
vt 0.109565466 0.016836524
vt 0.876042723 0.915468573
vt 0.294310063 0.754975855
vt 0.240334153 0.045047283
vt 0.364196062 0.711430311
vt 0.361583530 0.735435426
vt 0.876134395 0.906124055
vt 0.873767495 0.899762094
vt 0.407402664 0.333626389
vt 0.405272156 0.323223948
vt 0.871994137 0.889590621
vt 0.866051018 0.949571251
vt 0.180537328 0.057268679
vt 0.167066499 0.038131773
vt 0.157714828 0.042898893
vt 0.174630999 0.062400639
vt 0.135198593 0.606910824
vt 0.116955429 0.643184125
vt 0.116241656 0.665385425
vt 0.468396544 0.506710529
vt 0.128431975 0.134997785
vt 0.140311986 0.172319769
vt 0.157683447 0.158167123
vt 0.140777558 0.251700878
vt 0.137593820 0.301954448
vt 0.191484212 0.091176509
vt 0.202810585 0.081723094
vt 0.203149944 0.133395493
vt 0.223677963 0.132022261
vt 0.276819706 0.080186307
vt 0.292238742 0.049834430
vt 0.863456904 0.941346824
vt 0.783424854 0.940531730
vt 0.781333565 0.881102562
vt 0.280759632 0.133365988
vt 0.228248894 0.302332878
vt 0.273289561 0.308665692
vt 0.783724963 0.88812989
vt 0.225121304 0.246345281
vt 0.277912616 0.250270545
vt 0.790682673 0.894087970
vt 0.776791751 0.900933384
vt 0.278868258 0.195572495
vt 0.223520100 0.194120347
vt 0.193438723 0.177237153
vt 0.154871806 0.193636417
vt 0.207042232 0.250774443
vt 0.209496453 0.302305579
vt 0.187664806 0.253788590
vt 0.194570794 0.307419121
vt 0.145171448 0.554121196
vt 0.184039920 0.543899416
vt 0.192138686 0.596221089
vt 0.461352706 0.471567094
vt 0.193298041 0.635500073
vt 0.190699368 0.667196989
vt 0.395051598 0.498710632
vt 0.395004212 0.451261282
vt 0.372742921 0.493936717
vt 0.374688863 0.530663967
vt 0.298594385 0.488286674
vt 0.299704253 0.532714843
vt 0.212991654 0.633981943
vt 0.291703999 0.625687956
vt 0.212196394 0.591998338
vt 0.295410156 0.576900243
vt 0.207327961 0.540270566
vt 0.291391402 0.527832031
vt 0.376972019 0.447986424
vt 0.298339843 0.429223060
vt 0.062155395 0.842715024
vt 0.058549016 0.833082318
vt 0.045278865 0.849199295
vt 0.036390312 0.840922951
vt 0.048516351 0.825831651
vt 0.037113990 0.829416036
vt 0.242997661 0.781929314
vt 0.244676277 0.790786206
vt 0.242719769 0.769022226
vt 0.239920139 0.758160412
vt 0.240733802 0.747076988
vt 0.240229487 0.738253295
vt 0.257271945 0.781770169
vt 0.256673187 0.792468309
vt 0.256891518 0.802246093
vt 0.255050897 0.748894810
vt 0.257012486 0.759798288
vt 0.259277343 0.769703984
vt 0.484705299 0.547474563
vt 0.317497462 0.885623872
vt 0.28147313 0.889064848
vt 0.274459511 0.932144284
vt 0.487792968 0.586425781
vt 0.324641346 0.884758591
vt 0.340377390 0.883097648
vt 0.348896980 0.928908467
vt 0.360538005 0.921513497
vt 0.356293916 0.885110497
vt 0.471131026 0.578814923
vt 0.472844302 0.561944007
vt 0.258198916 0.946584641
vt 0.071669943 0.908617794
vt 0.070252500 0.953285157
vt 0.448891222 0.559646010
vt 0.319614529 0.857910156
vt 0.271827250 0.871446609
vt 0.459774851 0.569009065
vt 0.273322045 0.908165514
vt 0.320478647 0.910168290
vt 0.327974885 0.908710420
vt 0.342803299 0.906403541
vt 0.358626365 0.904029250
vt 0.448569595 0.580716490
vt 0.445133835 0.586425781
vt 0.457751035 0.572700798
vt 0.465188264 0.572394251
vt 0.464615196 0.568496644
vt 0.434082031 0.540527343
vt 0.334509998 0.935253381
vt 0.353405684 0.951007187
vt 0.300174891 0.886902213
vt 0.294129073 0.860525667
vt 0.070438750 0.934897780
vt 0.299752891 0.911173820
vt 0.370383679 0.923540830
vt 0.362852454 0.941150069
vt 0.070329122 0.995846986
vt 0.070636190 0.975895226
vt 0.070236392 0.962161660
vt 0.047228399 0.997558593
vt 0.046747539 0.974347174
vt 0.047595419 0.961124062
vt 0.777244389 0.931203663
vt 0.410117745 0.322950780
vt 0.411585837 0.333641409
vt 0.785020709 0.921886384
vt 0.432492256 0.320689022
vt 0.776942133 0.912244677
vt 0.421652287 0.334742724
vt 0.964355468 0.466656029
vt 0.955279767 0.469059586
vt 0.415455013 0.627864420
vt 0.952140510 0.476176798
vt 0.350386649 0.588807523
vt 0.322796315 0.596327245
vt 0.95252949 0.486812770
vt 0.552318453 0.055019795
vt 0.379676342 0.792757868
vt 0.558050155 0.057805240
vt 0.391228228 0.805360078
vt 0.565014541 0.057638406
vt 0.421437025 0.847278952
vt 0.476281791 0.777222454
vt 0.478027343 0.770996093
vt 0.445765316 0.335283815
vt 0.442594826 0.331159710
vt 0.046084210 0.542964994
vt 0.425092876 0.361598312
vt 0.574486911 0.051287770
vt 0.893992245 0.762344241
vt 0.473335981 0.852837860
vt 0.335070282 0.673381865
vt 0.921653091 0.759862303
vt 0.944585681 0.753830015
vt 0.408699482 0.822971224
vt 0.465145051 0.829124748
vt 0.895747304 0.694221437
vt 0.421003758 0.674167275
vt 0.039186745 0.605492591
vt 0.921211361 0.697169005
vt 0.946972250 0.700515866
vt 0.951241254 0.716309011
vt 0.055258061 0.327731549
vt 0.951619505 0.734643399
vt 0.109222412 0.311725795
vt 0.217253431 0.400743007
vt 0.925550103 0.716940045
vt 0.175187453 0.405875086
vt 0.928661823 0.734557211
vt 0.207463502 0.461820006
vt 0.131144449 0.321782469
vt 0.147259682 0.329436123
vt 0.218114689 0.321524202
vt 0.231988161 0.318257451
vt 0.269671917 0.320048928
vt 0.91276443 0.71920681
vt 0.170326963 0.457958579
vt 0.131716907 0.417364120
vt 0.075804218 0.524474859
vt 0.138644516 0.464130163
vt 0.079251274 0.477581262
vt 0.061713039 0.447793722
vt 0.166945636 0.499315261
vt 0.139579162 0.501628637
vt 0.203533873 0.498082876
vt 0.146327257 0.526855468
vt 0.172116115 0.526846587
vt 0.20382604 0.523476898
vt 0.452247977 0.153250634
vt 0.450920462 0.179231226
vt 0.450610518 0.214895486
vt 0.425124794 0.150797486
vt 0.423374027 0.177619397
vt 0.422919303 0.212456226
vt 0.373903036 0.213111817
vt 0.913875103 0.735447883
vt 0.371967494 0.173336267
vt 0.888216614 0.721101164
vt 0.377295851 0.148255825
vt 0.888770580 0.737142205
vt 0.381039261 0.049589991
vt 0.401840984 0.072162866
vt 0.432109653 0.085358142
vt 0.460608363 0.092296838
vt 0.082366004 0.503594875
vt 0.205048814 0.332241475
vt 0.182886570 0.329589843
vt 0.181069880 0.347697556
vt 0.204510256 0.34996593
vt 0.149360448 0.335065782
vt 0.151531726 0.35319978
vt 0.092681147 0.346434593
vt 0.092912457 0.366129756
vt 0.06901218 0.347794652
vt 0.069312356 0.367296814
vt 0.042053781 0.350996732
vt 0.045695357 0.370379090
vt 0.017046708 0.356246769
vt 0.020268211 0.372669339
vt 0.001464843 0.35962677
vt 0.004878012 0.374511718
vt 0.387217730 0.358534693
vt 0.384153038 0.373173236
vt 0.120218686 0.341043591
vt 0.119084961 0.360403835
vt 0.232967600 0.337555408
vt 0.230555102 0.356008529
vt 0.264138698 0.344421029
vt 0.261513084 0.360666334
vt 0.292400628 0.348778784
vt 0.290741980 0.365127742
vt 0.316162049 0.351838111
vt 0.314634025 0.367581009
vt 0.346922248 0.353329658
vt 0.345272779 0.371274411
vt 0.372918248 0.356650114
vt 0.369181901 0.373134136
vt 0.165074855 0.853736281
vt 0.160558119 0.833523094
vt 0.210368096 0.848809957
vt 0.208074122 0.832604050
vt 0.232250452 0.847348272
vt 0.229515358 0.828964173
vt 0.262713730 0.835130095
vt 0.262463271 0.850225627
vt 0.188283234 0.781797409
vt 0.160969466 0.777585744
vt 0.186713710 0.760427713
vt 0.159576654 0.754953086
vt 0.135822027 0.742645919
vt 0.131649285 0.760692358
vt 0.180501714 0.749835789
vt 0.165659993 0.741036534
vt 0.198189705 0.758287549
vt 0.205198511 0.781450390
vt 0.186083197 0.704836547
vt 0.189949527 0.690263032
vt 0.189556285 0.745971560
vt 0.180163949 0.711827457
vt 0.158926025 0.733299017
vt 0.155409753 0.724168896
vt 0.136690691 0.718960881
vt 0.158679649 0.688642978
vt 0.156788140 0.708481550
vt 0.178474217 0.687287747
vt 0.178089991 0.702860415
vt 0.172693714 0.709557294
vt 0.16261217 0.711964428
vt 0.135566800 0.695774674
vt 0.111229434 0.737142205
vt 0.111783385 0.721101164
vt 0.086124889 0.735447883
vt 0.087235540 0.71920681
vt 0.071338191 0.734557211
vt 0.074449926 0.716940045
vt 0.048380471 0.734643399
vt 0.048758730 0.716309011
vt 0.053027778 0.700515866
vt 0.078788660 0.697169005
vt 0.104252696 0.694221437
vt 0.055414296 0.753830015
vt 0.078346930 0.759862303
vt 0.106007777 0.762344241
vt 0.425513088 0.051287770
vt 0.434985458 0.057638406
vt 0.441949844 0.057805240
vt 0.447681576 0.055019795
vt 0.04747051 0.486812770
vt 0.047859478 0.476176798
vt 0.044720254 0.469059586
vt 0.035644531 0.466656029
vt 0.223057866 0.912244677
vt 0.214979276 0.921886384
vt 0.222755625 0.931203663
vt 0.223208248 0.900933384
vt 0.209317296 0.894087970
vt 0.216275036 0.88812989
vt 0.218666404 0.881102562
vt 0.216575160 0.940531730
vt 0.136543095 0.941346824
vt 0.133948996 0.949571251
vt 0.128005892 0.889590621
vt 0.126232534 0.899762094
vt 0.123865634 0.906124055
vt 0.123957261 0.915468573
vt 0.130048394 0.923991799
vt 0.136445686 0.933042228
vt 0.195304065 0.913735270
vt 0.195195734 0.901604235
vt 0.202976316 0.929618239
vt 0.204842239 0.889574527
vt 0.200605750 0.881423592
vt 0.201758205 0.940301179
vt 0.037477135 0.320579052
vt 0.886429786 0.302244544
vt 0.893666148 0.253899574
vt 0.027003884 0.266586065
vt 0.899111509 0.197277784
vt 0.019213911 0.209668457
vt 0.887224018 0.137559056
vt 0.009350779 0.150056839
vt 0.447753906 0.755909085
vt 0.876642704 0.101321339
vt 0.596993207 0.782714843
vt 0.945542156 0.204053819
vt 0.436786443 0.752044558
vt 0.609538793 0.772056043
vt 0.652699470 0.762681901
vt 0.656284034 0.782714843
vt 0.929432809 0.094644367
vt 0.939787805 0.141716480
vt 0.908586382 0.048611223
vt 0.858439445 0.057130396
vt 0.864284336 0.105225503
vt 0.853154778 0.060149431
vt 0.948050856 0.315759658
vt 0.948019385 0.261925220
vt 0.431429863 0.744602084
vt 0.608101308 0.744821667
vt 0.389734745 0.708211422
vt 0.622842550 0.714231014
vt 0.890434503 0.016836524
vt 0.296251446 0.710695982
vt 0.705689907 0.754975855
vt 0.759665846 0.045047283
vt 0.635803937 0.711430311
vt 0.638416469 0.735435426
vt 0.358199805 0.698730468
vt 0.335320621 0.699118077
vt 0.592597365 0.333626389
vt 0.594727873 0.323223948
vt 0.402890056 0.311349391
vt 0.407089531 0.345565915
vt 0.819462657 0.057268679
vt 0.832933485 0.038131773
vt 0.842285156 0.042898893
vt 0.825369000 0.062400639
vt 0.864801406 0.606910824
vt 0.883044600 0.643184125
vt 0.883758366 0.665385425
vt 0.531603455 0.506710529
vt 0.871568024 0.134997785
vt 0.859688043 0.172319769
vt 0.842316567 0.158167123
vt 0.859222412 0.251700878
vt 0.862406194 0.301954448
vt 0.808515787 0.091176509
vt 0.797189414 0.081723094
vt 0.796850085 0.133395493
vt 0.776322007 0.132022261
vt 0.723180294 0.080186307
vt 0.707761287 0.049834430
vt 0.261230468 0.732457339
vt 0.320800781 0.085444808
vt 0.320489257 0.134558916
vt 0.719240367 0.133365988
vt 0.771751105 0.302332878
vt 0.726710438 0.308665692
vt 0.309199392 0.316578805
vt 0.774878680 0.246345281
vt 0.722087383 0.250270545
vt 0.315913528 0.250721514
vt 0.317938923 0.195959866
vt 0.721131742 0.195572495
vt 0.776479899 0.194120347
vt 0.806561291 0.177237153
vt 0.845128178 0.193636417
vt 0.792957782 0.250774443
vt 0.790503561 0.302305579
vt 0.812335193 0.253788590
vt 0.805429220 0.307419121
vt 0.854828536 0.554121196
vt 0.815960049 0.543899416
vt 0.807861328 0.596221089
vt 0.538647294 0.471567094
vt 0.806701958 0.635500073
vt 0.809300661 0.667196989
vt 0.604948401 0.498710632
vt 0.604995787 0.451261282
vt 0.627257108 0.493936717
vt 0.625311136 0.530663967
vt 0.701405644 0.488286674
vt 0.700295746 0.532714843
vt 0.787008345 0.633981943
vt 0.708296001 0.625687956
vt 0.787803590 0.591998338
vt 0.704589843 0.576900243
vt 0.792672038 0.540270566
vt 0.708608627 0.527832031
vt 0.623027980 0.447986424
vt 0.701660156 0.429223060
vt 0.937844634 0.842715024
vt 0.941450953 0.833082318
vt 0.954721152 0.849199295
vt 0.963609695 0.840922951
vt 0.951483666 0.825831651
vt 0.962886035 0.829416036
vt 0.757002353 0.781929314
vt 0.755323708 0.790786206
vt 0.757280230 0.769022226
vt 0.760079860 0.758160412
vt 0.759266197 0.747076988
vt 0.759770512 0.738253295
vt 0.742728054 0.781770169
vt 0.743326783 0.792468309
vt 0.743108511 0.802246093
vt 0.744949102 0.748894810
vt 0.742987513 0.759798288
vt 0.740722656 0.769703984
vt 0.515294671 0.547474563
vt 0.682502508 0.885623872
vt 0.718526840 0.889064848
vt 0.725540518 0.932144284
vt 0.512207031 0.586425781
vt 0.675358653 0.884758591
vt 0.659622609 0.883097648
vt 0.651103019 0.928908467
vt 0.639461994 0.921513497
vt 0.643706083 0.885110497
vt 0.528868973 0.578814923
vt 0.527155697 0.561944007
vt 0.741801083 0.946584641
vt 0.928330063 0.908617794
vt 0.929747521 0.953285157
vt 0.551108777 0.559646010
vt 0.680385470 0.857910156
vt 0.728172779 0.871446609
vt 0.540225148 0.569009065
vt 0.726677954 0.908165514
vt 0.679521322 0.910168290
vt 0.672025084 0.908710420
vt 0.657196700 0.906403541
vt 0.641373634 0.904029250
vt 0.551430404 0.580716490
vt 0.554866194 0.586425781
vt 0.542248964 0.572700798
vt 0.534811735 0.572394251
vt 0.535384774 0.568496644
vt 0.565917968 0.540527343
vt 0.665490031 0.935253381
vt 0.646594286 0.951007187
vt 0.699825108 0.886902213
vt 0.705870926 0.860525667
vt 0.929561257 0.934897780
vt 0.700247108 0.911173820
vt 0.629616320 0.923540830
vt 0.637147545 0.941150069
vt 0.929670870 0.995846986
vt 0.929363787 0.975895226
vt 0.929763615 0.962161660
vt 0.952771604 0.997558593
vt 0.953252434 0.974347174
vt 0.952404558 0.961124062
vt 0.408660531 0.310873210
vt 0.589882254 0.322950780
vt 0.588414192 0.333641409
vt 0.410250246 0.345530808
vt 0.567507743 0.320689022
vt 0.433105468 0.304199218
vt 0.578347683 0.334742724
vt 0.418054223 0.346191406
vt 0.455842018 0.601153314
vt 0.584545016 0.627864420
vt 0.358737200 0.546573340
vt 0.649613380 0.588807523
vt 0.677203655 0.596327245
vt 0.300292968 0.542480468
vt 0.337402343 0.841499030
vt 0.620323658 0.792757868
vt 0.355630576 0.853115975
vt 0.608771801 0.805360078
vt 0.408049613 0.875410378
vt 0.578562974 0.847278952
vt 0.523718237 0.777222454
vt 0.521972656 0.770996093
vt 0.554234683 0.335283815
vt 0.557405173 0.331159710
vt 0.953915774 0.542964994
vt 0.574907124 0.361598312
vt 0.080566406 0.537597656
vt 0.415695101 0.395996093
vt 0.526664018 0.852837860
vt 0.664929747 0.673381865
vt 0.080566406 0.647613227
vt 0.381241470 0.866372704
vt 0.591300487 0.822971224
vt 0.534854948 0.829124748
vt 0.071827523 0.600414812
vt 0.578996241 0.674167275
vt 0.960813283 0.605492591
vt 0.481383591 0.651420950
vt 0.436092138 0.889733254
vt 0.482910156 0.385918259
vt 0.944741964 0.327731549
vt 0.042889550 0.331542968
vt 0.890777587 0.311725795
vt 0.782746553 0.400743007
vt 0.222357243 0.372405707
vt 0.824812531 0.405875086
vt 0.182510018 0.376027584
vt 0.792536497 0.461820006
vt 0.868855536 0.321782469
vt 0.852740287 0.329436123
vt 0.781885325 0.321524202
vt 0.768011808 0.318257451
vt 0.730328083 0.320048928
vt 0.305046647 0.328613281
vt 0.829673051 0.457958579
vt 0.868283093 0.417364120
vt 0.924195766 0.524474859
vt 0.861355483 0.464130163
vt 0.920748710 0.477581262
vt 0.938286960 0.447793722
vt 0.833054363 0.499315261
vt 0.860420823 0.501628637
vt 0.796466112 0.498082876
vt 0.853672742 0.526855468
vt 0.827883899 0.526846587
vt 0.796173930 0.523476898
vt 0.547752022 0.153250634
vt 0.549079537 0.179231226
vt 0.549389481 0.214895486
vt 0.574875235 0.150797486
vt 0.576625943 0.177619397
vt 0.577080726 0.212456226
vt 0.626096963 0.213111817
vt 0.331420838 0.213027000
vt 0.628032505 0.173336267
vt 0.328165113 0.157404661
vt 0.622704148 0.148255825
vt 0.323730468 0.143583893
vt 0.618960738 0.049589991
vt 0.598159015 0.072162866
vt 0.567890346 0.085358142
vt 0.539391636 0.092296838
vt 0.917634010 0.503594875
vt 0.794951200 0.332241475
vt 0.817113399 0.329589843
vt 0.818930149 0.347697556
vt 0.795489728 0.34996593
vt 0.850639581 0.335065782
vt 0.848468303 0.35319978
vt 0.907318830 0.346434593
vt 0.907087564 0.366129756
vt 0.930987834 0.347794652
vt 0.930687665 0.367296814
vt 0.957946240 0.350996732
vt 0.954304635 0.370379090
vt 0.98295331 0.356246769
vt 0.979731798 0.372669339
vt 0.998535156 0.35962677
vt 0.995122015 0.374511718
vt 0.612782239 0.358534693
vt 0.615846991 0.373173236
vt 0.879781305 0.341043591
vt 0.880915045 0.360403835
vt 0.767032384 0.337555408
vt 0.769444882 0.356008529
vt 0.735861301 0.344421029
vt 0.738486886 0.360666334
vt 0.707599401 0.348778784
vt 0.709258019 0.365127742
vt 0.683837950 0.351838111
vt 0.685365974 0.367581009
vt 0.653077721 0.353329658
vt 0.654727220 0.371274411
vt 0.627081751 0.356650114
vt 0.630818128 0.373134136
vt 0.834925174 0.853736281
vt 0.839441895 0.833523094
vt 0.789631903 0.848809957
vt 0.791925907 0.832604050
vt 0.767749548 0.847348272
vt 0.770484626 0.828964173
vt 0.737286269 0.835130095
vt 0.737536728 0.850225627
vt 0.811716795 0.781797409
vt 0.839030504 0.777585744
vt 0.813286304 0.760427713
vt 0.840423345 0.754953086
vt 0.864177942 0.742645919
vt 0.868350744 0.760692358
vt 0.819498300 0.749835789
vt 0.834339976 0.741036534
vt 0.801810264 0.758287549
vt 0.794801473 0.781450390
vt 0.813916802 0.704836547
vt 0.810050487 0.690263032
vt 0.810443699 0.745971560
vt 0.819836020 0.711827457
vt 0.841073989 0.733299017
vt 0.844590246 0.724168896
vt 0.863309323 0.718960881
vt 0.841320335 0.688642978
vt 0.843211889 0.708481550
vt 0.821525812 0.687287747
vt 0.821910023 0.702860415
vt 0.827306270 0.709557294
vt 0.837387800 0.711964428
vt 0.864433169 0.695774674
vt 0.798241794 0.940301179
vt 0.798241794 0.940301179
vt 0.798241794 0.940301179
vt 0.113570228 0.302244544
vt 0.113570228 0.302244544
vt 0.113570228 0.302244544
vt 0.106333866 0.253899574
vt 0.106333866 0.253899574
vt 0.106333866 0.253899574
vt 0.798559427 0.949347555
vt 0.799394249 0.881423592
vt 0.798559427 0.949347555
vt 0.100888468 0.197277784
vt 0.100888468 0.197277784
vt 0.100888468 0.197277784
vt 0.795157790 0.889574527
vt 0.795157790 0.889574527
vt 0.795157790 0.889574527
vt 0.112775974 0.137559056
vt 0.112775974 0.137559056
vt 0.112775974 0.137559056
vt 0.797023654 0.929618239
vt 0.797023654 0.929618239
vt 0.797023654 0.929618239
vt 0.804804265 0.901604235
vt 0.804804265 0.901604235
vt 0.804804265 0.901604235
vt 0.123357325 0.101321339
vt 0.123357325 0.101321339
vt 0.123357325 0.101321339
vt 0.403006821 0.782714843
vt 0.039442095 0.053544223
vt 0.039442095 0.053544223
vt 0.054457821 0.204053819
vt 0.054457821 0.204053819
vt 0.054457821 0.204053819
vt 0.804695963 0.913735270
vt 0.804695963 0.913735270
vt 0.804695963 0.913735270
vt 0.390461236 0.772056043
vt 0.390461236 0.772056043
vt 0.390461236 0.772056043
vt 0.347300529 0.762681901
vt 0.347300529 0.762681901
vt 0.347300529 0.762681901
vt 0.077382154 0.000488281
vt 0.343715965 0.782714843
vt 0.243721246 0.004394531
vt 0.070567183 0.094644367
vt 0.070567183 0.094644367
vt 0.070567183 0.094644367
vt 0.060212172 0.141716480
vt 0.060212172 0.141716480
vt 0.060212172 0.141716480
vt 0.091413617 0.048611223
vt 0.091413617 0.048611223
vt 0.091413617 0.048611223
vt 0.141560554 0.057130396
vt 0.141560554 0.057130396
vt 0.141560554 0.057130396
vt 0.116123110 0.610770404
vt 0.135715663 0.105225503
vt 0.135715663 0.105225503
vt 0.116123110 0.610770404
vt 0.146845251 0.060149431
vt 0.087750159 0.643514335
vt 0.087750159 0.643514335
vt 0.051949173 0.315759658
vt 0.051949173 0.315759658
vt 0.051949173 0.315759658
vt 0.051980629 0.261925220
vt 0.051980629 0.261925220
vt 0.051980629 0.261925220
vt 0.863554298 0.933042228
vt 0.863554298 0.933042228
vt 0.863554298 0.933042228
vt 0.391898691 0.744821667
vt 0.391898691 0.744821667
vt 0.391898691 0.744821667
vt 0.869951605 0.923991799
vt 0.869951605 0.923991799
vt 0.869951605 0.923991799
vt 0.377157449 0.714231014
vt 0.373186916 0.334749162
vt 0.373186916 0.334749162
vt 0.210421055 0.017845571
vt 0.210421055 0.017845571
vt 0.109565466 0.016836524
vt 0.876042723 0.915468573
vt 0.876042723 0.915468573
vt 0.876042723 0.915468573
vt 0.286360204 0.036176919
vt 0.286360204 0.036176919
vt 0.294310063 0.754975855
vt 0.240334153 0.045047283
vt 0.240334153 0.045047283
vt 0.240334153 0.045047283
vt 0.364196062 0.711430311
vt 0.374758392 0.324081659
vt 0.374758392 0.324081659
vt 0.361583530 0.735435426
vt 0.361583530 0.735435426
vt 0.361583530 0.735435426
vt 0.876134395 0.906124055
vt 0.876134395 0.906124055
vt 0.876134395 0.906124055
vt 0.873767495 0.899762094
vt 0.873767495 0.899762094
vt 0.873767495 0.899762094
vt 0.407402664 0.333626389
vt 0.407402664 0.333626389
vt 0.407402664 0.333626389
vt 0.405272156 0.323223948
vt 0.405272156 0.323223948
vt 0.405272156 0.323223948
vt 0.871994137 0.889590621
vt 0.871994137 0.889590621
vt 0.871994137 0.889590621
vt 0.867620468 0.882212281
vt 0.867620468 0.882212281
vt 0.866051018 0.949571251
vt 0.180537328 0.057268679
vt 0.180537328 0.057268679
vt 0.180537328 0.057268679
vt 0.151442557 0.039105474
vt 0.151442557 0.039105474
vt 0.167066499 0.038131773
vt 0.160644531 0.042267978
vt 0.087402343 0.662527680
vt 0.499511718 0.530506730
vt 0.496204137 0.508461475
vt 0.174630999 0.062400639
vt 0.496204137 0.508461475
vt 0.135198593 0.606910824
vt 0.135198593 0.606910824
vt 0.135198593 0.606910824
vt 0.116955429 0.643184125
vt 0.116955429 0.643184125
vt 0.116955429 0.643184125
vt 0.470028013 0.530882358
vt 0.116241656 0.665385425
vt 0.470028013 0.530882358
vt 0.468396544 0.506710529
vt 0.468396544 0.506710529
vt 0.468396544 0.506710529
vt 0.128431975 0.134997785
vt 0.128431975 0.134997785
vt 0.140311986 0.172319769
vt 0.140311986 0.172319769
vt 0.140311986 0.172319769
vt 0.140311986 0.172319769
vt 0.173911303 0.162939965
vt 0.134435728 0.557834565
vt 0.456479072 0.418492198
vt 0.157683447 0.158167123
vt 0.173911303 0.162939965
vt 0.140777558 0.251700878
vt 0.140777558 0.251700878
vt 0.140777558 0.251700878
vt 0.137593820 0.301954448
vt 0.137593820 0.301954448
vt 0.137593820 0.301954448
vt 0.191484212 0.091176509
vt 0.191484212 0.091176509
vt 0.486725777 0.479832351
vt 0.486725777 0.479832351
vt 0.202810585 0.081723094
vt 0.202810585 0.081723094
vt 0.202810585 0.081723094
vt 0.203149944 0.133395493
vt 0.203149944 0.133395493
vt 0.223677963 0.132022261
vt 0.223677963 0.132022261
vt 0.223677963 0.132022261
vt 0.276819706 0.080186307
vt 0.276819706 0.080186307
vt 0.276819706 0.080186307
vt 0.276819706 0.080186307
vt 0.278643488 0.757453978
vt 0.292238742 0.049834430
vt 0.863456904 0.941346824
vt 0.863456904 0.941346824
vt 0.863456904 0.941346824
vt 0.783424854 0.940531730
vt 0.783424854 0.940531730
vt 0.783424854 0.940531730
vt 0.781333565 0.881102562
vt 0.780673623 0.950756311
vt 0.780673623 0.950756311
vt 0.280759632 0.133365988
vt 0.280759632 0.133365988
vt 0.280759632 0.133365988
vt 0.228248894 0.302332878
vt 0.228248894 0.302332878
vt 0.228248894 0.302332878
vt 0.273289561 0.308665692
vt 0.273289561 0.308665692
vt 0.273289561 0.308665692
vt 0.783724963 0.88812989
vt 0.783724963 0.88812989
vt 0.783724963 0.88812989
vt 0.225121304 0.246345281
vt 0.225121304 0.246345281
vt 0.225121304 0.246345281
vt 0.277912616 0.250270545
vt 0.277912616 0.250270545
vt 0.277912616 0.250270545
vt 0.790682673 0.894087970
vt 0.790682673 0.894087970
vt 0.790682673 0.894087970
vt 0.790682673 0.894087970
vt 0.790682673 0.894087970
vt 0.776791751 0.900933384
vt 0.776791751 0.900933384
vt 0.776791751 0.900933384
vt 0.278868258 0.195572495
vt 0.278868258 0.195572495
vt 0.278868258 0.195572495
vt 0.223520100 0.194120347
vt 0.223520100 0.194120347
vt 0.223520100 0.194120347
vt 0.193438723 0.177237153
vt 0.193438723 0.177237153
vt 0.193438723 0.177237153
vt 0.193438723 0.177237153
vt 0.179540097 0.199375033
vt 0.154871806 0.193636417
vt 0.179540097 0.199375033
vt 0.207042232 0.250774443
vt 0.207042232 0.250774443
vt 0.207042232 0.250774443
vt 0.209496453 0.302305579
vt 0.209496453 0.302305579
vt 0.209496453 0.302305579
vt 0.157714843 0.249128460
vt 0.157714843 0.249128460
vt 0.187664806 0.253788590
vt 0.156941950 0.306192398
vt 0.156941950 0.306192398
vt 0.194570794 0.307419121
vt 0.145171448 0.554121196
vt 0.445308804 0.415323853
vt 0.445308804 0.415323853
vt 0.406174033 0.403720319
vt 0.184039920 0.543899416
vt 0.406174033 0.403720319
vt 0.192138686 0.596221089
vt 0.192138686 0.596221089
vt 0.192138686 0.596221089
vt 0.461352706 0.471567094
vt 0.461352706 0.471567094
vt 0.461352706 0.471567094
vt 0.193298041 0.635500073
vt 0.193298041 0.635500073
vt 0.193298041 0.635500073
vt 0.394825756 0.532714843
vt 0.394825756 0.532714843
vt 0.190699368 0.667196989
vt 0.395051598 0.498710632
vt 0.395051598 0.498710632
vt 0.395051598 0.498710632
vt 0.395004212 0.451261282
vt 0.395004212 0.451261282
vt 0.395004212 0.451261282
vt 0.372742921 0.493936717
vt 0.372742921 0.493936717
vt 0.372742921 0.493936717
vt 0.374688863 0.530663967
vt 0.210702389 0.669433593
vt 0.210702389 0.669433593
vt 0.298594385 0.488286674
vt 0.108175814 0.812677085
vt 0.108175814 0.812677085
vt 0.285198390 0.669433593
vt 0.110839843 0.856752634
vt 0.076651394 0.895996093
vt 0.212991654 0.633981943
vt 0.212991654 0.633981943
vt 0.212991654 0.633981943
vt 0.291703999 0.625687956
vt 0.032364003 0.895996093
vt 0.032364003 0.895996093
vt 0.212196394 0.591998338
vt 0.212196394 0.591998338
vt 0.212196394 0.591998338
vt 0.295410156 0.576900243
vt 0.001464843 0.858110427
vt 0.001464843 0.858110427
vt 0.207327961 0.540270566
vt 0.383565455 0.396527648
vt 0.383565455 0.396527648
vt 0.30009377 0.375488281
vt 0.006619421 0.809351444
vt 0.006619421 0.809351444
vt 0.376972019 0.447986424
vt 0.376972019 0.447986424
vt 0.376972019 0.447986424
vt 0.298339843 0.429223060
vt 0.055005390 0.787597656
vt 0.055005390 0.787597656
vt 0.057797454 0.849081456
vt 0.208496093 0.736816406
vt 0.210802450 0.802246093
vt 0.058549016 0.833082318
vt 0.211044251 0.746643006
vt 0.211044251 0.746643006
vt 0.045278865 0.849199295
vt 0.213383570 0.790089547
vt 0.213383570 0.790089547
vt 0.218711108 0.779253006
vt 0.036390312 0.840922951
vt 0.218711108 0.779253006
vt 0.048516351 0.825831651
vt 0.216456428 0.757517755
vt 0.216456428 0.757517755
vt 0.037113990 0.829416036
vt 0.221515521 0.768228232
vt 0.221515521 0.768228232
vt 0.242997661 0.781929314
vt 0.242997661 0.781929314
vt 0.242997661 0.781929314
vt 0.244676277 0.790786206
vt 0.244676277 0.790786206
vt 0.244676277 0.790786206
vt 0.242719769 0.769022226
vt 0.242719769 0.769022226
vt 0.242719769 0.769022226
vt 0.239920139 0.758160412
vt 0.239920139 0.758160412
vt 0.239920139 0.758160412
vt 0.240733802 0.747076988
vt 0.240733802 0.747076988
vt 0.240733802 0.747076988
vt 0.242824435 0.800607204
vt 0.242824435 0.800607204
vt 0.240229487 0.738253295
vt 0.257271945 0.781770169
vt 0.269987583 0.907792687
vt 0.269987583 0.907792687
vt 0.256673187 0.792468309
vt 0.266011595 0.919561684
vt 0.266011595 0.919561684
vt 0.254249274 0.738516867
vt 0.256347656 0.926237940
vt 0.082465328 0.900878906
vt 0.255050897 0.748894810
vt 0.072386369 0.904301524
vt 0.072386369 0.904301524
vt 0.257012486 0.759798288
vt 0.061238564 0.902388334
vt 0.261375933 0.885417163
vt 0.259277343 0.769703984
vt 0.270142465 0.893909215
vt 0.270142465 0.893909215
vt 0.484705299 0.547474563
vt 0.296783864 0.941053628
vt 0.296783864 0.941053628
vt 0.296783864 0.941053628
vt 0.317497462 0.885623872
vt 0.317497462 0.885623872
vt 0.317497462 0.885623872
vt 0.28147313 0.889064848
vt 0.28147313 0.889064848
vt 0.28147313 0.889064848
vt 0.274459511 0.932144284
vt 0.274459511 0.932144284
vt 0.274459511 0.932144284
vt 0.487792968 0.586425781
vt 0.324119836 0.939209580
vt 0.324119836 0.939209580
vt 0.324119836 0.939209580
vt 0.324641346 0.884758591
vt 0.324641346 0.884758591
vt 0.324641346 0.884758591
vt 0.340377390 0.883097648
vt 0.340377390 0.883097648
vt 0.340377390 0.883097648
vt 0.348896980 0.928908467
vt 0.348896980 0.928908467
vt 0.348896980 0.928908467
vt 0.360538005 0.921513497
vt 0.360538005 0.921513497
vt 0.356293916 0.885110497
vt 0.356293916 0.885110497
vt 0.471131026 0.578814923
vt 0.471131026 0.578814923
vt 0.471131026 0.578814923
vt 0.472844302 0.561944007
vt 0.472844302 0.561944007
vt 0.472844302 0.561944007
vt 0.092820249 0.913573741
vt 0.258198916 0.946584641
vt 0.092820249 0.913573741
vt 0.071669943 0.908617794
vt 0.071669943 0.908617794
vt 0.071669943 0.908617794
vt 0.070252500 0.953285157
vt 0.070252500 0.953285157
vt 0.070252500 0.953285157
vt 0.448891222 0.559646010
vt 0.448891222 0.559646010
vt 0.448891222 0.559646010
vt 0.046964615 0.951850414
vt 0.046964615 0.951850414
vt 0.319614529 0.857910156
vt 0.048639401 0.910092532
vt 0.048639401 0.910092532
vt 0.271827250 0.871446609
vt 0.459774851 0.569009065
vt 0.459774851 0.569009065
vt 0.273322045 0.908165514
vt 0.273322045 0.908165514
vt 0.273322045 0.908165514
vt 0.320478647 0.910168290
vt 0.320478647 0.910168290
vt 0.320478647 0.910168290
vt 0.327974885 0.908710420
vt 0.327974885 0.908710420
vt 0.327974885 0.908710420
vt 0.342803299 0.906403541
vt 0.342803299 0.906403541
vt 0.342803299 0.906403541
vt 0.358626365 0.904029250
vt 0.358626365 0.904029250
vt 0.358626365 0.904029250
vt 0.448569595 0.580716490
vt 0.448569595 0.580716490
vt 0.448569595 0.580716490
vt 0.346474885 0.957519531
vt 0.445133835 0.586425781
vt 0.095279946 0.954839825
vt 0.095279946 0.954839825
vt 0.457751035 0.572700798
vt 0.457751035 0.572700798
vt 0.465188264 0.572394251
vt 0.465188264 0.572394251
vt 0.464615196 0.568496644
vt 0.464615196 0.568496644
vt 0.434082031 0.540527343
vt 0.269327610 0.957519531
vt 0.097167968 0.926097035
vt 0.097167968 0.926097035
vt 0.334509998 0.935253381
vt 0.334509998 0.935253381
vt 0.334509998 0.935253381
vt 0.353405684 0.951007187
vt 0.093541532 0.963714301
vt 0.093541532 0.963714301
vt 0.300174891 0.886902213
vt 0.300174891 0.886902213
vt 0.300174891 0.886902213
vt 0.046386718 0.930718243
vt 0.294129073 0.860525667
vt 0.046386718 0.930718243
vt 0.070438750 0.934897780
vt 0.070438750 0.934897780
vt 0.070438750 0.934897780
vt 0.299752891 0.911173820
vt 0.299752891 0.911173820
vt 0.299752891 0.911173820
vt 0.092513859 0.997558593
vt 0.370383679 0.923540830
vt 0.362852454 0.941150069
vt 0.092975117 0.976894497
vt 0.092975117 0.976894497
vt 0.070329122 0.995846986
vt 0.373535156 0.901723980
vt 0.373535156 0.901723980
vt 0.070636190 0.975895226
vt 0.070636190 0.975895226
vt 0.070636190 0.975895226
vt 0.070236392 0.962161660
vt 0.070236392 0.962161660
vt 0.070236392 0.962161660
vt 0.367588251 0.877633690
vt 0.367588251 0.877633690
vt 0.046747539 0.974347174
vt 0.344661831 0.864284336
vt 0.344661831 0.864284336
vt 0.047595419 0.961124062
vt 0.329892635 0.859434545
vt 0.329892635 0.859434545
vt 0.777244389 0.931203663
vt 0.777244389 0.931203663
vt 0.777244389 0.931203663
vt 0.410117745 0.322950780
vt 0.410117745 0.322950780
vt 0.410117745 0.322950780
vt 0.411585837 0.333641409
vt 0.411585837 0.333641409
vt 0.411585837 0.333641409
vt 0.785020709 0.921886384
vt 0.785020709 0.921886384
vt 0.785020709 0.921886384
vt 0.785020709 0.921886384
vt 0.785020709 0.921886384
vt 0.432492256 0.320689022
vt 0.389245897 0.570943117
vt 0.389245897 0.570943117
vt 0.776942133 0.912244677
vt 0.776942133 0.912244677
vt 0.776942133 0.912244677
vt 0.421652287 0.334742724
vt 0.371708035 0.561620712
vt 0.371708035 0.561620712
vt 0.579123735 0.044433593
vt 0.769646167 0.930736124
vt 0.769646167 0.930736124
vt 0.955279767 0.469059586
vt 0.772907018 0.922053575
vt 0.772907018 0.922053575
vt 0.415455013 0.627864420
vt 0.415455013 0.627864420
vt 0.415455013 0.627864420
vt 0.952140510 0.476176798
vt 0.772930145 0.912534177
vt 0.772930145 0.912534177
vt 0.350386649 0.588807523
vt 0.350386649 0.588807523
vt 0.350386649 0.588807523
vt 0.350386649 0.588807523
vt 0.322796315 0.596327245
vt 0.395800143 0.937095642
vt 0.95252949 0.486812770
vt 0.770788908 0.900133371
vt 0.770788908 0.900133371
vt 0.954489946 0.490436792
vt 0.770054340 0.895186185
vt 0.770054340 0.895186185
vt 0.379676342 0.792757868
vt 0.421626448 0.680175781
vt 0.421626448 0.680175781
vt 0.558050155 0.057805240
vt 0.770314812 0.887317955
vt 0.770314812 0.887317955
vt 0.391228228 0.805360078
vt 0.391228228 0.805360078
vt 0.391228228 0.805360078
vt 0.565014541 0.057638406
vt 0.771584808 0.878658175
vt 0.770941019 0.952636718
vt 0.421437025 0.847278952
vt 0.421437025 0.847278952
vt 0.482226312 0.308105468
vt 0.476281791 0.777222454
vt 0.009277343 0.610176384
vt 0.009277343 0.610176384
vt 0.482910156 0.314445436
vt 0.320126920 0.680175781
vt 0.320126920 0.680175781
vt 0.468283146 0.947489261
vt 0.468283146 0.947489261
vt 0.482910156 0.314445436
vt 0.445765316 0.335283815
vt 0.445765316 0.335283815
vt 0.445765316 0.335283815
vt 0.442594826 0.331159710
vt 0.016851976 0.565573036
vt 0.419829547 0.359749496
vt 0.419829547 0.359749496
vt 0.046084210 0.542964994
vt 0.425092876 0.361598312
vt 0.425092876 0.361598312
vt 0.574486911 0.051287770
vt 0.769042968 0.940032303
vt 0.769042968 0.940032303
vt 0.893992245 0.762344241
vt 0.893992245 0.762344241
vt 0.893992245 0.762344241
vt 0.053492881 0.651188671
vt 0.473335981 0.852837860
vt 0.053492881 0.651188671
vt 0.335070282 0.673381865
vt 0.335070282 0.673381865
vt 0.921653091 0.759862303
vt 0.921653091 0.759862303
vt 0.921653091 0.759862303
vt 0.944585681 0.753830015
vt 0.944585681 0.753830015
vt 0.408699482 0.822971224
vt 0.408699482 0.822971224
vt 0.408699482 0.822971224
vt 0.465145051 0.829124748
vt 0.030255671 0.654785156
vt 0.895747304 0.694221437
vt 0.895747304 0.694221437
vt 0.895747304 0.694221437
vt 0.421003758 0.674167275
vt 0.421003758 0.674167275
vt 0.421003758 0.674167275
vt 0.039186745 0.605492591
vt 0.039186745 0.605492591
vt 0.039186745 0.605492591
vt 0.921211361 0.697169005
vt 0.921211361 0.697169005
vt 0.921211361 0.697169005
vt 0.946972250 0.700515866
vt 0.946972250 0.700515866
vt 0.951241254 0.716309011
vt 0.951241254 0.716309011
vt 0.951241254 0.716309011
vt 0.055258061 0.327731549
vt 0.292480468 0.387012362
vt 0.292480468 0.387012362
vt 0.951619505 0.734643399
vt 0.951619505 0.734643399
vt 0.951619505 0.734643399
vt 0.285543382 0.469561219
vt 0.109222412 0.311725795
vt 0.285543382 0.469561219
vt 0.217253431 0.400743007
vt 0.217253431 0.400743007
vt 0.217253431 0.400743007
vt 0.925550103 0.716940045
vt 0.925550103 0.716940045
vt 0.925550103 0.716940045
vt 0.175187453 0.405875086
vt 0.175187453 0.405875086
vt 0.175187453 0.405875086
vt 0.928661823 0.734557211
vt 0.928661823 0.734557211
vt 0.928661823 0.734557211
vt 0.207463502 0.461820006
vt 0.207463502 0.461820006
vt 0.207463502 0.461820006
vt 0.131144449 0.321782469
vt 0.291609406 0.501233458
vt 0.291609406 0.501233458
vt 0.208098739 0.328233361
vt 0.292480468 0.524782717
vt 0.466007530 0.303045570
vt 0.218114689 0.321524202
vt 0.449691712 0.300826549
vt 0.449691712 0.300826549
vt 0.231988161 0.318257451
vt 0.429207027 0.300276160
vt 0.429207027 0.300276160
vt 0.269671917 0.320048928
vt 0.375320524 0.303933799
vt 0.375320524 0.303933799
vt 0.91276443 0.71920681
vt 0.91276443 0.71920681
vt 0.91276443 0.71920681
vt 0.170326963 0.457958579
vt 0.170326963 0.457958579
vt 0.170326963 0.457958579
vt 0.131716907 0.417364120
vt 0.131716907 0.417364120
vt 0.131716907 0.417364120
vt 0.481933593 0.084650993
vt 0.481933593 0.084650993
vt 0.075804218 0.524474859
vt 0.138644516 0.464130163
vt 0.138644516 0.464130163
vt 0.138644516 0.464130163
vt 0.079251274 0.477581262
vt 0.079251274 0.477581262
vt 0.079251274 0.477581262
vt 0.061713039 0.447793722
vt 0.061713039 0.447793722
vt 0.061713039 0.447793722
vt 0.166945636 0.499315261
vt 0.166945636 0.499315261
vt 0.166945636 0.499315261
vt 0.139579162 0.501628637
vt 0.139579162 0.501628637
vt 0.139579162 0.501628637
vt 0.203533873 0.498082876
vt 0.203533873 0.498082876
vt 0.203533873 0.498082876
vt 0.481933593 0.155761122
vt 0.146327257 0.526855468
vt 0.481933593 0.155761122
vt 0.172116115 0.526846587
vt 0.480006218 0.181399822
vt 0.480006218 0.181399822
vt 0.20382604 0.523476898
vt 0.478683590 0.213572859
vt 0.478683590 0.213572859
vt 0.452247977 0.153250634
vt 0.452247977 0.153250634
vt 0.452247977 0.153250634
vt 0.450920462 0.179231226
vt 0.450920462 0.179231226
vt 0.450920462 0.179231226
vt 0.450610518 0.214895486
vt 0.450610518 0.214895486
vt 0.450610518 0.214895486
vt 0.425124794 0.150797486
vt 0.425124794 0.150797486
vt 0.425124794 0.150797486
vt 0.423374027 0.177619397
vt 0.423374027 0.177619397
vt 0.423374027 0.177619397
vt 0.422919303 0.212456226
vt 0.422919303 0.212456226
vt 0.422919303 0.212456226
vt 0.373903036 0.213111817
vt 0.373903036 0.213111817
vt 0.373903036 0.213111817
vt 0.913875103 0.735447883
vt 0.913875103 0.735447883
vt 0.913875103 0.735447883
vt 0.371967494 0.173336267
vt 0.371967494 0.173336267
vt 0.371967494 0.173336267
vt 0.888216614 0.721101164
vt 0.888216614 0.721101164
vt 0.888216614 0.721101164
vt 0.377295851 0.148255825
vt 0.377295851 0.148255825
vt 0.377295851 0.148255825
vt 0.888770580 0.737142205
vt 0.888770580 0.737142205
vt 0.888770580 0.737142205
vt 0.036575272 0.426912546
vt 0.036575272 0.426912546
vt 0.381039261 0.049589991
vt 0.401840984 0.072162866
vt 0.401840984 0.072162866
vt 0.401840984 0.072162866
vt 0.432109653 0.085358142
vt 0.432109653 0.085358142
vt 0.432109653 0.085358142
vt 0.460608363 0.092296838
vt 0.460608363 0.092296838
vt 0.460608363 0.092296838
vt 0.082366004 0.503594875
vt 0.082366004 0.503594875
vt 0.082366004 0.503594875
vt 0.205048814 0.332241475
vt 0.020285544 0.712003290
vt 0.020285544 0.712003290
vt 0.182886570 0.329589843
vt 0.019042968 0.737184464
vt 0.019042968 0.737184464
vt 0.181069880 0.347697556
vt 0.127682402 0.859980046
vt 0.127682402 0.859980046
vt 0.204510256 0.34996593
vt 0.125488281 0.836157441
vt 0.125488281 0.836157441
vt 0.149360448 0.335065782
vt 0.044845089 0.764178276
vt 0.044845089 0.764178276
vt 0.151531726 0.35319978
vt 0.155184269 0.872558593
vt 0.092681147 0.346434593
vt 0.104041673 0.786772549
vt 0.104041673 0.786772549
vt 0.092912457 0.366129756
vt 0.214233279 0.864429593
vt 0.214233279 0.864429593
vt 0.06901218 0.347794652
vt 0.130117803 0.790672779
vt 0.130117803 0.790672779
vt 0.069312356 0.367296814
vt 0.237951889 0.863694608
vt 0.237951889 0.863694608
vt 0.042053781 0.350996732
vt 0.159514665 0.797693789
vt 0.159514665 0.797693789
vt 0.045695357 0.370379090
vt 0.261848866 0.864581108
vt 0.261848866 0.864581108
vt 0.017046708 0.356246769
vt 0.188202157 0.803222656
vt 0.188202157 0.803222656
vt 0.020268211 0.372669339
vt 0.286507785 0.857472717
vt 0.405761718 0.360007524
vt 0.206542968 0.802766144
vt 0.206542968 0.680606961
vt 0.401004552 0.374511718
vt 0.296386718 0.845319449
vt 0.296386718 0.845319449
vt 0.387217730 0.358534693
vt 0.192698329 0.674666345
vt 0.192698329 0.674666345
vt 0.384153038 0.373173236
vt 0.293755203 0.828366637
vt 0.293755203 0.828366637
vt 0.120218686 0.341043591
vt 0.074394017 0.778193533
vt 0.074394017 0.778193533
vt 0.119084961 0.360403835
vt 0.188572645 0.872558593
vt 0.188572645 0.872558593
vt 0.232967600 0.337555408
vt 0.043802414 0.690982937
vt 0.043802414 0.690982937
vt 0.230555102 0.356008529
vt 0.145898163 0.818508803
vt 0.264138698 0.344421029
vt 0.076524801 0.679690778
vt 0.076524801 0.679690778
vt 0.261513084 0.360666334
vt 0.176496446 0.811035156
vt 0.176496446 0.811035156
vt 0.292400628 0.348778784
vt 0.106494858 0.676145255
vt 0.106494858 0.676145255
vt 0.290741980 0.365127742
vt 0.206130206 0.812476277
vt 0.206130206 0.812476277
vt 0.316162049 0.351838111
vt 0.130339518 0.674100458
vt 0.130339518 0.674100458
vt 0.314634025 0.367581009
vt 0.229928791 0.816435933
vt 0.229928791 0.816435933
vt 0.346922248 0.353329658
vt 0.158911302 0.673361420
vt 0.158911302 0.673361420
vt 0.345272779 0.371274411
vt 0.260857522 0.814506292
vt 0.260857522 0.814506292
vt 0.372918248 0.356650114
vt 0.181079566 0.672363281
vt 0.181079566 0.672363281
vt 0.369181901 0.373134136
vt 0.284893512 0.816088557
vt 0.165074855 0.853736281
vt 0.165074855 0.853736281
vt 0.165074855 0.853736281
vt 0.160558119 0.833523094
vt 0.160558119 0.833523094
vt 0.160558119 0.833523094
vt 0.210368096 0.848809957
vt 0.210368096 0.848809957
vt 0.210368096 0.848809957
vt 0.208074122 0.832604050
vt 0.208074122 0.832604050
vt 0.208074122 0.832604050
vt 0.232250452 0.847348272
vt 0.232250452 0.847348272
vt 0.232250452 0.847348272
vt 0.229515358 0.828964173
vt 0.229515358 0.828964173
vt 0.229515358 0.828964173
vt 0.262713730 0.835130095
vt 0.262713730 0.835130095
vt 0.262713730 0.835130095
vt 0.262463271 0.850225627
vt 0.262463271 0.850225627
vt 0.262463271 0.850225627
vt 0.188283234 0.781797409
vt 0.188283234 0.781797409
vt 0.188283234 0.781797409
vt 0.160969466 0.777585744
vt 0.160969466 0.777585744
vt 0.160969466 0.777585744
vt 0.186713710 0.760427713
vt 0.186713710 0.760427713
vt 0.186713710 0.760427713
vt 0.159576654 0.754953086
vt 0.159576654 0.754953086
vt 0.159576654 0.754953086
vt 0.135822027 0.742645919
vt 0.135822027 0.742645919
vt 0.135822027 0.742645919
vt 0.135822027 0.742645919
vt 0.131649285 0.760692358
vt 0.131649285 0.760692358
vt 0.131649285 0.760692358
vt 0.131649285 0.760692358
vt 0.180501714 0.749835789
vt 0.107947312 0.885726034
vt 0.107947312 0.885726034
vt 0.165659993 0.741036534
vt 0.100341647 0.898643255
vt 0.100341647 0.898643255
vt 0.193371444 0.710037291
vt 0.198189705 0.758287549
vt 0.193371444 0.710037291
vt 0.201757535 0.694970130
vt 0.205198511 0.781450390
vt 0.201757535 0.694970130
vt 0.186083197 0.704836547
vt 0.186083197 0.704836547
vt 0.186083197 0.704836547
vt 0.189949527 0.690263032
vt 0.189949527 0.690263032
vt 0.189949527 0.690263032
vt 0.183909058 0.716401577
vt 0.111636981 0.952636718
vt 0.110070444 0.877441406
vt 0.180163949 0.711827457
vt 0.111905694 0.945880234
vt 0.111905694 0.945880234
vt 0.158926025 0.733299017
vt 0.100097656 0.907620012
vt 0.100097656 0.907620012
vt 0.155409753 0.724168896
vt 0.101352438 0.916151702
vt 0.101352438 0.916151702
vt 0.136690691 0.718960881
vt 0.136690691 0.718960881
vt 0.136690691 0.718960881
vt 0.136690691 0.718960881
vt 0.158679649 0.688642978
vt 0.158679649 0.688642978
vt 0.158679649 0.688642978
vt 0.156788140 0.708481550
vt 0.156788140 0.708481550
vt 0.156788140 0.708481550
vt 0.178474217 0.687287747
vt 0.178474217 0.687287747
vt 0.178474217 0.687287747
vt 0.178089991 0.702860415
vt 0.178089991 0.702860415
vt 0.178089991 0.702860415
vt 0.172693714 0.709557294
vt 0.111210823 0.937616884
vt 0.111210823 0.937616884
vt 0.16261217 0.711964428
vt 0.107957541 0.926919400
vt 0.107957541 0.926919400
vt 0.135566800 0.695774674
vt 0.135566800 0.695774674
vt 0.135566800 0.695774674
vt 0.135566800 0.695774674
vt 0.111229434 0.737142205
vt 0.111229434 0.737142205
vt 0.111229434 0.737142205
vt 0.111783385 0.721101164
vt 0.111783385 0.721101164
vt 0.111783385 0.721101164
vt 0.086124889 0.735447883
vt 0.086124889 0.735447883
vt 0.086124889 0.735447883
vt 0.087235540 0.71920681
vt 0.087235540 0.71920681
vt 0.087235540 0.71920681
vt 0.071338191 0.734557211
vt 0.071338191 0.734557211
vt 0.071338191 0.734557211
vt 0.074449926 0.716940045
vt 0.074449926 0.716940045
vt 0.074449926 0.716940045
vt 0.048380471 0.734643399
vt 0.048380471 0.734643399
vt 0.048380471 0.734643399
vt 0.048758730 0.716309011
vt 0.048758730 0.716309011
vt 0.048758730 0.716309011
vt 0.053027778 0.700515866
vt 0.053027778 0.700515866
vt 0.078788660 0.697169005
vt 0.078788660 0.697169005
vt 0.078788660 0.697169005
vt 0.104252696 0.694221437
vt 0.104252696 0.694221437
vt 0.104252696 0.694221437
vt 0.055414296 0.753830015
vt 0.055414296 0.753830015
vt 0.078346930 0.759862303
vt 0.078346930 0.759862303
vt 0.078346930 0.759862303
vt 0.106007777 0.762344241
vt 0.106007777 0.762344241
vt 0.106007777 0.762344241
vt 0.425513088 0.051287770
vt 0.230957031 0.940032303
vt 0.230957031 0.940032303
vt 0.434985458 0.057638406
vt 0.228415191 0.878658175
vt 0.229058995 0.952636718
vt 0.441949844 0.057805240
vt 0.229685217 0.887317955
vt 0.229685217 0.887317955
vt 0.045510079 0.490436792
vt 0.229945644 0.895186185
vt 0.229945644 0.895186185
vt 0.04747051 0.486812770
vt 0.229211121 0.900133371
vt 0.229211121 0.900133371
vt 0.047859478 0.476176798
vt 0.227069869 0.912534177
vt 0.227069869 0.912534177
vt 0.044720254 0.469059586
vt 0.227092951 0.922053575
vt 0.227092951 0.922053575
vt 0.420876294 0.044433593
vt 0.230353832 0.930736124
vt 0.230353832 0.930736124
vt 0.223057866 0.912244677
vt 0.223057866 0.912244677
vt 0.223057866 0.912244677
vt 0.214979276 0.921886384
vt 0.214979276 0.921886384
vt 0.214979276 0.921886384
vt 0.214979276 0.921886384
vt 0.214979276 0.921886384
vt 0.222755625 0.931203663
vt 0.222755625 0.931203663
vt 0.222755625 0.931203663
vt 0.223208248 0.900933384
vt 0.223208248 0.900933384
vt 0.223208248 0.900933384
vt 0.209317296 0.894087970
vt 0.209317296 0.894087970
vt 0.209317296 0.894087970
vt 0.209317296 0.894087970
vt 0.209317296 0.894087970
vt 0.216275036 0.88812989
vt 0.216275036 0.88812989
vt 0.216275036 0.88812989
vt 0.218666404 0.881102562
vt 0.219326376 0.950756311
vt 0.219326376 0.950756311
vt 0.216575160 0.940531730
vt 0.216575160 0.940531730
vt 0.216575160 0.940531730
vt 0.136543095 0.941346824
vt 0.136543095 0.941346824
vt 0.136543095 0.941346824
vt 0.132379531 0.882212281
vt 0.132379531 0.882212281
vt 0.133948996 0.949571251
vt 0.128005892 0.889590621
vt 0.128005892 0.889590621
vt 0.128005892 0.889590621
vt 0.126232534 0.899762094
vt 0.126232534 0.899762094
vt 0.126232534 0.899762094
vt 0.123865634 0.906124055
vt 0.123865634 0.906124055
vt 0.123865634 0.906124055
vt 0.123957261 0.915468573
vt 0.123957261 0.915468573
vt 0.123957261 0.915468573
vt 0.130048394 0.923991799
vt 0.130048394 0.923991799
vt 0.130048394 0.923991799
vt 0.136445686 0.933042228
vt 0.136445686 0.933042228
vt 0.136445686 0.933042228
vt 0.195304065 0.913735270
vt 0.195304065 0.913735270
vt 0.195304065 0.913735270
vt 0.195195734 0.901604235
vt 0.195195734 0.901604235
vt 0.195195734 0.901604235
vt 0.202976316 0.929618239
vt 0.202976316 0.929618239
vt 0.202976316 0.929618239
vt 0.204842239 0.889574527
vt 0.204842239 0.889574527
vt 0.204842239 0.889574527
vt 0.201440557 0.949347555
vt 0.200605750 0.881423592
vt 0.201440557 0.949347555
vt 0.201758205 0.940301179
vt 0.201758205 0.940301179
vt 0.201758205 0.940301179
vt 0.037477135 0.320579052
vt 0.962522864 0.320579052
vt 0.962522864 0.320579052
vt 0.886429786 0.302244544
vt 0.886429786 0.302244544
vt 0.886429786 0.302244544
vt 0.893666148 0.253899574
vt 0.893666148 0.253899574
vt 0.893666148 0.253899574
vt 0.027003884 0.266586065
vt 0.972996115 0.266586065
vt 0.972996115 0.266586065
vt 0.899111509 0.197277784
vt 0.899111509 0.197277784
vt 0.899111509 0.197277784
vt 0.019213911 0.209668457
vt 0.980786085 0.209668457
vt 0.980786085 0.209668457
vt 0.887224018 0.137559056
vt 0.887224018 0.137559056
vt 0.887224018 0.137559056
vt 0.009350779 0.150056839
vt 0.990649223 0.150056839
vt 0.990649223 0.150056839
vt 0.000488281 0.091192424
vt 0.000488281 0.091192424
vt 0.552246093 0.755909085
vt 0.999511718 0.091192424
vt 0.999511718 0.091192424
vt 0.876642704 0.101321339
vt 0.876642704 0.101321339
vt 0.876642704 0.101321339
vt 0.596993207 0.782714843
vt 0.960557878 0.053544223
vt 0.960557878 0.053544223
vt 0.945542156 0.204053819
vt 0.945542156 0.204053819
vt 0.945542156 0.204053819
vt 0.436786443 0.752044558
vt 0.563213586 0.752044558
vt 0.563213586 0.752044558
vt 0.609538793 0.772056043
vt 0.609538793 0.772056043
vt 0.609538793 0.772056043
vt 0.652699470 0.762681901
vt 0.652699470 0.762681901
vt 0.652699470 0.762681901
vt 0.922617852 0.000488281
vt 0.656284034 0.782714843
vt 0.756278753 0.004394531
vt 0.929432809 0.094644367
vt 0.929432809 0.094644367
vt 0.929432809 0.094644367
vt 0.939787805 0.141716480
vt 0.939787805 0.141716480
vt 0.939787805 0.141716480
vt 0.908586382 0.048611223
vt 0.908586382 0.048611223
vt 0.908586382 0.048611223
vt 0.858439445 0.057130396
vt 0.858439445 0.057130396
vt 0.858439445 0.057130396
vt 0.883876919 0.610770404
vt 0.864284336 0.105225503
vt 0.864284336 0.105225503
vt 0.883876919 0.610770404
vt 0.853154778 0.060149431
vt 0.912249863 0.643514335
vt 0.912249863 0.643514335
vt 0.948050856 0.315759658
vt 0.948050856 0.315759658
vt 0.948050856 0.315759658
vt 0.948019385 0.261925220
vt 0.948019385 0.261925220
vt 0.948019385 0.261925220
vt 0.431429863 0.744602084
vt 0.568570137 0.744602084
vt 0.568570137 0.744602084
vt 0.608101308 0.744821667
vt 0.608101308 0.744821667
vt 0.608101308 0.744821667
vt 0.372558593 0.346191406
vt 0.610265255 0.708211422
vt 0.627441406 0.346191406
vt 0.622842550 0.714231014
vt 0.626813054 0.334749162
vt 0.626813054 0.334749162
vt 0.789578914 0.017845571
vt 0.789578914 0.017845571
vt 0.890434503 0.016836524
vt 0.296251446 0.710695982
vt 0.296251446 0.710695982
vt 0.703748583 0.710695982
vt 0.703748583 0.710695982
vt 0.703748583 0.710695982
vt 0.713639795 0.036176919
vt 0.713639795 0.036176919
vt 0.705689907 0.754975855
vt 0.759665846 0.045047283
vt 0.759665846 0.045047283
vt 0.759665846 0.045047283
vt 0.635803937 0.711430311
vt 0.625241637 0.324081659
vt 0.625241637 0.324081659
vt 0.638416469 0.735435426
vt 0.638416469 0.735435426
vt 0.638416469 0.735435426
vt 0.374170452 0.312778592
vt 0.641800165 0.698730468
vt 0.625829577 0.312778592
vt 0.335320621 0.699118077
vt 0.664679408 0.699118077
vt 0.664679408 0.699118077
vt 0.592597365 0.333626389
vt 0.592597365 0.333626389
vt 0.592597365 0.333626389
vt 0.594727873 0.323223948
vt 0.594727873 0.323223948
vt 0.594727873 0.323223948
vt 0.402890056 0.311349391
vt 0.597109913 0.311349391
vt 0.597109913 0.311349391
vt 0.407089531 0.345565915
vt 0.592910468 0.345565915
vt 0.592910468 0.345565915
vt 0.819462657 0.057268679
vt 0.819462657 0.057268679
vt 0.819462657 0.057268679
vt 0.848557472 0.039105474
vt 0.848557472 0.039105474
vt 0.832933485 0.038131773
vt 0.839355468 0.042267978
vt 0.912597656 0.662527680
vt 0.500488281 0.530506730
vt 0.503795862 0.508461475
vt 0.825369000 0.062400639
vt 0.503795862 0.508461475
vt 0.864801406 0.606910824
vt 0.864801406 0.606910824
vt 0.864801406 0.606910824
vt 0.883044600 0.643184125
vt 0.883044600 0.643184125
vt 0.883044600 0.643184125
vt 0.529971957 0.530882358
vt 0.883758366 0.665385425
vt 0.529971957 0.530882358
vt 0.531603455 0.506710529
vt 0.531603455 0.506710529
vt 0.531603455 0.506710529
vt 0.871568024 0.134997785
vt 0.871568024 0.134997785
vt 0.859688043 0.172319769
vt 0.859688043 0.172319769
vt 0.859688043 0.172319769
vt 0.859688043 0.172319769
vt 0.826088666 0.162939965
vt 0.865564286 0.557834565
vt 0.543520927 0.418492198
vt 0.842316567 0.158167123
vt 0.826088666 0.162939965
vt 0.859222412 0.251700878
vt 0.859222412 0.251700878
vt 0.859222412 0.251700878
vt 0.862406194 0.301954448
vt 0.862406194 0.301954448
vt 0.862406194 0.301954448
vt 0.808515787 0.091176509
vt 0.808515787 0.091176509
vt 0.513274192 0.479832351
vt 0.513274192 0.479832351
vt 0.797189414 0.081723094
vt 0.797189414 0.081723094
vt 0.797189414 0.081723094
vt 0.796850085 0.133395493
vt 0.796850085 0.133395493
vt 0.776322007 0.132022261
vt 0.776322007 0.132022261
vt 0.776322007 0.132022261
vt 0.723180294 0.080186307
vt 0.723180294 0.080186307
vt 0.723180294 0.080186307
vt 0.723180294 0.080186307
vt 0.721356511 0.757453978
vt 0.707761287 0.049834430
vt 0.320800781 0.051551461
vt 0.738769531 0.732457339
vt 0.679199218 0.051551461
vt 0.320800781 0.085444808
vt 0.679199218 0.085444808
vt 0.679199218 0.085444808
vt 0.320489257 0.134558916
vt 0.679510712 0.134558916
vt 0.679510712 0.134558916
vt 0.719240367 0.133365988
vt 0.719240367 0.133365988
vt 0.719240367 0.133365988
vt 0.771751105 0.302332878
vt 0.771751105 0.302332878
vt 0.771751105 0.302332878
vt 0.726710438 0.308665692
vt 0.726710438 0.308665692
vt 0.726710438 0.308665692
vt 0.309199392 0.316578805
vt 0.690800607 0.316578805
vt 0.690800607 0.316578805
vt 0.774878680 0.246345281
vt 0.774878680 0.246345281
vt 0.774878680 0.246345281
vt 0.722087383 0.250270545
vt 0.722087383 0.250270545
vt 0.722087383 0.250270545
vt 0.315913528 0.250721514
vt 0.684086442 0.250721514
vt 0.684086442 0.250721514
vt 0.317938923 0.195959866
vt 0.682061076 0.195959866
vt 0.682061076 0.195959866
vt 0.721131742 0.195572495
vt 0.721131742 0.195572495
vt 0.721131742 0.195572495
vt 0.776479899 0.194120347
vt 0.776479899 0.194120347
vt 0.776479899 0.194120347
vt 0.806561291 0.177237153
vt 0.806561291 0.177237153
vt 0.806561291 0.177237153
vt 0.806561291 0.177237153
vt 0.820459902 0.199375033
vt 0.845128178 0.193636417
vt 0.820459902 0.199375033
vt 0.792957782 0.250774443
vt 0.792957782 0.250774443
vt 0.792957782 0.250774443
vt 0.790503561 0.302305579
vt 0.790503561 0.302305579
vt 0.790503561 0.302305579
vt 0.842285156 0.249128460
vt 0.842285156 0.249128460
vt 0.812335193 0.253788590
vt 0.843058049 0.306192398
vt 0.843058049 0.306192398
vt 0.805429220 0.307419121
vt 0.854828536 0.554121196
vt 0.554691195 0.415323853
vt 0.554691195 0.415323853
vt 0.593825936 0.403720319
vt 0.815960049 0.543899416
vt 0.593825936 0.403720319
vt 0.807861328 0.596221089
vt 0.807861328 0.596221089
vt 0.807861328 0.596221089
vt 0.538647294 0.471567094
vt 0.538647294 0.471567094
vt 0.538647294 0.471567094
vt 0.806701958 0.635500073
vt 0.806701958 0.635500073
vt 0.806701958 0.635500073
vt 0.605174243 0.532714843
vt 0.605174243 0.532714843
vt 0.809300661 0.667196989
vt 0.604948401 0.498710632
vt 0.604948401 0.498710632
vt 0.604948401 0.498710632
vt 0.604995787 0.451261282
vt 0.604995787 0.451261282
vt 0.604995787 0.451261282
vt 0.627257108 0.493936717
vt 0.627257108 0.493936717
vt 0.627257108 0.493936717
vt 0.625311136 0.530663967
vt 0.789297580 0.669433593
vt 0.789297580 0.669433593
vt 0.701405644 0.488286674
vt 0.891824185 0.812677085
vt 0.891824185 0.812677085
vt 0.714801609 0.669433593
vt 0.889160156 0.856752634
vt 0.923348605 0.895996093
vt 0.787008345 0.633981943
vt 0.787008345 0.633981943
vt 0.787008345 0.633981943
vt 0.708296001 0.625687956
vt 0.967635989 0.895996093
vt 0.967635989 0.895996093
vt 0.787803590 0.591998338
vt 0.787803590 0.591998338
vt 0.787803590 0.591998338
vt 0.704589843 0.576900243
vt 0.998535156 0.858110427
vt 0.998535156 0.858110427
vt 0.792672038 0.540270566
vt 0.616434574 0.396527648
vt 0.616434574 0.396527648
vt 0.69990623 0.375488281
vt 0.993380606 0.809351444
vt 0.993380606 0.809351444
vt 0.623027980 0.447986424
vt 0.623027980 0.447986424
vt 0.623027980 0.447986424
vt 0.701660156 0.429223060
vt 0.944994628 0.787597656
vt 0.944994628 0.787597656
vt 0.942202568 0.849081456
vt 0.791503906 0.736816406
vt 0.789197564 0.802246093
vt 0.941450953 0.833082318
vt 0.788955748 0.746643006
vt 0.788955748 0.746643006
vt 0.954721152 0.849199295
vt 0.786616444 0.790089547
vt 0.786616444 0.790089547
vt 0.781288862 0.779253006
vt 0.963609695 0.840922951
vt 0.781288862 0.779253006
vt 0.951483666 0.825831651
vt 0.783543586 0.757517755
vt 0.783543586 0.757517755
vt 0.962886035 0.829416036
vt 0.778484463 0.768228232
vt 0.778484463 0.768228232
vt 0.757002353 0.781929314
vt 0.757002353 0.781929314
vt 0.757002353 0.781929314
vt 0.755323708 0.790786206
vt 0.755323708 0.790786206
vt 0.755323708 0.790786206
vt 0.757280230 0.769022226
vt 0.757280230 0.769022226
vt 0.757280230 0.769022226
vt 0.760079860 0.758160412
vt 0.760079860 0.758160412
vt 0.760079860 0.758160412
vt 0.759266197 0.747076988
vt 0.759266197 0.747076988
vt 0.759266197 0.747076988
vt 0.757175564 0.800607204
vt 0.757175564 0.800607204
vt 0.759770512 0.738253295
vt 0.742728054 0.781770169
vt 0.730012416 0.907792687
vt 0.730012416 0.907792687
vt 0.743326783 0.792468309
vt 0.733988404 0.919561684
vt 0.733988404 0.919561684
vt 0.745750725 0.738516867
vt 0.743652343 0.926237940
vt 0.917534649 0.900878906
vt 0.744949102 0.748894810
vt 0.927613616 0.904301524
vt 0.927613616 0.904301524
vt 0.742987513 0.759798288
vt 0.938761413 0.902388334
vt 0.738624095 0.885417163
vt 0.740722656 0.769703984
vt 0.729857564 0.893909215
vt 0.729857564 0.893909215
vt 0.515294671 0.547474563
vt 0.703216135 0.941053628
vt 0.703216135 0.941053628
vt 0.703216135 0.941053628
vt 0.682502508 0.885623872
vt 0.682502508 0.885623872
vt 0.682502508 0.885623872
vt 0.718526840 0.889064848
vt 0.718526840 0.889064848
vt 0.718526840 0.889064848
vt 0.725540518 0.932144284
vt 0.725540518 0.932144284
vt 0.725540518 0.932144284
vt 0.512207031 0.586425781
vt 0.675880193 0.939209580
vt 0.675880193 0.939209580
vt 0.675880193 0.939209580
vt 0.675358653 0.884758591
vt 0.675358653 0.884758591
vt 0.675358653 0.884758591
vt 0.659622609 0.883097648
vt 0.659622609 0.883097648
vt 0.659622609 0.883097648
vt 0.651103019 0.928908467
vt 0.651103019 0.928908467
vt 0.651103019 0.928908467
vt 0.639461994 0.921513497
vt 0.639461994 0.921513497
vt 0.643706083 0.885110497
vt 0.643706083 0.885110497
vt 0.528868973 0.578814923
vt 0.528868973 0.578814923
vt 0.528868973 0.578814923
vt 0.527155697 0.561944007
vt 0.527155697 0.561944007
vt 0.527155697 0.561944007
vt 0.907179772 0.913573741
vt 0.741801083 0.946584641
vt 0.907179772 0.913573741
vt 0.928330063 0.908617794
vt 0.928330063 0.908617794
vt 0.928330063 0.908617794
vt 0.929747521 0.953285157
vt 0.929747521 0.953285157
vt 0.929747521 0.953285157
vt 0.551108777 0.559646010
vt 0.551108777 0.559646010
vt 0.551108777 0.559646010
vt 0.953035354 0.951850414
vt 0.953035354 0.951850414
vt 0.680385470 0.857910156
vt 0.951360583 0.910092532
vt 0.951360583 0.910092532
vt 0.728172779 0.871446609
vt 0.540225148 0.569009065
vt 0.540225148 0.569009065
vt 0.726677954 0.908165514
vt 0.726677954 0.908165514
vt 0.726677954 0.908165514
vt 0.679521322 0.910168290
vt 0.679521322 0.910168290
vt 0.679521322 0.910168290
vt 0.672025084 0.908710420
vt 0.672025084 0.908710420
vt 0.672025084 0.908710420
vt 0.657196700 0.906403541
vt 0.657196700 0.906403541
vt 0.657196700 0.906403541
vt 0.641373634 0.904029250
vt 0.641373634 0.904029250
vt 0.641373634 0.904029250
vt 0.551430404 0.580716490
vt 0.551430404 0.580716490
vt 0.551430404 0.580716490
vt 0.653525114 0.957519531
vt 0.554866194 0.586425781
vt 0.904720068 0.954839825
vt 0.904720068 0.954839825
vt 0.542248964 0.572700798
vt 0.542248964 0.572700798
vt 0.534811735 0.572394251
vt 0.534811735 0.572394251
vt 0.535384774 0.568496644
vt 0.535384774 0.568496644
vt 0.565917968 0.540527343
vt 0.730672359 0.957519531
vt 0.902832031 0.926097035
vt 0.902832031 0.926097035
vt 0.665490031 0.935253381
vt 0.665490031 0.935253381
vt 0.665490031 0.935253381
vt 0.646594286 0.951007187
vt 0.906458497 0.963714301
vt 0.906458497 0.963714301
vt 0.699825108 0.886902213
vt 0.699825108 0.886902213
vt 0.699825108 0.886902213
vt 0.953613281 0.930718243
vt 0.705870926 0.860525667
vt 0.953613281 0.930718243
vt 0.929561257 0.934897780
vt 0.929561257 0.934897780
vt 0.929561257 0.934897780
vt 0.700247108 0.911173820
vt 0.700247108 0.911173820
vt 0.700247108 0.911173820
vt 0.907486140 0.997558593
vt 0.629616320 0.923540830
vt 0.637147545 0.941150069
vt 0.907024860 0.976894497
vt 0.907024860 0.976894497
vt 0.929670870 0.995846986
vt 0.626464843 0.901723980
vt 0.626464843 0.901723980
vt 0.929363787 0.975895226
vt 0.929363787 0.975895226
vt 0.929363787 0.975895226
vt 0.929763615 0.962161660
vt 0.929763615 0.962161660
vt 0.929763615 0.962161660
vt 0.632411718 0.877633690
vt 0.632411718 0.877633690
vt 0.953252434 0.974347174
vt 0.655338168 0.864284336
vt 0.655338168 0.864284336
vt 0.952404558 0.961124062
vt 0.670107364 0.859434545
vt 0.670107364 0.859434545
vt 0.408660531 0.310873210
vt 0.591339469 0.310873210
vt 0.591339469 0.310873210
vt 0.589882254 0.322950780
vt 0.589882254 0.322950780
vt 0.589882254 0.322950780
vt 0.588414192 0.333641409
vt 0.588414192 0.333641409
vt 0.588414192 0.333641409
vt 0.410250246 0.345530808
vt 0.589749753 0.345530808
vt 0.589749753 0.345530808
vt 0.567507743 0.320689022
vt 0.610754132 0.570943117
vt 0.610754132 0.570943117
vt 0.404852122 0.562796652
vt 0.566894531 0.304199218
vt 0.595147848 0.562796652
vt 0.578347683 0.334742724
vt 0.628291964 0.561620712
vt 0.628291964 0.561620712
vt 0.369154810 0.548816084
vt 0.581945776 0.346191406
vt 0.630845189 0.548816084
vt 0.455842018 0.601153314
vt 0.544157981 0.601153314
vt 0.544157981 0.601153314
vt 0.584545016 0.627864420
vt 0.584545016 0.627864420
vt 0.584545016 0.627864420
vt 0.358737200 0.546573340
vt 0.641262769 0.546573340
vt 0.641262769 0.546573340
vt 0.649613380 0.588807523
vt 0.649613380 0.588807523
vt 0.649613380 0.588807523
vt 0.649613380 0.588807523
vt 0.677203655 0.596327245
vt 0.604199886 0.937095642
vt 0.383669436 0.891671717
vt 0.699707031 0.542480468
vt 0.616330564 0.891671717
vt 0.483886718 0.658150553
vt 0.662597656 0.841499030
vt 0.516113281 0.658150553
vt 0.620323658 0.792757868
vt 0.578373551 0.680175781
vt 0.578373551 0.680175781
vt 0.355630576 0.853115975
vt 0.644369423 0.853115975
vt 0.644369423 0.853115975
vt 0.608771801 0.805360078
vt 0.608771801 0.805360078
vt 0.608771801 0.805360078
vt 0.408049613 0.875410378
vt 0.591950416 0.875410378
vt 0.591950416 0.875410378
vt 0.578562974 0.847278952
vt 0.578562974 0.847278952
vt 0.517773687 0.308105468
vt 0.523718237 0.777222454
vt 0.990722656 0.610176384
vt 0.990722656 0.610176384
vt 0.517089843 0.314445436
vt 0.679873108 0.680175781
vt 0.679873108 0.680175781
vt 0.531716823 0.947489261
vt 0.531716823 0.947489261
vt 0.517089843 0.314445436
vt 0.554234683 0.335283815
vt 0.554234683 0.335283815
vt 0.554234683 0.335283815
vt 0.557405173 0.331159710
vt 0.983148038 0.565573036
vt 0.580170452 0.359749496
vt 0.580170452 0.359749496
vt 0.953915774 0.542964994
vt 0.574907124 0.361598312
vt 0.574907124 0.361598312
vt 0.409667968 0.395290970
vt 0.919433593 0.537597656
vt 0.590332031 0.395290970
vt 0.415695101 0.395996093
vt 0.584304928 0.395996093
vt 0.584304928 0.395996093
vt 0.946507096 0.651188671
vt 0.526664018 0.852837860
vt 0.946507096 0.651188671
vt 0.664929747 0.673381865
vt 0.664929747 0.673381865
vt 0.478027343 0.881347656
vt 0.919433593 0.647613227
vt 0.521972656 0.881347656
vt 0.381241470 0.866372704
vt 0.618758559 0.866372704
vt 0.618758559 0.866372704
vt 0.591300487 0.822971224
vt 0.591300487 0.822971224
vt 0.591300487 0.822971224
vt 0.534854948 0.829124748
vt 0.969744324 0.654785156
vt 0.071827523 0.600414812
vt 0.928172469 0.600414812
vt 0.928172469 0.600414812
vt 0.578996241 0.674167275
vt 0.578996241 0.674167275
vt 0.578996241 0.674167275
vt 0.960813283 0.605492591
vt 0.960813283 0.605492591
vt 0.960813283 0.605492591
vt 0.481383591 0.651420950
vt 0.518616437 0.651420950
vt 0.518616437 0.651420950
vt 0.436092138 0.889733254
vt 0.563907861 0.889733254
vt 0.563907861 0.889733254
vt 0.474294662 0.889359951
vt 0.482910156 0.385918259
vt 0.517089843 0.385918259
vt 0.525705337 0.889359951
vt 0.517089843 0.385918259
vt 0.944741964 0.327731549
vt 0.707519531 0.387012362
vt 0.707519531 0.387012362
vt 0.292435497 0.369013071
vt 0.957110464 0.331542968
vt 0.707564473 0.369013071
vt 0.714456617 0.469561219
vt 0.890777587 0.311725795
vt 0.714456617 0.469561219
vt 0.782746553 0.400743007
vt 0.782746553 0.400743007
vt 0.782746553 0.400743007
vt 0.222357243 0.372405707
vt 0.777642726 0.372405707
vt 0.777642726 0.372405707
vt 0.824812531 0.405875086
vt 0.824812531 0.405875086
vt 0.824812531 0.405875086
vt 0.182510018 0.376027584
vt 0.817489981 0.376027584
vt 0.817489981 0.376027584
vt 0.792536497 0.461820006
vt 0.792536497 0.461820006
vt 0.792536497 0.461820006
vt 0.868855536 0.321782469
vt 0.708390593 0.501233458
vt 0.708390593 0.501233458
vt 0.791901230 0.328233361
vt 0.707519531 0.524782717
vt 0.533992469 0.303045570
vt 0.781885325 0.321524202
vt 0.550308287 0.300826549
vt 0.550308287 0.300826549
vt 0.768011808 0.318257451
vt 0.570792973 0.300276160
vt 0.570792973 0.300276160
vt 0.730328083 0.320048928
vt 0.624679446 0.303933799
vt 0.624679446 0.303933799
vt 0.325539767 0.310058593
vt 0.694953322 0.328613281
vt 0.674460232 0.310058593
vt 0.829673051 0.457958579
vt 0.829673051 0.457958579
vt 0.829673051 0.457958579
vt 0.868283093 0.417364120
vt 0.868283093 0.417364120
vt 0.868283093 0.417364120
vt 0.518066406 0.084650993
vt 0.518066406 0.084650993
vt 0.924195766 0.524474859
vt 0.861355483 0.464130163
vt 0.861355483 0.464130163
vt 0.861355483 0.464130163
vt 0.920748710 0.477581262
vt 0.920748710 0.477581262
vt 0.920748710 0.477581262
vt 0.938286960 0.447793722
vt 0.938286960 0.447793722
vt 0.938286960 0.447793722
vt 0.833054363 0.499315261
vt 0.833054363 0.499315261
vt 0.833054363 0.499315261
vt 0.860420823 0.501628637
vt 0.860420823 0.501628637
vt 0.860420823 0.501628637
vt 0.796466112 0.498082876
vt 0.796466112 0.498082876
vt 0.796466112 0.498082876
vt 0.518066406 0.155761122
vt 0.853672742 0.526855468
vt 0.518066406 0.155761122
vt 0.827883899 0.526846587
vt 0.519993782 0.181399822
vt 0.519993782 0.181399822
vt 0.796173930 0.523476898
vt 0.521316409 0.213572859
vt 0.521316409 0.213572859
vt 0.547752022 0.153250634
vt 0.547752022 0.153250634
vt 0.547752022 0.153250634
vt 0.549079537 0.179231226
vt 0.549079537 0.179231226
vt 0.549079537 0.179231226
vt 0.549389481 0.214895486
vt 0.549389481 0.214895486
vt 0.549389481 0.214895486
vt 0.574875235 0.150797486
vt 0.574875235 0.150797486
vt 0.574875235 0.150797486
vt 0.576625943 0.177619397
vt 0.576625943 0.177619397
vt 0.576625943 0.177619397
vt 0.577080726 0.212456226
vt 0.577080726 0.212456226
vt 0.577080726 0.212456226
vt 0.626096963 0.213111817
vt 0.626096963 0.213111817
vt 0.626096963 0.213111817
vt 0.331420838 0.213027000
vt 0.668579161 0.213027000
vt 0.668579161 0.213027000
vt 0.628032505 0.173336267
vt 0.628032505 0.173336267
vt 0.628032505 0.173336267
vt 0.328165113 0.157404661
vt 0.671834886 0.157404661
vt 0.671834886 0.157404661
vt 0.622704148 0.148255825
vt 0.622704148 0.148255825
vt 0.622704148 0.148255825
vt 0.323730468 0.143583893
vt 0.130144715 0.363769531
vt 0.130144715 0.363769531
vt 0.676269531 0.143583893
vt 0.676269531 0.143583893
vt 0.869855284 0.363769531
vt 0.869855284 0.363769531
vt 0.963424742 0.426912546
vt 0.963424742 0.426912546
vt 0.618960738 0.049589991
vt 0.598159015 0.072162866
vt 0.598159015 0.072162866
vt 0.598159015 0.072162866
vt 0.567890346 0.085358142
vt 0.567890346 0.085358142
vt 0.567890346 0.085358142
vt 0.539391636 0.092296838
vt 0.539391636 0.092296838
vt 0.539391636 0.092296838
vt 0.917634010 0.503594875
vt 0.917634010 0.503594875
vt 0.917634010 0.503594875
vt 0.794951200 0.332241475
vt 0.979714453 0.712003290
vt 0.979714453 0.712003290
vt 0.817113399 0.329589843
vt 0.980957031 0.737184464
vt 0.980957031 0.737184464
vt 0.818930149 0.347697556
vt 0.872317612 0.859980046
vt 0.872317612 0.859980046
vt 0.795489728 0.34996593
vt 0.874511718 0.836157441
vt 0.874511718 0.836157441
vt 0.850639581 0.335065782
vt 0.955154895 0.764178276
vt 0.955154895 0.764178276
vt 0.848468303 0.35319978
vt 0.844815731 0.872558593
vt 0.907318830 0.346434593
vt 0.895958304 0.786772549
vt 0.895958304 0.786772549
vt 0.907087564 0.366129756
vt 0.785766720 0.864429593
vt 0.785766720 0.864429593
vt 0.930987834 0.347794652
vt 0.869882226 0.790672779
vt 0.869882226 0.790672779
vt 0.930687665 0.367296814
vt 0.762048125 0.863694608
vt 0.762048125 0.863694608
vt 0.957946240 0.350996732
vt 0.840485334 0.797693789
vt 0.840485334 0.797693789
vt 0.954304635 0.370379090
vt 0.738151133 0.864581108
vt 0.738151133 0.864581108
vt 0.98295331 0.356246769
vt 0.811797857 0.803222656
vt 0.811797857 0.803222656
vt 0.979731798 0.372669339
vt 0.713492214 0.857472717
vt 0.594238281 0.360007524
vt 0.793457031 0.802766144
vt 0.793457031 0.680606961
vt 0.598995447 0.374511718
vt 0.703613281 0.845319449
vt 0.703613281 0.845319449
vt 0.612782239 0.358534693
vt 0.807301640 0.674666345
vt 0.807301640 0.674666345
vt 0.615846991 0.373173236
vt 0.706244826 0.828366637
vt 0.706244826 0.828366637
vt 0.879781305 0.341043591
vt 0.925606012 0.778193533
vt 0.925606012 0.778193533
vt 0.880915045 0.360403835
vt 0.811427354 0.872558593
vt 0.811427354 0.872558593
vt 0.767032384 0.337555408
vt 0.956197559 0.690982937
vt 0.956197559 0.690982937
vt 0.769444882 0.356008529
vt 0.854101836 0.818508803
vt 0.735861301 0.344421029
vt 0.923475205 0.679690778
vt 0.923475205 0.679690778
vt 0.738486886 0.360666334
vt 0.823503553 0.811035156
vt 0.823503553 0.811035156
vt 0.707599401 0.348778784
vt 0.893505156 0.676145255
vt 0.893505156 0.676145255
vt 0.709258019 0.365127742
vt 0.793869793 0.812476277
vt 0.793869793 0.812476277
vt 0.683837950 0.351838111
vt 0.869660496 0.674100458
vt 0.869660496 0.674100458
vt 0.685365974 0.367581009
vt 0.770071208 0.816435933
vt 0.770071208 0.816435933
vt 0.653077721 0.353329658
vt 0.841088712 0.673361420
vt 0.841088712 0.673361420
vt 0.654727220 0.371274411
vt 0.739142477 0.814506292
vt 0.739142477 0.814506292
vt 0.627081751 0.356650114
vt 0.818920433 0.672363281
vt 0.818920433 0.672363281
vt 0.630818128 0.373134136
vt 0.715106487 0.816088557
vt 0.834925174 0.853736281
vt 0.834925174 0.853736281
vt 0.834925174 0.853736281
vt 0.839441895 0.833523094
vt 0.839441895 0.833523094
vt 0.839441895 0.833523094
vt 0.789631903 0.848809957
vt 0.789631903 0.848809957
vt 0.789631903 0.848809957
vt 0.791925907 0.832604050
vt 0.791925907 0.832604050
vt 0.791925907 0.832604050
vt 0.767749548 0.847348272
vt 0.767749548 0.847348272
vt 0.767749548 0.847348272
vt 0.770484626 0.828964173
vt 0.770484626 0.828964173
vt 0.770484626 0.828964173
vt 0.737286269 0.835130095
vt 0.737286269 0.835130095
vt 0.737286269 0.835130095
vt 0.737536728 0.850225627
vt 0.737536728 0.850225627
vt 0.737536728 0.850225627
vt 0.811716795 0.781797409
vt 0.811716795 0.781797409
vt 0.811716795 0.781797409
vt 0.839030504 0.777585744
vt 0.839030504 0.777585744
vt 0.839030504 0.777585744
vt 0.813286304 0.760427713
vt 0.813286304 0.760427713
vt 0.813286304 0.760427713
vt 0.840423345 0.754953086
vt 0.840423345 0.754953086
vt 0.840423345 0.754953086
vt 0.864177942 0.742645919
vt 0.864177942 0.742645919
vt 0.864177942 0.742645919
vt 0.864177942 0.742645919
vt 0.868350744 0.760692358
vt 0.868350744 0.760692358
vt 0.868350744 0.760692358
vt 0.868350744 0.760692358
vt 0.819498300 0.749835789
vt 0.892052710 0.885726034
vt 0.892052710 0.885726034
vt 0.834339976 0.741036534
vt 0.899658322 0.898643255
vt 0.899658322 0.898643255
vt 0.806628584 0.710037291
vt 0.801810264 0.758287549
vt 0.806628584 0.710037291
vt 0.798242449 0.694970130
vt 0.794801473 0.781450390
vt 0.798242449 0.694970130
vt 0.813916802 0.704836547
vt 0.813916802 0.704836547
vt 0.813916802 0.704836547
vt 0.810050487 0.690263032
vt 0.810050487 0.690263032
vt 0.810050487 0.690263032
vt 0.816090941 0.716401577
vt 0.888363003 0.952636718
vt 0.889929533 0.877441406
vt 0.819836020 0.711827457
vt 0.888094306 0.945880234
vt 0.888094306 0.945880234
vt 0.841073989 0.733299017
vt 0.899902343 0.907620012
vt 0.899902343 0.907620012
vt 0.844590246 0.724168896
vt 0.898647546 0.916151702
vt 0.898647546 0.916151702
vt 0.863309323 0.718960881
vt 0.863309323 0.718960881
vt 0.863309323 0.718960881
vt 0.863309323 0.718960881
vt 0.841320335 0.688642978
vt 0.841320335 0.688642978
vt 0.841320335 0.688642978
vt 0.843211889 0.708481550
vt 0.843211889 0.708481550
vt 0.843211889 0.708481550
vt 0.821525812 0.687287747
vt 0.821525812 0.687287747
vt 0.821525812 0.687287747
vt 0.821910023 0.702860415
vt 0.821910023 0.702860415
vt 0.821910023 0.702860415
vt 0.827306270 0.709557294
vt 0.888789176 0.937616884
vt 0.888789176 0.937616884
vt 0.837387800 0.711964428
vt 0.892042458 0.926919400
vt 0.892042458 0.926919400
vt 0.864433169 0.695774674
vt 0.864433169 0.695774674
vt 0.864433169 0.695774674
vt 0.864433169 0.695774674
s 0
f 2/2 3/3 24/24 23/23
f 3/665 5/5 12/12 24/729
f 5/671 7/7 18/18 12/692
f 7/677 10/10 17/17 18/710
f 357/357 355/355 24/730 12/693
f 11/11 14/14 364/364 360/360
f 11/689 16/16 15/15 14/698
f 360/1739 359/359 18/711 17/707
f 11/690 360/1740 17/708 19/19
f 359/1736 357/1730 12/694 18/712
f 10/686 21/21 22/22 20/20
f 355/1724 352/352 23/726 24/731
f 10/687 20/716 19/713 17/709
f 14/699 26/26 376/376 364/1753
f 26/735 28/28 378/378 376/1790
f 19/714 29/29 16/704 11/691
f 16/705 31/31 381/381 15/701
f 29/744 32/32 31/750 16/706
f 26/736 34/34 33/33 28/741
f 14/700 15/702 34/759 26/737
f 34/760 387/387 386/386 33/756
f 387/1825 34/761 15/703 381/1805
f 33/757 38/38 37/37 28/742
f 390/390 38/771 33/758 386/1822
f 37/768 391/391 378/1796 28/743
f 29/745 42/42 41/41 32/753
f 19/715 20/717 42/783 29/746
f 20/718 22/723 43/43 42/784
f 42/785 43/786 44/44 41/780
f 21/719 45/45 46/46 22/724
f 22/725 46/795 47/47 43/787
f 43/788 47/798 48/48 44/789
f 7/678 49/49 21/720 10/688
f 7/679 5/672 50/50 49/804
f 49/805 50/806 51/51 21/721
f 3/666 52/52 50/807 5/673
f 2/662 53/53 52/815 3/667
f 44/790 54/54 55/55 41/781
f 54/821 56/56 57/57 55/825
f 55/826 58/58 32/754 41/782
f 58/833 59/59 31/751 32/755
f 31/752 59/837 411/411 381/1806
f 58/834 412/412 411/1899 59/838
f 58/835 63/63 413/413 412/1902
f 55/827 57/830 63/848 58/836
f 64/64 65/65 68/68 67/67
f 420/420 68/863 65/854 417/417
f 63/849 57/831 72/72 71/71
f 413/1905 63/850 71/874 421/421
f 421/1929 71/875 68/864 420/1926
f 67/860 68/865 71/876 72/877
f 54/822 51/810 73/73 56/828
f 241/241 240/240 237/237 230/230
f 56/829 73/880 72/878 57/832
f 67/861 75/75 76/76 64/851
f 75/887 77/77 78/78 76/890
f 77/893 52/816 53/818 78/896
f 72/879 73/881 75/888 67/862
f 52/817 77/894 74/74 50/808
f 73/882 74/884 77/895 75/889
f 51/811 79/79 45/792 21/722
f 79/899 80/80 81/81 45/793
f 51/812 54/823 82/82 79/900
f 44/791 48/801 82/908 54/824
f 81/905 83/83 46/796 45/794
f 46/797 83/911 84/84 47/799
f 47/800 84/914 85/85 48/802
f 48/803 85/917 86/86 82/909
f 82/910 86/920 80/902 79/901
f 84/915 88/88 87/87 85/918
f 88/926 90/90 89/89 87/923
f 84/916 83/912 91/91 88/927
f 88/928 91/935 92/92 90/932
f 83/913 81/906 93/93 91/936
f 91/937 93/941 94/94 92/938
f 81/907 80/903 95/95 93/942
f 93/943 95/947 96/96 94/944
f 80/904 86/921 97/97 95/948
f 95/949 97/953 98/98 96/950
f 85/919 87/924 97/954 86/922
f 87/925 89/929 98/956 97/955
f 90/933 99/99 100/100 89/930
f 90/934 92/939 101/101 99/959
f 92/940 94/945 102/102 101/965
f 89/931 100/962 103/103 98/957
f 98/958 103/971 104/104 96/951
f 102/968 105/105 106/106 101/966
f 96/952 104/974 102/969 94/946
f 104/975 107/107 105/977 102/970
f 103/972 108/108 107/983 104/976
f 100/963 109/109 108/986 103/973
f 99/960 110/110 109/989 100/964
f 101/967 106/980 110/992 99/961
f 105/978 111/111 112/112 106/981
f 106/982 112/998 113/113 110/993
f 110/994 113/1001 114/114 109/990
f 109/991 114/1004 115/115 108/987
f 108/988 115/1007 116/116 107/984
f 107/985 116/1010 111/995 105/979
f 132/132 135/135 143/143 141/141
f 118/118 122/122 138/138 137/137
f 122/1030 123/123 139/139 138/1075
f 123/1033 126/126 140/140 139/1078
f 121/121 127/127 128/128 117/117
f 144/144 145/145 128/1046 127/1043
f 121/1026 142/142 141/1084 127/1044
f 119/119 134/134 150/150 149/149
f 134/1064 130/130 151/151 150/1110
f 135/1067 145/1095 144/1093 143/1091
f 120/120 129/129 113/1002 112/999
f 129/1049 130/1052 114/1005 113/1003
f 130/1053 134/1065 115/1008 114/1006
f 143/1092 144/1094 127/1045 141/1085
f 135/1068 132/1058 128/1047 145/1096
f 147/147 148/148 142/1087 121/1027
f 125/125 124/124 139/1079 140/1081
f 112/1000 111/996 136/136 120/1023
f 111/997 116/1011 119/1020 136/1069
f 116/1012 115/1009 134/1066 119/1021
f 142/1088 146/146 132/1059 141/1086
f 138/1076 147/1101 121/1028 137/1072
f 139/1080 124/1036 147/1102 138/1077
f 132/1060 146/1097 117/1013 128/1048
f 146/1098 129/1050 120/1024 117/1014
f 133/133 118/1017 149/1107 150/1111
f 131/131 133/1061 150/1112 151/1113
f 136/1070 152/152 117/1015 120/1025
f 119/1022 149/1108 152/1116 136/1071
f 117/1016 152/1117 137/1073 121/1029
f 149/1109 118/1018 137/1074 152/1118
f 129/1051 146/1099 151/1114 130/1054
f 146/1100 142/1089 131/1055 151/1115
f 125/1039 153/153 154/154 124/1037
f 124/1038 154/1121 148/1104 147/1103
f 153/1119 155/155 156/156 154/1122
f 154/1123 156/1127 157/157 148/1105
f 148/1106 157/1130 131/1056 142/1090
f 155/1124 158/158 159/159 156/1128
f 156/1129 159/1135 160/160 157/1131
f 157/1132 160/1138 133/1062 131/1057
f 160/1139 122/1031 118/1019 133/1063
f 159/1136 123/1034 122/1032 160/1140
f 159/1137 158/1133 126/1041 123/1035
f 158/1134 155/1125 140/1082 126/1042
f 155/1126 153/1120 125/1040 140/1083
f 512/512 162/162 38/772 390/1834
f 162/1144 163/163 37/769 38/773
f 163/1147 515/515 391/1837 37/770
f 517/517 165/165 162/1145 512/2199
f 165/1155 167/167 163/1148 162/1146
f 167/1161 519/519 515/2208 163/1149
f 520/520 170/170 165/1156 517/2214
f 167/1162 172/172 522/522 519/2220
f 172/1176 173/173 525/525 522/2229
f 165/1157 170/1170 172/1177 167/1163
f 197/197 546/546 538/538 185/185
f 528/528 178/178 176/176 526/526
f 530/530 180/180 193/193 543/543
f 178/1194 181/181 182/182 176/1188
f 181/1202 184/184 183/183 182/1206
f 196/196 190/190 172/1178 170/1171
f 184/1215 185/1217 186/186 183/1212
f 539/539 186/1220 185/1218 538/2278
f 180/1200 189/189 194/194 193/1238
f 546/2300 197/1249 189/1228 542/542
f 542/2289 189/1229 180/1201 530/2253
f 190/1231 196/1246 176/1189 182/1207
f 181/1203 178/1195 193/1239 194/1241
f 196/1247 549/549 526/2241 176/1190
f 549/2309 196/1248 170/1172 520/2223
f 184/1216 181/1204 197/1250 185/1219
f 197/1251 181/1205 194/1242 189/1230
f 190/1232 182/1208 173/1180 172/1179
f 543/2292 193/1240 178/1196 528/2247
f 182/1209 550/550 525/2238 173/1181
f 551/551 183/1213 186/1221 539/2281
f 182/1210 551/2315 550/2312
f 182/1211 183/1214 551/2316
f 553/553 201/201 23/727 352/1715
f 201/1260 203/203 2/663 23/728
f 556/556 204/204 201/1261 553/2323
f 558/558 206/206 204/1269 556/2332
f 204/1270 208/208 203/1266 201/1262
f 203/1267 209/209 53/819 2/664
f 209/1284 210/210 78/897 53/820
f 210/1287 211/211 76/891 78/898
f 211/1290 212/212 64/852 76/892
f 212/1293 213/213 65/855 64/853
f 565/565 417/1917 65/856 213/1296
f 206/1275 215/215 208/1281 204/1271
f 218/218 219/219 243/243 222/222
f 216/216 218/1311 215/1302 206/1276
f 216/1305 220/220 219/1314 218/1312
f 218/1313 222/1323 221/221 215/1303
f 208/1282 223/223 209/1285 203/1268
f 215/1304 221/1320 223/1326 208/1283
f 222/1324 224/224 225/225 221/1321
f 221/1322 225/1332 226/226 223/1327
f 223/1328 226/1335 210/1288 209/1286
f 224/1329 227/227 228/228 225/1333
f 225/1334 228/1341 229/229 226/1336
f 226/1337 229/1344 211/1291 210/1289
f 227/1338 230/1347 231/231 228/1342
f 228/1343 231/1350 232/232 229/1345
f 229/1346 232/1353 212/1294 211/1292
f 232/1354 233/233 213/1297 212/1295
f 213/1298 233/1356 585/585 565/2359
f 233/1357 235/235 587/587 585/2419
f 232/1355 231/1351 235/1362 233/1358
f 235/1363 237/1368 589/589 587/2425
f 231/1352 230/1348 237/1369 235/1364
f 237/1370 240/1377 239/239 589/2431
f 336/336 335/335 349/349 350/350
f 227/1339 242/242 241/1380 230/1349
f 222/1325 243/1386 217/217 224/1330
f 224/1331 217/1308 242/1383 227/1340
f 589/2432 216/1306 206/1277 558/2338
f 589/2433 239/1374 220/1317 216/1307
f 247/247 246/246 245/245 244/244
f 246/1395 249/249 248/248 245/1392
f 262/262 263/263 251/251 250/250
f 251/1409 253/253 252/252 250/1406
f 253/1415 255/255 254/254 252/1412
f 255/1421 257/257 256/256 254/1418
f 257/1427 259/259 258/258 256/1424
f 259/1432 261/261 260/260 258/1429
f 263/1444 262/1441 248/1401 249/1404
f 244/1389 264/264 265/265 247/1398
f 264/1447 266/266 267/267 265/1450
f 266/1452 268/268 269/269 267/1455
f 268/1458 270/270 271/271 269/1461
f 270/1464 272/272 273/273 271/1467
f 272/1470 274/274 275/275 273/1473
f 274/1476 260/1435 261/1438 275/1479
f 246/1396 276/276 263/1445 249/1405
f 247/1399 277/277 276/1481 246/1397
f 265/1451 267/1456 277/1484 247/1400
f 263/1446 276/1482 278/278 251/1410
f 276/1483 277/1485 279/279 278/1487
f 267/1457 269/1462 279/1490 277/1486
f 251/1411 278/1488 280/280 253/1416
f 278/1489 279/1491 281/281 280/1493
f 269/1463 271/1468 281/1496 279/1492
f 273/1474 282/282 281/1497 271/1469
f 280/1494 283/283 255/1422 253/1417
f 281/1498 282/1499 283/1502 280/1495
f 275/1480 261/1439 282/1500 273/1475
f 255/1423 283/1503 259/1433 257/1428
f 261/1440 259/1434 283/1504 282/1501
f 256/1425 284/284 285/285 254/1419
f 284/1505 286/286 287/287 285/1508
f 287/1514 288/288 289/289 285/1509
f 285/1510 289/1521 252/1413 254/1420
f 286/1511 290/290 291/291 287/1515
f 284/1506 293/293 292/292 286/1512
f 293/1534 295/295 294/294 292/1531
f 286/1513 292/1532 296/296 290/1525
f 292/1533 294/1537 297/297 296/1543
f 287/1516 291/1528 298/298 288/1517
f 298/1549 299/299 300/300 288/1518
f 303/303 301/301 302/302 304/304
f 295/1540 303/1565 304/1568 294/1538
f 294/1539 304/1569 305/305 297/1546
f 302/1562 306/306 305/1571 304/1570
f 299/1552 306/1574 302/1563 300/1555
f 302/1564 301/1559 307/307 300/1556
f 300/1557 309/309 308/308 288/1519
f 309/1584 311/311 310/310 308/1581
f 311/1590 313/313 312/312 310/1587
f 313/1596 315/315 314/314 312/1593
f 315/1602 244/1390 245/1393 314/1599
f 315/1603 316/316 264/1448 244/1391
f 316/1605 317/317 266/1453 264/1449
f 317/1607 318/318 268/1459 266/1454
f 318/1610 307/1577 270/1465 268/1460
f 307/1578 301/1560 272/1471 270/1466
f 301/1561 303/1566 274/1477 272/1472
f 303/1567 295/1541 260/1436 274/1478
f 256/1426 258/1430 293/1535 284/1507
f 293/1536 258/1431 260/1437 295/1542
f 315/1604 313/1597 317/1608 316/1606
f 313/1598 311/1591 318/1611 317/1609
f 312/1594 320/320 321/321 310/1588
f 307/1579 309/1585 300/1558
f 245/1394 248/1402 319/319 314/1600
f 319/1613 320/1615 312/1595 314/1601
f 289/1522 288/1520 308/1582
f 310/1589 321/1618 289/1523 308/1583
f 289/1524 321/1619 250/1407 252/1414
f 248/1403 262/1442 320/1616 319/1614
f 321/1620 320/1617 262/1443 250/1408
f 311/1592 309/1586 307/1580 318/1612
f 241/1381 323/323 322/322 240/1378
f 241/1382 242/1384 324/324 323/1624
f 217/1309 325/325 324/1627 242/1385
f 243/1387 326/326 325/1630 217/1310
f 219/1315 327/327 326/1633 243/1388
f 220/1318 328/328 327/1636 219/1316
f 239/1375 329/329 328/1639 220/1319
f 239/1376 240/1379 322/1621 329/1642
f 328/1640 331/331 330/330 327/1637
f 328/1641 329/1643 332/332 331/1648
f 327/1638 330/1645 333/333 326/1634
f 333/1656 334/334 325/1631 326/1635
f 334/1659 335/1664 324/1628 325/1632
f 324/1629 335/1665 336/1667 323/1625
f 336/1668 337/337 322/1622 323/1626
f 322/1623 337/1670 332/1653 329/1644
f 297/1547 338/338 339/339 296/1544
f 339/1676 340/340 290/1526 296/1545
f 340/1679 341/341 291/1529 290/1527
f 341/1682 342/342 298/1550 291/1530
f 342/1685 343/343 299/1553 298/1551
f 343/1688 344/344 306/1575 299/1554
f 344/1691 345/345 305/1572 306/1576
f 305/1573 345/1694 338/1673 297/1548
f 342/1686 347/347 346/346 343/1689
f 342/1687 341/1683 334/1660 347/1700
f 337/1671 336/1669 350/1709 351/351
f 340/1680 339/1677 350/1710 349/1706
f 339/1678 338/1674 351/1712 350/1711
f 338/1675 345/1695 348/348 351/1713
f 347/1701 334/1661 333/1657
f 334/1662 349/1707 335/1666
f 330/1646 346/1697 347/1702 333/1658
f 349/1708 334/1663 341/1684 340/1681
f 332/1654 337/1672 351/1714 348/1703
f 346/1698 331/1649 344/1692 343/1690
f 331/1650 332/1655 348/1704
f 345/1696 344/1693 331/1651 348/1705
f 346/1699 330/1647 331/1652
f 51/813 50/809 74/885
f 74/886 73/883 51/814
f 374/374 375/375 354/354 353/353
f 375/1787 363/363 356/356 354/1721
f 363/1750 369/369 358/358 356/1727
f 369/1768 368/368 361/361 358/1733
f 357/1731 363/1751 375/1788 355/1725
f 364/1754 365/365 362/362 360/1741
f 365/1756 366/366 367/367 362/1747
f 360/1742 368/1765 369/1769 359/1737
f 370/370 368/1766 360/1743 362/1748
f 359/1738 369/1770 363/1752 357/1732
f 371/371 373/373 372/372 361/1744
f 355/1726 375/1789 374/1784 352/1716
f 368/1767 370/1771 371/1774 361/1745
f 376/1791 377/377 365/1757 364/1755
f 378/1797 379/379 377/1793 376/1792
f 362/1749 367/1762 380/380 370/1772
f 366/1759 381/1807 382/382 367/1763
f 367/1764 382/1810 383/383 380/1802
f 379/1799 384/384 385/385 377/1794
f 377/1795 385/1819 366/1760 365/1758
f 387/1826 385/1820 384/1816 386/1823
f 385/1821 387/1827 381/1808 366/1761
f 379/1800 388/388 389/389 384/1817
f 384/1818 389/1831 390/1835 386/1824
f 391/1838 388/1828 379/1801 378/1798
f 383/1813 392/392 393/393 380/1803
f 380/1804 393/1843 371/1775 370/1773
f 393/1844 394/394 373/1781 371/1776
f 392/1840 395/395 394/1846 393/1845
f 373/1782 397/397 396/396 372/1777
f 394/1847 398/398 397/1855 373/1783
f 395/1849 399/399 398/1858 394/1848
f 361/1746 372/1778 400/400 358/1734
f 400/1864 401/401 356/1728 358/1735
f 372/1779 402/402 401/1866 400/1865
f 356/1729 401/1867 403/403 354/1722
f 354/1723 403/1875 404/404 353/1718
f 392/1841 406/406 405/405 395/1850
f 406/1885 408/408 407/407 405/1881
f 392/1842 383/1814 409/409 406/1886
f 383/1815 382/1811 410/410 409/1893
f 411/1900 410/1897 382/1812 381/1809
f 412/1903 409/1894 410/1898 411/1901
f 413/1906 414/414 409/1895 412/1904
f 409/1896 414/1908 408/1890 406/1887
f 418/418 419/419 416/416 415/415
f 419/1923 420/1927 417/1918 416/1914
f 422/422 423/423 408/1891 414/1909
f 421/1930 422/1932 414/1910 413/1907
f 422/1933 421/1931 420/1928 419/1924
f 423/1935 422/1934 419/1925 418/1920
f 407/1888 424/424 402/1870 405/1882
f 581/581 588/588 591/591 592/592
f 408/1892 423/1936 424/1938 407/1889
f 415/1911 427/427 426/426 418/1921
f 427/1948 429/429 428/428 426/1945
f 429/1954 404/1878 403/1876 428/1951
f 418/1922 426/1946 424/1939 423/1937
f 401/1868 425/425 428/1952 403/1877
f 426/1947 428/1953 425/1942 424/1940
f 372/1780 396/1852 430/430 402/1871
f 396/1853 432/432 431/431 430/1957
f 430/1958 433/433 405/1883 402/1872
f 405/1884 433/1966 399/1861 395/1851
f 396/1854 397/1856 434/434 432/1963
f 398/1859 435/435 434/1969 397/1857
f 399/1862 436/436 435/1972 398/1860
f 433/1967 437/437 436/1975 399/1863
f 430/1959 431/1960 437/1978 433/1968
f 436/1976 438/438 439/439 435/1973
f 438/1981 440/440 441/441 439/1984
f 439/1985 442/442 434/1970 435/1974
f 441/1990 443/443 442/1993 439/1986
f 442/1994 444/444 432/1964 434/1971
f 443/1996 445/445 444/1999 442/1995
f 444/2000 446/446 431/1961 432/1965
f 445/2002 447/447 446/2005 444/2001
f 446/2006 448/448 437/1979 431/1962
f 447/2008 449/449 448/2011 446/2007
f 437/1980 448/2012 438/1982 436/1977
f 448/2013 449/2014 440/1987 438/1983
f 440/1988 451/451 450/450 441/1991
f 450/2017 452/452 443/1997 441/1992
f 452/2023 453/453 445/2003 443/1998
f 449/2015 454/454 451/2020 440/1989
f 447/2009 455/455 454/2029 449/2016
f 452/2024 457/457 456/456 453/2026
f 445/2004 453/2027 455/2032 447/2010
f 453/2028 456/2035 458/458 455/2033
f 455/2034 458/2041 459/459 454/2030
f 454/2031 459/2044 460/460 451/2021
f 451/2022 460/2047 461/461 450/2018
f 450/2019 461/2050 457/2038 452/2025
f 457/2039 463/463 462/462 456/2036
f 461/2051 464/464 463/2056 457/2040
f 460/2048 465/465 464/2059 461/2052
f 459/2045 466/466 465/2062 460/2049
f 458/2042 467/467 466/2065 459/2046
f 456/2037 462/2053 467/2068 458/2043
f 492/492 494/494 486/486 483/483
f 488/488 489/489 473/473 469/469
f 489/2133 490/490 474/474 473/2088
f 490/2136 491/491 477/477 474/2091
f 468/468 479/479 478/478 472/472
f 478/2101 479/2104 496/496 495/495
f 478/2102 492/2142 493/493 472/2084
f 500/500 501/501 485/485 470/470
f 501/2168 502/502 481/481 485/2122
f 494/2149 495/2151 496/2153 486/2125
f 463/2057 464/2060 480/480 471/471
f 464/2061 465/2063 481/2110 480/2107
f 465/2064 466/2066 485/2123 481/2111
f 492/2143 478/2103 495/2152 494/2150
f 496/2154 479/2105 483/2116 486/2126
f 472/2085 493/2145 499/499 498/498
f 491/2139 490/2137 475/475 476/476
f 471/2081 487/487 462/2054 463/2058
f 487/2127 470/2078 467/2069 462/2055
f 470/2079 485/2124 466/2067 467/2070
f 492/2144 483/2117 497/497 493/2146
f 488/2130 472/2086 498/2159 489/2134
f 489/2135 498/2160 475/2094 490/2138
f 479/2106 468/2071 497/2155 483/2118
f 468/2072 471/2082 480/2108 497/2156
f 501/2169 500/2165 469/2075 484/484
f 502/2171 501/2170 484/2119 482/482
f 471/2083 468/2073 503/503 487/2128
f 487/2129 503/2174 500/2166 470/2080
f 472/2087 488/2131 503/2175 468/2074
f 503/2176 488/2132 469/2076 500/2167
f 481/2112 502/2172 497/2157 480/2109
f 502/2173 482/2113 493/2147 497/2158
f 475/2095 505/505 504/504 476/2097
f 498/2161 499/2162 505/2179 475/2096
f 505/2180 507/507 506/506 504/2177
f 499/2163 508/508 507/2185 505/2181
f 493/2148 482/2114 508/2188 499/2164
f 507/2186 510/510 509/509 506/2182
f 508/2189 511/511 510/2193 507/2187
f 482/2115 484/2120 511/2196 508/2190
f 484/2121 469/2077 473/2089 511/2197
f 511/2198 473/2090 474/2092 510/2194
f 474/2093 477/2099 509/2191 510/2195
f 477/2100 491/2140 506/2183 509/2192
f 491/2141 476/2098 504/2178 506/2184
f 389/1832 513/513 512/2200 390/1836
f 389/1833 388/1829 514/514 513/2202
f 515/2209 514/2205 388/1830 391/1839
f 513/2203 516/516 517/2215 512/2201
f 513/2204 514/2206 518/518 516/2211
f 519/2221 518/2217 514/2207 515/2210
f 516/2212 521/521 520/2224 517/2216
f 522/2230 523/523 518/2218 519/2222
f 525/2239 524/524 523/2232 522/2231
f 518/2219 523/2233 521/2226 516/2213
f 546/2301 548/548 536/536 538/2279
f 527/527 529/529 528/2248 526/2242
f 543/2293 544/544 531/531 530/2254
f 527/2244 533/533 532/532 529/2250
f 533/2262 534/534 535/535 532/2258
f 521/2227 523/2234 541/541 547/547
f 534/2268 537/537 536/2273 535/2271
f 537/2276 539/2282 538/2280 536/2274
f 544/2295 545/545 540/540 531/2256
f 540/2284 548/2306 546/2302 542/2290
f 540/2285 542/2291 530/2255 531/2257
f 533/2263 527/2245 547/2303 541/2287
f 545/2298 544/2296 529/2251 532/2259
f 549/2310 547/2304 527/2246 526/2243
f 520/2225 521/2228 547/2305 549/2311
f 536/2275 548/2307 532/2260 535/2272
f 540/2286 545/2299 532/2261 548/2308
f 523/2235 524/2236 533/2264 541/2288
f 544/2297 543/2294 528/2249 529/2252
f 550/2313 533/2265 524/2237 525/2240
f 534/2269 551/2317 539/2283 537/2277
f 551/2318 533/2266 550/2314
f 551/2319 534/2270 533/2267
f 374/1785 552/552 553/2324 352/1717
f 374/1786 353/1719 554/554 552/2320
f 552/2321 555/555 556/2333 553/2325
f 555/2329 557/557 558/2339 556/2334
f 552/2322 554/2326 559/559 555/2330
f 353/1720 404/1879 560/560 554/2327
f 404/1880 429/1955 561/561 560/2344
f 429/1956 427/1949 562/562 561/2347
f 427/1950 415/1912 563/563 562/2350
f 415/1913 416/1915 564/564 563/2353
f 565/2360 564/2356 416/1916 417/1919
f 555/2331 559/2341 566/566 557/2335
f 573/573 594/594 570/570 569/569
f 557/2336 566/2362 569/2371 567/567
f 569/2372 570/2374 571/571 567/2365
f 566/2363 572/572 573/2383 569/2373
f 554/2328 560/2345 574/574 559/2342
f 559/2343 574/2386 572/2380 566/2364
f 572/2381 576/576 575/575 573/2384
f 574/2387 577/577 576/2392 572/2382
f 560/2346 561/2348 577/2395 574/2388
f 576/2393 579/579 578/578 575/2389
f 577/2396 580/580 579/2401 576/2394
f 561/2349 562/2351 580/2404 577/2397
f 579/2402 582/582 581/2407 578/2398
f 580/2405 583/583 582/2410 579/2403
f 562/2352 563/2354 583/2413 580/2406
f 563/2355 564/2357 584/584 583/2414
f 585/2420 584/2416 564/2358 565/2361
f 587/2426 586/586 584/2417 585/2421
f 584/2418 586/2422 582/2411 583/2415
f 589/2434 588/2428 586/2423 587/2427
f 586/2424 588/2429 581/2408 582/2412
f 589/2435 590/590 591/2441 588/2430
f 4/4 6/6 66/66 62/62
f 581/2409 592/2444 593/593 578/2399
f 575/2390 568/568 594/2450 573/2385
f 578/2400 593/2447 568/2368 575/2391
f 557/2337 567/2366 589/2436 558/2340
f 567/2367 571/2377 590/2438 589/2437
f 595/595 596/596 597/597 598/598
f 596/2456 599/599 600/600 597/2459
f 601/601 602/602 614/614 613/613
f 601/2470 603/603 604/604 602/2473
f 603/2476 605/605 606/606 604/2479
f 605/2482 607/607 608/608 606/2485
f 607/2488 609/609 610/610 608/2491
f 609/2493 611/611 612/612 610/2496
f 600/2468 599/2465 613/2505 614/2508
f 598/2462 616/616 615/615 595/2453
f 616/2514 618/618 617/617 615/2511
f 618/2519 620/620 619/619 617/2516
f 620/2525 622/622 621/621 619/2522
f 622/2531 624/624 623/623 621/2528
f 624/2537 626/626 625/625 623/2534
f 626/2543 612/2502 611/2499 625/2540
f 600/2469 614/2509 627/627 597/2460
f 597/2461 627/2545 628/628 598/2463
f 598/2464 628/2548 618/2520 616/2515
f 602/2474 629/629 627/2546 614/2510
f 629/2551 630/630 628/2549 627/2547
f 628/2550 630/2554 620/2526 618/2521
f 604/2480 631/631 629/2552 602/2475
f 631/2557 632/632 630/2555 629/2553
f 630/2556 632/2560 622/2532 620/2527
f 622/2533 632/2561 633/633 624/2538
f 604/2481 606/2486 634/634 631/2558
f 631/2559 634/2566 633/2563 632/2562
f 624/2539 633/2564 612/2503 626/2544
f 608/2492 610/2497 634/2567 606/2487
f 633/2565 634/2568 610/2498 612/2504
f 605/2483 636/636 635/635 607/2489
f 636/2572 638/638 637/637 635/2569
f 636/2573 640/640 639/639 638/2578
f 605/2484 603/2477 640/2585 636/2574
f 638/2579 642/642 641/641 637/2575
f 637/2576 643/643 644/644 635/2570
f 643/2595 645/645 646/646 644/2598
f 641/2589 647/647 643/2596 637/2577
f 647/2607 648/648 645/2601 643/2597
f 639/2581 649/649 642/2592 638/2580
f 639/2582 651/651 650/650 649/2613
f 655/655 653/653 652/652 654/654
f 645/2602 655/2632 654/2629 646/2604
f 648/2610 656/656 655/2633 645/2603
f 655/2634 656/2635 657/657 653/2626
f 651/2619 653/2627 657/2638 650/2616
f 651/2620 658/658 652/2623 653/2628
f 639/2583 238/238 236/236 651/2621
f 238/1371 234/234 214/214 236/1365
f 234/1359 207/207 205/205 214/1299
f 207/1278 202/202 200/200 205/1272
f 202/1263 596/2457 595/2454 200/1257
f 595/2455 615/2512 199/199 200/1258
f 615/2513 617/2517 198/198 199/1255
f 617/2518 619/2523 195/195 198/1252
f 619/2524 621/2529 658/2641 195/1243
f 621/2530 623/2535 652/2624 658/2642
f 623/2536 625/2541 654/2630 652/2625
f 625/2542 611/2500 646/2605 654/2631
f 635/2571 644/2599 609/2494 607/2490
f 646/2606 611/2501 609/2495 644/2600
f 199/1256 198/1253 205/1273 200/1259
f 198/1254 195/1244 214/1300 205/1274
f 234/1360 188/188 191/191 207/1279
f 651/2622 236/1366 658/2643
f 202/1264 192/192 599/2466 596/2458
f 202/1265 207/1280 191/1233 192/1236
f 238/1372 639/2584 640/2586
f 238/1373 640/2587 188/1225 234/1361
f 603/2478 601/2471 188/1226 640/2588
f 192/1237 191/1234 613/2506 599/2467
f 601/2472 613/2507 191/1235 188/1227
f 195/1245 658/2644 236/1367 214/1301
f 591/2442 187/187 179/179 592/2445
f 179/1197 177/177 593/2448 592/2446
f 593/2449 177/1191 175/175 568/2369
f 568/2370 175/1185 174/174 594/2451
f 594/2452 174/1182 171/171 570/2375
f 570/2376 171/1173 169/169 571/2378
f 571/2379 169/1167 168/168 590/2439
f 168/1164 187/1222 591/2443 590/2440
f 171/1174 166/166 164/164 169/1168
f 164/1150 161/161 168/1165 169/1169
f 174/1183 70/70 166/1158 171/1175
f 174/1184 175/1186 69/69 70/871
f 175/1187 177/1192 66/857 69/866
f 179/1198 62/845 66/858 177/1193
f 179/1199 187/1223 61/61 62/846
f 168/1166 161/1141 61/842 187/1224
f 647/2608 40/40 60/60 648/2611
f 647/2609 641/2590 39/39 40/777
f 641/2591 642/2593 36/36 39/774
f 642/2594 649/2614 35/35 36/765
f 649/2615 650/2617 30/30 35/762
f 650/2618 657/2639 27/27 30/747
f 657/2640 656/2636 25/25 27/738
f 648/2612 60/839 25/732 656/2637
f 30/748 13/13 9/9 35/763
f 9/683 69/867 36/766 35/764
f 1/1 4/668 62/847 61/843
f 6/674 4/669 40/778 39/775
f 4/670 1/659 60/840 40/779
f 1/660 8/8 25/733 60/841
f 70/872 69/868 9/684
f 66/859 6/675 69/869
f 70/873 9/685 13/695 166/1159
f 39/776 36/767 69/870 6/676
f 8/680 1/661 61/844 161/1142
f 30/749 27/739 164/1151 13/696
f 8/681 161/1143 164/1152
f 8/682 164/1153 27/740 25/734
f 164/1154 166/1160 13/697
f 425/1943 401/1869 402/1873
f 402/1874 424/1941 425/1944
